req_len,is_post,num_params,special_chars,sql_count,xss_count,trav_count,alpha_count,digit_count,non_ascii
767.0,0.0,19.0,65.0,1.0,0.0,0.0,523.0,88.0,0.0
658.0,1.0,11.0,45.0,1.0,0.0,0.0,447.0,66.0,0.0
491.0,0.0,6.0,32.0,1.0,0.0,0.0,329.0,45.0,0.0
488.0,0.0,6.0,32.0,1.0,0.0,0.0,324.0,49.0,0.0
655.0,1.0,11.0,48.0,1.0,0.0,0.0,441.0,68.0,0.0
639.0,1.0,11.0,46.0,1.0,0.0,0.0,443.0,53.0,0.0
753.0,0.0,19.0,64.0,1.0,0.0,0.0,511.0,88.0,0.0
696.0,1.0,11.0,56.0,1.0,0.0,0.0,466.0,75.0,0.0
573.0,0.0,11.0,44.0,1.0,0.0,0.0,383.0,60.0,0.0
598.0,0.0,9.0,54.0,2.0,0.0,0.0,373.0,83.0,0.0
880.0,1.0,19.0,80.0,2.0,0.0,0.0,563.0,128.0,0.0
599.0,1.0,7.0,36.0,1.0,0.0,0.0,413.0,53.0,0.0
827.0,1.0,19.0,61.0,1.0,0.0,0.0,569.0,91.0,0.0
671.0,0.0,11.0,57.0,1.0,0.0,0.0,439.0,92.0,0.0
631.0,1.0,11.0,45.0,1.0,0.0,0.0,423.0,65.0,0.0
513.0,0.0,7.0,35.0,1.0,0.0,0.0,340.0,55.0,0.0
782.0,1.0,9.0,57.0,2.0,1.0,0.0,530.0,88.0,0.0
537.0,0.0,9.0,39.0,2.0,0.0,0.0,354.0,61.0,0.0
738.0,0.0,19.0,61.0,1.0,0.0,0.0,495.0,94.0,0.0
494.0,0.0,6.0,33.0,1.0,0.0,0.0,332.0,46.0,0.0
491.0,0.0,6.0,32.0,1.0,0.0,0.0,327.0,47.0,0.0
850.0,0.0,19.0,85.0,2.0,0.0,0.0,536.0,133.0,0.0
806.0,1.0,19.0,63.0,1.0,0.0,0.0,548.0,93.0,0.0
516.0,0.0,7.0,36.0,1.0,0.0,0.0,349.0,48.0,0.0
782.0,0.0,19.0,72.0,1.0,0.0,0.0,521.0,102.0,0.0
518.0,0.0,6.0,35.0,1.0,0.0,0.0,351.0,45.0,0.0
617.0,0.0,11.0,54.0,1.0,0.0,0.0,405.0,72.0,0.0
778.0,0.0,19.0,64.0,1.0,0.0,0.0,529.0,90.0,0.0
801.0,1.0,19.0,62.0,1.0,0.0,0.0,544.0,94.0,0.0
526.0,0.0,6.0,35.0,1.0,0.0,0.0,353.0,52.0,0.0
843.0,1.0,19.0,64.0,1.0,0.0,0.0,586.0,86.0,0.0
662.0,1.0,7.0,43.0,1.0,0.0,0.0,439.0,82.0,0.0
543.0,0.0,9.0,39.0,2.0,0.0,0.0,355.0,64.0,0.0
570.0,0.0,11.0,44.0,1.0,0.0,0.0,379.0,61.0,0.0
774.0,0.0,19.0,64.0,1.0,0.0,0.0,530.0,88.0,0.0
821.0,1.0,19.0,67.0,1.0,0.0,0.0,549.0,102.0,0.0
900.0,1.0,19.0,67.0,3.0,0.0,0.0,626.0,94.0,0.0
840.0,1.0,19.0,62.0,1.0,0.0,0.0,583.0,89.0,0.0
816.0,1.0,19.0,64.0,1.0,0.0,0.0,555.0,94.0,0.0
512.0,0.0,6.0,33.0,1.0,0.0,0.0,325.0,71.0,0.0
504.0,0.0,6.0,33.0,1.0,0.0,0.0,340.0,46.0,0.0
765.0,0.0,19.0,63.0,1.0,0.0,0.0,522.0,89.0,0.0
536.0,0.0,6.0,34.0,1.0,0.0,0.0,353.0,64.0,0.0
830.0,1.0,19.0,62.0,1.0,0.0,0.0,573.0,90.0,0.0
1097.0,0.0,7.0,144.0,1.0,0.0,0.0,423.0,444.0,0.0
636.0,1.0,11.0,43.0,1.0,0.0,0.0,438.0,58.0,0.0
614.0,0.0,11.0,53.0,1.0,0.0,0.0,404.0,74.0,0.0
632.0,1.0,7.0,47.0,4.0,0.0,0.0,418.0,66.0,0.0
636.0,1.0,11.0,43.0,1.0,0.0,0.0,440.0,57.0,0.0
745.0,0.0,19.0,61.0,1.0,0.0,0.0,515.0,80.0,0.0
635.0,1.0,11.0,44.0,1.0,0.0,0.0,441.0,53.0,0.0
631.0,0.0,11.0,61.0,2.0,0.0,0.0,396.0,88.0,0.0
630.0,0.0,11.0,49.0,1.0,0.0,0.0,413.0,84.0,0.0
638.0,1.0,7.0,45.0,1.0,0.0,0.0,426.0,70.0,0.0
778.0,0.0,19.0,64.0,1.0,0.0,0.0,527.0,96.0,0.0
821.0,1.0,19.0,62.0,1.0,0.0,0.0,569.0,88.0,0.0
814.0,1.0,19.0,63.0,1.0,0.0,0.0,554.0,94.0,0.0
483.0,0.0,6.0,31.0,1.0,0.0,0.0,323.0,47.0,0.0
594.0,0.0,7.0,40.0,1.0,0.0,0.0,383.0,86.0,0.0
866.0,1.0,19.0,67.0,3.0,0.0,0.0,587.0,99.0,0.0
521.0,0.0,6.0,34.0,1.0,0.0,0.0,354.0,46.0,0.0
813.0,1.0,19.0,63.0,1.0,0.0,0.0,563.0,86.0,0.0
767.0,0.0,19.0,62.0,1.0,0.0,0.0,525.0,89.0,0.0
525.0,0.0,6.0,34.0,1.0,0.0,0.0,339.0,68.0,0.0
869.0,0.0,19.0,78.0,1.0,0.0,0.0,565.0,138.0,0.0
865.0,1.0,19.0,71.0,3.0,0.0,0.0,584.0,103.0,0.0
593.0,0.0,11.0,45.0,2.0,0.0,0.0,404.0,55.0,0.0
862.0,0.0,19.0,76.0,1.0,0.0,0.0,565.0,132.0,0.0
650.0,1.0,7.0,38.0,1.0,0.0,0.0,434.0,80.0,0.0
677.0,1.0,7.0,40.0,3.0,0.0,0.0,469.0,59.0,0.0
849.0,1.0,19.0,64.0,1.0,0.0,0.0,587.0,94.0,0.0
613.0,1.0,9.0,40.0,2.0,0.0,0.0,420.0,55.0,0.0
535.0,0.0,7.0,40.0,1.0,0.0,0.0,349.0,61.0,0.0
507.0,0.0,6.0,33.0,1.0,0.0,0.0,337.0,51.0,0.0
569.0,0.0,11.0,44.0,1.0,0.0,0.0,383.0,58.0,0.0
703.0,1.0,11.0,54.0,1.0,0.0,0.0,462.0,91.0,0.0
735.0,0.0,19.0,62.0,1.0,0.0,0.0,506.0,79.0,0.0
547.0,0.0,7.0,44.0,2.0,0.0,0.0,348.0,69.0,0.0
857.0,1.0,19.0,71.0,2.0,0.0,0.0,584.0,98.0,0.0
630.0,0.0,11.0,54.0,1.0,0.0,0.0,406.0,87.0,0.0
810.0,1.0,19.0,62.0,1.0,0.0,0.0,555.0,91.0,0.0
836.0,1.0,19.0,63.0,1.0,0.0,0.0,579.0,90.0,0.0
566.0,0.0,9.0,49.0,5.0,0.0,0.0,365.0,65.0,0.0
641.0,1.0,11.0,43.0,1.0,0.0,0.0,449.0,52.0,0.0
528.0,0.0,6.0,35.0,1.0,0.0,0.0,363.0,46.0,0.0
806.0,0.0,19.0,66.0,3.0,0.0,0.0,547.0,92.0,0.0
494.0,0.0,6.0,31.0,1.0,0.0,0.0,331.0,46.0,0.0
776.0,0.0,19.0,64.0,1.0,0.0,0.0,529.0,89.0,0.0
833.0,1.0,19.0,63.0,1.0,0.0,0.0,568.0,95.0,0.0
628.0,1.0,11.0,44.0,1.0,0.0,0.0,433.0,55.0,0.0
619.0,0.0,11.0,60.0,2.0,0.0,0.0,388.0,84.0,0.0
813.0,1.0,19.0,65.0,1.0,0.0,0.0,552.0,92.0,0.0
649.0,1.0,11.0,47.0,1.0,0.0,0.0,436.0,67.0,0.0
613.0,0.0,7.0,43.0,1.0,0.0,0.0,410.0,74.0,0.0
697.0,1.0,11.0,48.0,1.0,0.0,0.0,460.0,89.0,0.0
568.0,0.0,11.0,43.0,1.0,0.0,0.0,388.0,54.0,0.0
640.0,1.0,11.0,45.0,1.0,0.0,0.0,435.0,61.0,0.0
494.0,0.0,6.0,32.0,1.0,0.0,0.0,325.0,53.0,0.0
572.0,0.0,11.0,45.0,1.0,0.0,0.0,393.0,51.0,0.0
517.0,0.0,6.0,34.0,1.0,0.0,0.0,345.0,52.0,0.0
634.0,1.0,11.0,45.0,1.0,0.0,0.0,433.0,60.0,0.0
672.0,1.0,9.0,44.0,4.0,0.0,0.0,450.0,70.0,0.0
558.0,0.0,11.0,44.0,1.0,0.0,0.0,370.0,60.0,0.0
579.0,0.0,11.0,46.0,1.0,0.0,0.0,396.0,54.0,0.0
841.0,1.0,19.0,64.0,1.0,0.0,0.0,570.0,100.0,0.0
822.0,1.0,19.0,63.0,1.0,0.0,0.0,559.0,95.0,0.0
513.0,0.0,7.0,35.0,1.0,0.0,0.0,352.0,43.0,0.0
700.0,1.0,11.0,52.0,1.0,0.0,0.0,475.0,72.0,0.0
818.0,1.0,19.0,61.0,1.0,0.0,0.0,558.0,96.0,0.0
651.0,0.0,11.0,64.0,2.0,0.0,0.0,398.0,102.0,0.0
778.0,0.0,19.0,73.0,4.0,0.0,0.0,517.0,95.0,0.0
761.0,0.0,19.0,62.0,1.0,0.0,0.0,515.0,93.0,0.0
578.0,0.0,7.0,40.0,1.0,0.0,0.0,374.0,79.0,0.0
517.0,0.0,6.0,35.0,1.0,0.0,0.0,349.0,47.0,0.0
763.0,0.0,19.0,63.0,1.0,0.0,0.0,515.0,94.0,0.0
750.0,0.0,19.0,63.0,1.0,0.0,0.0,511.0,86.0,0.0
493.0,0.0,6.0,32.0,1.0,0.0,0.0,327.0,49.0,0.0
753.0,0.0,19.0,63.0,1.0,0.0,0.0,505.0,96.0,0.0
773.0,0.0,19.0,61.0,1.0,0.0,0.0,529.0,86.0,0.0
571.0,0.0,11.0,44.0,1.0,0.0,0.0,384.0,60.0,0.0
567.0,0.0,11.0,43.0,1.0,0.0,0.0,390.0,50.0,0.0
719.0,1.0,11.0,51.0,3.0,0.0,0.0,486.0,71.0,0.0
764.0,0.0,19.0,64.0,1.0,0.0,0.0,513.0,93.0,0.0
637.0,0.0,11.0,44.0,1.0,0.0,0.0,439.0,59.0,0.0
528.0,0.0,6.0,34.0,1.0,0.0,0.0,341.0,70.0,0.0
736.0,0.0,19.0,60.0,1.0,0.0,0.0,499.0,89.0,0.0
763.0,0.0,19.0,63.0,1.0,0.0,0.0,517.0,92.0,0.0
513.0,0.0,6.0,34.0,1.0,0.0,0.0,336.0,58.0,0.0
756.0,0.0,19.0,64.0,1.0,0.0,0.0,509.0,90.0,0.0
566.0,0.0,11.0,43.0,1.0,0.0,0.0,380.0,60.0,0.0
808.0,0.0,19.0,76.0,4.0,0.0,0.0,530.0,107.0,0.0
816.0,1.0,19.0,62.0,1.0,0.0,0.0,562.0,90.0,0.0
832.0,1.0,19.0,62.0,1.0,0.0,0.0,578.0,90.0,0.0
630.0,0.0,11.0,49.0,1.0,0.0,0.0,403.0,91.0,0.0
630.0,1.0,11.0,43.0,1.0,0.0,0.0,445.0,46.0,0.0
825.0,1.0,19.0,61.0,1.0,0.0,0.0,576.0,85.0,0.0
541.0,0.0,9.0,40.0,2.0,0.0,0.0,364.0,52.0,0.0
817.0,1.0,19.0,62.0,1.0,0.0,0.0,560.0,92.0,0.0
527.0,0.0,6.0,34.0,1.0,0.0,0.0,341.0,68.0,0.0
698.0,1.0,11.0,49.0,1.0,0.0,0.0,456.0,93.0,0.0
817.0,1.0,19.0,65.0,1.0,0.0,0.0,563.0,87.0,0.0
579.0,0.0,11.0,49.0,1.0,0.0,0.0,375.0,68.0,0.0
848.0,1.0,19.0,66.0,1.0,0.0,0.0,586.0,93.0,0.0
605.0,0.0,7.0,45.0,1.0,0.0,0.0,388.0,88.0,0.0
647.0,1.0,7.0,41.0,1.0,0.0,0.0,428.0,81.0,0.0
762.0,0.0,19.0,62.0,1.0,0.0,0.0,516.0,95.0,0.0
642.0,1.0,11.0,44.0,1.0,0.0,0.0,433.0,66.0,0.0
576.0,0.0,11.0,46.0,1.0,0.0,0.0,380.0,64.0,0.0
818.0,1.0,19.0,63.0,1.0,0.0,0.0,572.0,79.0,0.0
753.0,0.0,19.0,63.0,1.0,0.0,0.0,509.0,90.0,0.0
576.0,1.0,7.0,36.0,1.0,0.0,0.0,393.0,51.0,0.0
609.0,0.0,9.0,39.0,2.0,0.0,0.0,418.0,55.0,0.0
825.0,1.0,19.0,62.0,1.0,0.0,0.0,561.0,94.0,0.0
767.0,0.0,19.0,62.0,1.0,0.0,0.0,525.0,88.0,0.0
837.0,1.0,19.0,62.0,1.0,0.0,0.0,575.0,96.0,0.0
748.0,0.0,19.0,64.0,1.0,0.0,0.0,502.0,92.0,0.0
709.0,1.0,11.0,54.0,1.0,0.0,0.0,463.0,93.0,0.0
604.0,0.0,9.0,39.0,2.0,0.0,0.0,416.0,54.0,0.0
545.0,0.0,9.0,40.0,2.0,0.0,0.0,370.0,50.0,0.0
572.0,0.0,11.0,45.0,1.0,0.0,0.0,390.0,54.0,0.0
847.0,0.0,19.0,71.0,1.0,0.0,0.0,557.0,125.0,0.0
536.0,0.0,9.0,39.0,2.0,0.0,0.0,360.0,54.0,0.0
528.0,0.0,6.0,35.0,1.0,0.0,0.0,355.0,51.0,0.0
502.0,0.0,6.0,32.0,1.0,0.0,0.0,334.0,50.0,0.0
641.0,0.0,11.0,46.0,1.0,0.0,0.0,437.0,60.0,0.0
782.0,0.0,19.0,68.0,1.0,0.0,0.0,497.0,129.0,0.0
823.0,0.0,19.0,77.0,2.0,0.0,0.0,544.0,111.0,0.0
880.0,1.0,19.0,71.0,1.0,0.0,0.0,603.0,99.0,0.0
761.0,0.0,19.0,63.0,1.0,0.0,0.0,517.0,90.0,0.0
625.0,1.0,11.0,43.0,1.0,0.0,0.0,436.0,49.0,0.0
666.0,1.0,7.0,43.0,1.0,0.0,0.0,443.0,81.0,0.0
773.0,0.0,19.0,63.0,1.0,0.0,0.0,527.0,91.0,0.0
586.0,0.0,9.0,48.0,3.0,0.0,0.0,380.0,70.0,0.0
641.0,1.0,11.0,45.0,1.0,0.0,0.0,432.0,63.0,0.0
820.0,0.0,19.0,74.0,1.0,0.0,0.0,535.0,119.0,0.0
499.0,0.0,6.0,33.0,1.0,0.0,0.0,336.0,45.0,0.0
825.0,1.0,19.0,63.0,1.0,0.0,0.0,563.0,94.0,0.0
555.0,0.0,11.0,43.0,1.0,0.0,0.0,373.0,55.0,0.0
767.0,0.0,19.0,62.0,1.0,0.0,0.0,529.0,85.0,0.0
905.0,1.0,19.0,70.0,1.0,0.0,0.0,608.0,119.0,0.0
858.0,1.0,19.0,72.0,3.0,0.0,0.0,582.0,98.0,0.0
637.0,1.0,11.0,43.0,1.0,0.0,0.0,444.0,54.0,0.0
539.0,0.0,9.0,40.0,2.0,0.0,0.0,357.0,59.0,0.0
607.0,1.0,9.0,39.0,2.0,0.0,0.0,420.0,52.0,0.0
810.0,0.0,19.0,73.0,1.0,0.0,0.0,537.0,110.0,0.0
793.0,0.0,19.0,67.0,1.0,0.0,0.0,515.0,123.0,0.0
770.0,0.0,19.0,65.0,1.0,0.0,0.0,514.0,98.0,0.0
568.0,0.0,11.0,44.0,1.0,0.0,0.0,392.0,49.0,0.0
758.0,0.0,19.0,67.0,1.0,0.0,0.0,508.0,94.0,0.0
834.0,1.0,19.0,61.0,1.0,0.0,0.0,569.0,99.0,0.0
635.0,0.0,11.0,44.0,1.0,0.0,0.0,436.0,57.0,0.0
846.0,1.0,19.0,64.0,1.0,0.0,0.0,581.0,96.0,0.0
873.0,1.0,19.0,76.0,2.0,0.0,0.0,580.0,113.0,0.0
748.0,0.0,19.0,63.0,1.0,0.0,0.0,508.0,85.0,0.0
641.0,1.0,11.0,44.0,1.0,0.0,0.0,438.0,63.0,0.0
543.0,0.0,9.0,39.0,2.0,0.0,0.0,366.0,52.0,0.0
639.0,1.0,11.0,43.0,1.0,0.0,0.0,443.0,56.0,0.0
823.0,0.0,19.0,68.0,1.0,0.0,0.0,553.0,112.0,0.0
797.0,0.0,19.0,72.0,3.0,0.0,0.0,522.0,106.0,0.0
763.0,0.0,19.0,62.0,1.0,0.0,0.0,529.0,80.0,0.0
496.0,0.0,6.0,34.0,1.0,0.0,0.0,328.0,51.0,0.0
744.0,0.0,19.0,63.0,1.0,0.0,0.0,502.0,90.0,0.0
641.0,1.0,11.0,46.0,1.0,0.0,0.0,434.0,61.0,0.0
514.0,0.0,6.0,34.0,1.0,0.0,0.0,346.0,50.0,0.0
808.0,0.0,19.0,75.0,4.0,0.0,0.0,531.0,103.0,0.0
865.0,1.0,19.0,68.0,1.0,0.0,0.0,597.0,93.0,0.0
811.0,1.0,19.0,62.0,1.0,0.0,0.0,557.0,88.0,0.0
827.0,1.0,19.0,61.0,1.0,0.0,0.0,574.0,87.0,0.0
760.0,0.0,19.0,61.0,1.0,0.0,0.0,521.0,86.0,0.0
584.0,0.0,7.0,35.0,1.0,0.0,0.0,405.0,48.0,0.0
771.0,0.0,19.0,62.0,1.0,0.0,0.0,530.0,86.0,0.0
513.0,0.0,6.0,35.0,1.0,0.0,0.0,344.0,50.0,0.0
802.0,1.0,11.0,61.0,1.0,1.0,0.0,553.0,83.0,0.0
741.0,0.0,19.0,62.0,1.0,0.0,0.0,502.0,86.0,0.0
587.0,0.0,9.0,48.0,3.0,0.0,0.0,378.0,71.0,0.0
599.0,0.0,7.0,48.0,4.0,0.0,0.0,396.0,63.0,0.0
748.0,0.0,19.0,68.0,1.0,0.0,0.0,488.0,101.0,0.0
648.0,1.0,11.0,47.0,1.0,0.0,0.0,437.0,68.0,0.0
845.0,1.0,19.0,66.0,1.0,0.0,0.0,580.0,93.0,0.0
757.0,1.0,7.0,53.0,1.0,1.0,0.0,520.0,78.0,0.0
826.0,1.0,19.0,65.0,1.0,0.0,0.0,567.0,92.0,0.0
912.0,1.0,19.0,71.0,1.0,0.0,0.0,605.0,129.0,0.0
644.0,1.0,11.0,45.0,1.0,0.0,0.0,436.0,67.0,0.0
629.0,1.0,11.0,44.0,1.0,0.0,0.0,437.0,52.0,0.0
869.0,1.0,19.0,75.0,4.0,0.0,0.0,580.0,109.0,0.0
811.0,1.0,19.0,63.0,1.0,0.0,0.0,554.0,94.0,0.0
639.0,1.0,11.0,45.0,1.0,0.0,0.0,436.0,62.0,0.0
642.0,1.0,11.0,44.0,1.0,0.0,0.0,439.0,63.0,0.0
640.0,1.0,7.0,47.0,2.0,0.0,0.0,414.0,79.0,0.0
800.0,0.0,19.0,68.0,1.0,0.0,0.0,513.0,132.0,0.0
652.0,1.0,7.0,53.0,2.0,0.0,0.0,413.0,87.0,0.0
797.0,1.0,19.0,63.0,1.0,0.0,0.0,540.0,93.0,0.0
573.0,0.0,11.0,46.0,1.0,0.0,0.0,386.0,55.0,0.0
737.0,0.0,19.0,64.0,2.0,0.0,0.0,497.0,86.0,0.0
502.0,0.0,6.0,33.0,1.0,0.0,0.0,330.0,56.0,0.0
618.0,0.0,11.0,48.0,1.0,0.0,0.0,403.0,83.0,0.0
534.0,0.0,7.0,35.0,1.0,0.0,0.0,373.0,42.0,0.0
558.0,0.0,9.0,40.0,3.0,0.0,0.0,375.0,57.0,0.0
806.0,1.0,11.0,62.0,1.0,1.0,0.0,545.0,91.0,0.0
743.0,0.0,19.0,61.0,1.0,0.0,0.0,501.0,89.0,0.0
820.0,1.0,19.0,64.0,1.0,0.0,0.0,563.0,90.0,0.0
826.0,1.0,19.0,65.0,1.0,0.0,0.0,565.0,93.0,0.0
833.0,1.0,19.0,64.0,1.0,0.0,0.0,575.0,90.0,0.0
679.0,1.0,9.0,49.0,2.0,0.0,0.0,441.0,93.0,0.0
747.0,0.0,19.0,64.0,1.0,0.0,0.0,498.0,95.0,0.0
535.0,0.0,9.0,39.0,2.0,0.0,0.0,359.0,54.0,0.0
495.0,0.0,6.0,32.0,1.0,0.0,0.0,331.0,46.0,0.0
738.0,0.0,19.0,63.0,1.0,0.0,0.0,499.0,88.0,0.0
637.0,1.0,11.0,45.0,1.0,0.0,0.0,441.0,52.0,0.0
658.0,1.0,11.0,49.0,1.0,0.0,0.0,437.0,71.0,0.0
821.0,1.0,19.0,63.0,1.0,0.0,0.0,560.0,96.0,0.0
573.0,0.0,11.0,43.0,1.0,0.0,0.0,388.0,59.0,0.0
762.0,0.0,19.0,61.0,1.0,0.0,0.0,518.0,91.0,0.0
824.0,1.0,19.0,63.0,1.0,0.0,0.0,564.0,93.0,0.0
740.0,0.0,19.0,61.0,1.0,0.0,0.0,506.0,84.0,0.0
637.0,0.0,11.0,53.0,1.0,0.0,0.0,405.0,95.0,0.0
771.0,0.0,19.0,67.0,1.0,0.0,0.0,519.0,92.0,0.0
640.0,1.0,11.0,45.0,1.0,0.0,0.0,436.0,60.0,0.0
820.0,1.0,19.0,66.0,1.0,0.0,0.0,552.0,99.0,0.0
827.0,1.0,19.0,66.0,1.0,0.0,0.0,564.0,94.0,0.0
525.0,0.0,6.0,34.0,1.0,0.0,0.0,349.0,55.0,0.0
591.0,0.0,9.0,48.0,4.0,0.0,0.0,388.0,65.0,0.0
752.0,0.0,19.0,62.0,1.0,0.0,0.0,506.0,96.0,0.0
571.0,0.0,11.0,44.0,1.0,0.0,0.0,390.0,54.0,0.0
647.0,1.0,11.0,47.0,1.0,0.0,0.0,449.0,55.0,0.0
642.0,0.0,11.0,64.0,2.0,0.0,0.0,395.0,97.0,0.0
497.0,0.0,6.0,33.0,1.0,0.0,0.0,333.0,49.0,0.0
514.0,0.0,6.0,34.0,1.0,0.0,0.0,347.0,48.0,0.0
568.0,0.0,7.0,39.0,1.0,0.0,0.0,365.0,80.0,0.0
614.0,1.0,9.0,40.0,2.0,0.0,0.0,420.0,56.0,0.0
571.0,0.0,11.0,45.0,1.0,0.0,0.0,373.0,67.0,0.0
572.0,0.0,7.0,45.0,4.0,0.0,0.0,377.0,62.0,0.0
573.0,0.0,11.0,44.0,1.0,0.0,0.0,380.0,63.0,0.0
589.0,0.0,7.0,43.0,1.0,0.0,0.0,365.0,97.0,0.0
579.0,0.0,7.0,35.0,1.0,0.0,0.0,392.0,57.0,0.0
813.0,1.0,19.0,62.0,1.0,0.0,0.0,559.0,90.0,0.0
639.0,0.0,11.0,49.0,3.0,0.0,0.0,436.0,59.0,0.0
594.0,1.0,7.0,39.0,1.0,0.0,0.0,401.0,58.0,0.0
771.0,0.0,19.0,64.0,1.0,0.0,0.0,521.0,96.0,0.0
741.0,0.0,19.0,68.0,1.0,0.0,0.0,497.0,89.0,0.0
516.0,0.0,6.0,34.0,1.0,0.0,0.0,326.0,72.0,0.0
531.0,0.0,6.0,35.0,1.0,0.0,0.0,353.0,56.0,0.0
481.0,0.0,6.0,31.0,1.0,0.0,0.0,316.0,51.0,0.0
637.0,1.0,11.0,43.0,1.0,0.0,0.0,440.0,58.0,0.0
817.0,1.0,19.0,61.0,1.0,0.0,0.0,558.0,93.0,0.0
742.0,0.0,19.0,62.0,1.0,0.0,0.0,501.0,87.0,0.0
760.0,0.0,19.0,62.0,1.0,0.0,0.0,519.0,86.0,0.0
851.0,1.0,19.0,65.0,1.0,0.0,0.0,586.0,94.0,0.0
647.0,1.0,11.0,47.0,1.0,0.0,0.0,444.0,57.0,0.0
619.0,1.0,9.0,44.0,2.0,0.0,0.0,408.0,69.0,0.0
758.0,0.0,19.0,62.0,1.0,0.0,0.0,513.0,93.0,0.0
640.0,0.0,11.0,51.0,1.0,0.0,0.0,424.0,80.0,0.0
751.0,0.0,19.0,63.0,1.0,0.0,0.0,511.0,88.0,0.0
499.0,0.0,6.0,33.0,1.0,0.0,0.0,328.0,53.0,0.0
1143.0,1.0,7.0,144.0,1.0,0.0,0.0,457.0,444.0,0.0
532.0,0.0,6.0,36.0,1.0,0.0,0.0,361.0,48.0,0.0
757.0,0.0,19.0,65.0,1.0,0.0,0.0,515.0,89.0,0.0
812.0,1.0,19.0,63.0,1.0,0.0,0.0,564.0,83.0,0.0
667.0,1.0,9.0,44.0,2.0,0.0,0.0,436.0,90.0,0.0
775.0,0.0,19.0,65.0,1.0,0.0,0.0,530.0,89.0,0.0
496.0,0.0,6.0,31.0,1.0,0.0,0.0,314.0,68.0,0.0
518.0,0.0,7.0,36.0,1.0,0.0,0.0,348.0,51.0,0.0
740.0,0.0,19.0,63.0,1.0,0.0,0.0,504.0,85.0,0.0
627.0,0.0,11.0,48.0,1.0,0.0,0.0,406.0,86.0,0.0
735.0,0.0,19.0,62.0,1.0,0.0,0.0,502.0,83.0,0.0
575.0,0.0,11.0,45.0,1.0,0.0,0.0,383.0,61.0,0.0
508.0,0.0,6.0,34.0,1.0,0.0,0.0,342.0,46.0,0.0
491.0,0.0,6.0,32.0,1.0,0.0,0.0,320.0,54.0,0.0
802.0,1.0,19.0,64.0,1.0,0.0,0.0,537.0,100.0,0.0
783.0,0.0,19.0,67.0,1.0,0.0,0.0,539.0,83.0,0.0
792.0,0.0,19.0,65.0,1.0,0.0,0.0,521.0,119.0,0.0
530.0,0.0,6.0,35.0,1.0,0.0,0.0,364.0,44.0,0.0
560.0,0.0,11.0,43.0,1.0,0.0,0.0,379.0,55.0,0.0
741.0,0.0,19.0,63.0,1.0,0.0,0.0,498.0,92.0,0.0
778.0,0.0,19.0,63.0,1.0,0.0,0.0,529.0,91.0,0.0
548.0,0.0,7.0,45.0,4.0,0.0,0.0,354.0,62.0,0.0
524.0,0.0,6.0,35.0,1.0,0.0,0.0,349.0,53.0,0.0
761.0,0.0,19.0,62.0,1.0,0.0,0.0,527.0,81.0,0.0
749.0,0.0,19.0,63.0,1.0,0.0,0.0,495.0,99.0,0.0
700.0,1.0,11.0,49.0,1.0,0.0,0.0,466.0,88.0,0.0
677.0,1.0,9.0,45.0,2.0,0.0,0.0,437.0,96.0,0.0
571.0,0.0,11.0,44.0,1.0,0.0,0.0,380.0,61.0,0.0
771.0,0.0,19.0,73.0,4.0,0.0,0.0,510.0,95.0,0.0
804.0,0.0,19.0,64.0,1.0,0.0,0.0,546.0,94.0,0.0
821.0,1.0,19.0,66.0,1.0,0.0,0.0,550.0,98.0,0.0
621.0,0.0,9.0,60.0,3.0,0.0,0.0,377.0,98.0,0.0
522.0,0.0,6.0,34.0,1.0,0.0,0.0,333.0,72.0,0.0
666.0,1.0,7.0,47.0,1.0,0.0,0.0,442.0,81.0,0.0
508.0,0.0,6.0,33.0,1.0,0.0,0.0,340.0,52.0,0.0
803.0,1.0,19.0,61.0,1.0,0.0,0.0,548.0,90.0,0.0
875.0,1.0,19.0,65.0,1.0,0.0,0.0,579.0,127.0,0.0
653.0,1.0,11.0,47.0,1.0,0.0,0.0,439.0,67.0,0.0
501.0,0.0,6.0,33.0,1.0,0.0,0.0,341.0,44.0,0.0
639.0,1.0,11.0,43.0,1.0,0.0,0.0,435.0,65.0,0.0
806.0,0.0,19.0,72.0,1.0,0.0,0.0,525.0,121.0,0.0
749.0,0.0,19.0,64.0,1.0,0.0,0.0,498.0,95.0,0.0
771.0,0.0,19.0,64.0,1.0,0.0,0.0,526.0,89.0,0.0
532.0,0.0,9.0,40.0,2.0,0.0,0.0,349.0,60.0,0.0
833.0,1.0,19.0,62.0,1.0,0.0,0.0,578.0,90.0,0.0
823.0,1.0,19.0,63.0,1.0,0.0,0.0,562.0,95.0,0.0
815.0,1.0,19.0,61.0,1.0,0.0,0.0,557.0,92.0,0.0
777.0,0.0,19.0,64.0,1.0,0.0,0.0,526.0,89.0,0.0
640.0,0.0,11.0,61.0,2.0,0.0,0.0,406.0,87.0,0.0
831.0,1.0,19.0,64.0,1.0,0.0,0.0,572.0,90.0,0.0
871.0,1.0,19.0,79.0,2.0,0.0,0.0,568.0,118.0,0.0
635.0,1.0,7.0,44.0,3.0,0.0,0.0,425.0,65.0,0.0
764.0,0.0,19.0,63.0,1.0,0.0,0.0,515.0,94.0,0.0
539.0,0.0,9.0,40.0,2.0,0.0,0.0,365.0,51.0,0.0
579.0,0.0,7.0,35.0,1.0,0.0,0.0,400.0,49.0,0.0
539.0,0.0,9.0,40.0,1.0,0.0,0.0,356.0,58.0,0.0
781.0,0.0,19.0,72.0,2.0,0.0,0.0,519.0,98.0,0.0
762.0,0.0,19.0,63.0,1.0,0.0,0.0,517.0,91.0,0.0
534.0,0.0,6.0,34.0,1.0,0.0,0.0,369.0,48.0,0.0
1201.0,1.0,11.0,153.0,1.0,0.0,0.0,500.0,447.0,0.0
743.0,0.0,19.0,61.0,1.0,0.0,0.0,504.0,90.0,0.0
567.0,0.0,11.0,44.0,1.0,0.0,0.0,383.0,53.0,0.0
750.0,0.0,19.0,63.0,1.0,0.0,0.0,507.0,93.0,0.0
524.0,0.0,6.0,35.0,1.0,0.0,0.0,361.0,44.0,0.0
564.0,0.0,11.0,43.0,1.0,0.0,0.0,386.0,52.0,0.0
744.0,0.0,19.0,61.0,1.0,0.0,0.0,512.0,83.0,0.0
760.0,0.0,19.0,63.0,1.0,0.0,0.0,511.0,95.0,0.0
532.0,0.0,6.0,34.0,1.0,0.0,0.0,345.0,69.0,0.0
832.0,0.0,19.0,64.0,1.0,0.0,0.0,568.0,97.0,0.0
819.0,1.0,19.0,64.0,1.0,0.0,0.0,559.0,94.0,0.0
853.0,1.0,19.0,78.0,4.0,0.0,0.0,567.0,104.0,0.0
842.0,0.0,19.0,77.0,1.0,0.0,0.0,550.0,126.0,0.0
1143.0,1.0,7.0,144.0,1.0,0.0,0.0,456.0,445.0,0.0
643.0,1.0,11.0,45.0,1.0,0.0,0.0,436.0,66.0,0.0
575.0,0.0,9.0,47.0,2.0,0.0,0.0,367.0,73.0,0.0
771.0,0.0,19.0,66.0,1.0,0.0,0.0,525.0,86.0,0.0
837.0,1.0,19.0,63.0,1.0,0.0,0.0,573.0,94.0,0.0
566.0,0.0,11.0,44.0,1.0,0.0,0.0,390.0,48.0,0.0
796.0,0.0,19.0,70.0,4.0,0.0,0.0,529.0,102.0,0.0
660.0,1.0,11.0,45.0,2.0,0.0,0.0,455.0,58.0,0.0
761.0,0.0,19.0,63.0,1.0,0.0,0.0,520.0,88.0,0.0
571.0,0.0,11.0,45.0,1.0,0.0,0.0,377.0,63.0,0.0
738.0,0.0,19.0,64.0,1.0,0.0,0.0,494.0,93.0,0.0
811.0,1.0,19.0,60.0,1.0,0.0,0.0,558.0,91.0,0.0
841.0,1.0,19.0,65.0,1.0,0.0,0.0,582.0,91.0,0.0
516.0,0.0,6.0,33.0,1.0,0.0,0.0,333.0,66.0,0.0
496.0,0.0,6.0,33.0,1.0,0.0,0.0,331.0,50.0,0.0
805.0,0.0,19.0,66.0,1.0,0.0,0.0,532.0,113.0,0.0
676.0,1.0,11.0,47.0,1.0,0.0,0.0,450.0,82.0,0.0
491.0,0.0,6.0,32.0,1.0,0.0,0.0,326.0,50.0,0.0
762.0,0.0,19.0,61.0,1.0,0.0,0.0,529.0,81.0,0.0
607.0,1.0,9.0,40.0,2.0,0.0,0.0,412.0,59.0,0.0
549.0,0.0,9.0,43.0,2.0,0.0,0.0,368.0,55.0,0.0
649.0,1.0,9.0,49.0,2.0,0.0,0.0,435.0,69.0,0.0
611.0,1.0,9.0,40.0,2.0,0.0,0.0,414.0,61.0,0.0
712.0,1.0,11.0,51.0,1.0,0.0,0.0,483.0,80.0,0.0
817.0,1.0,19.0,62.0,1.0,0.0,0.0,553.0,99.0,0.0
756.0,0.0,19.0,64.0,1.0,0.0,0.0,513.0,90.0,0.0
487.0,0.0,6.0,31.0,1.0,0.0,0.0,312.0,59.0,0.0
641.0,1.0,7.0,45.0,4.0,0.0,0.0,429.0,66.0,0.0
606.0,0.0,11.0,47.0,1.0,0.0,0.0,398.0,77.0,0.0
763.0,0.0,19.0,66.0,1.0,0.0,0.0,516.0,89.0,0.0
626.0,0.0,9.0,60.0,3.0,0.0,0.0,384.0,94.0,0.0
840.0,1.0,19.0,64.0,1.0,0.0,0.0,571.0,97.0,0.0
674.0,1.0,11.0,47.0,1.0,0.0,0.0,450.0,80.0,0.0
643.0,1.0,7.0,43.0,2.0,0.0,0.0,438.0,62.0,0.0
760.0,0.0,19.0,65.0,1.0,0.0,0.0,509.0,95.0,0.0
538.0,0.0,9.0,39.0,2.0,0.0,0.0,356.0,60.0,0.0
831.0,1.0,19.0,63.0,1.0,0.0,0.0,571.0,92.0,0.0
836.0,1.0,19.0,64.0,1.0,0.0,0.0,575.0,91.0,0.0
835.0,1.0,19.0,62.0,1.0,0.0,0.0,578.0,91.0,0.0
820.0,1.0,19.0,66.0,1.0,0.0,0.0,562.0,87.0,0.0
641.0,0.0,11.0,46.0,1.0,0.0,0.0,436.0,61.0,0.0
543.0,0.0,9.0,39.0,2.0,0.0,0.0,367.0,52.0,0.0
756.0,0.0,19.0,61.0,1.0,0.0,0.0,519.0,85.0,0.0
750.0,0.0,19.0,63.0,1.0,0.0,0.0,507.0,88.0,0.0
542.0,0.0,9.0,40.0,2.0,0.0,0.0,363.0,56.0,0.0
642.0,1.0,11.0,44.0,1.0,0.0,0.0,434.0,65.0,0.0
576.0,0.0,7.0,43.0,1.0,0.0,0.0,387.0,61.0,0.0
736.0,0.0,19.0,63.0,1.0,0.0,0.0,497.0,89.0,0.0
799.0,0.0,19.0,67.0,3.0,0.0,0.0,540.0,93.0,0.0
506.0,0.0,6.0,33.0,1.0,0.0,0.0,346.0,43.0,0.0
517.0,0.0,7.0,35.0,1.0,0.0,0.0,343.0,55.0,0.0
817.0,0.0,19.0,63.0,1.0,0.0,0.0,552.0,100.0,0.0
499.0,0.0,6.0,33.0,1.0,0.0,0.0,332.0,49.0,0.0
764.0,0.0,19.0,64.0,2.0,0.0,0.0,513.0,94.0,0.0
512.0,0.0,6.0,34.0,1.0,0.0,0.0,347.0,46.0,0.0
635.0,1.0,11.0,44.0,1.0,0.0,0.0,433.0,59.0,0.0
813.0,1.0,19.0,62.0,1.0,0.0,0.0,561.0,90.0,0.0
806.0,0.0,19.0,72.0,1.0,0.0,0.0,519.0,126.0,0.0
800.0,0.0,19.0,66.0,1.0,0.0,0.0,517.0,130.0,0.0
811.0,1.0,19.0,62.0,1.0,0.0,0.0,553.0,95.0,0.0
759.0,0.0,19.0,62.0,1.0,0.0,0.0,515.0,93.0,0.0
663.0,1.0,9.0,44.0,2.0,0.0,0.0,434.0,88.0,0.0
644.0,1.0,11.0,46.0,1.0,0.0,0.0,439.0,60.0,0.0
800.0,1.0,19.0,63.0,1.0,0.0,0.0,551.0,82.0,0.0
829.0,1.0,19.0,65.0,1.0,0.0,0.0,563.0,99.0,0.0
578.0,0.0,7.0,48.0,4.0,0.0,0.0,379.0,60.0,0.0
758.0,0.0,19.0,65.0,1.0,0.0,0.0,514.0,88.0,0.0
607.0,1.0,7.0,36.0,1.0,0.0,0.0,420.0,54.0,0.0
638.0,1.0,7.0,48.0,4.0,0.0,0.0,421.0,65.0,0.0
668.0,1.0,7.0,41.0,1.0,0.0,0.0,442.0,87.0,0.0
748.0,0.0,19.0,63.0,1.0,0.0,0.0,513.0,83.0,0.0
500.0,0.0,6.0,31.0,1.0,0.0,0.0,320.0,65.0,0.0
878.0,1.0,19.0,67.0,1.0,0.0,0.0,578.0,127.0,0.0
800.0,0.0,19.0,67.0,1.0,0.0,0.0,527.0,116.0,0.0
843.0,1.0,19.0,61.0,1.0,0.0,0.0,585.0,90.0,0.0
645.0,1.0,11.0,46.0,1.0,0.0,0.0,437.0,63.0,0.0
827.0,1.0,19.0,65.0,1.0,0.0,0.0,563.0,98.0,0.0
648.0,1.0,7.0,43.0,1.0,0.0,0.0,417.0,91.0,0.0
490.0,0.0,6.0,32.0,1.0,0.0,0.0,322.0,54.0,0.0
569.0,0.0,11.0,44.0,1.0,0.0,0.0,379.0,60.0,0.0
912.0,1.0,19.0,78.0,4.0,0.0,0.0,614.0,104.0,0.0
686.0,1.0,9.0,44.0,4.0,0.0,0.0,469.0,63.0,0.0
500.0,0.0,6.0,33.0,1.0,0.0,0.0,332.0,51.0,0.0
658.0,1.0,9.0,44.0,2.0,0.0,0.0,428.0,89.0,0.0
824.0,1.0,19.0,63.0,1.0,0.0,0.0,567.0,93.0,0.0
490.0,0.0,6.0,32.0,1.0,0.0,0.0,330.0,45.0,0.0
688.0,1.0,11.0,56.0,4.0,0.0,0.0,452.0,75.0,0.0
840.0,1.0,19.0,64.0,1.0,0.0,0.0,582.0,89.0,0.0
509.0,0.0,6.0,34.0,1.0,0.0,0.0,347.0,45.0,0.0
646.0,1.0,11.0,47.0,1.0,0.0,0.0,441.0,59.0,0.0
757.0,0.0,19.0,64.0,1.0,0.0,0.0,511.0,94.0,0.0
571.0,0.0,11.0,44.0,1.0,0.0,0.0,387.0,56.0,0.0
825.0,0.0,19.0,61.0,1.0,0.0,0.0,576.0,86.0,0.0
785.0,0.0,19.0,68.0,1.0,0.0,0.0,523.0,102.0,0.0
828.0,0.0,19.0,74.0,1.0,0.0,0.0,543.0,117.0,0.0
913.0,1.0,19.0,73.0,1.0,0.0,0.0,610.0,128.0,0.0
639.0,1.0,11.0,45.0,1.0,0.0,0.0,441.0,54.0,0.0
489.0,0.0,6.0,32.0,1.0,0.0,0.0,318.0,56.0,0.0
754.0,0.0,19.0,62.0,1.0,0.0,0.0,509.0,90.0,0.0
757.0,1.0,7.0,53.0,1.0,1.0,0.0,518.0,80.0,0.0
833.0,1.0,19.0,66.0,1.0,0.0,0.0,567.0,96.0,0.0
813.0,1.0,19.0,61.0,1.0,0.0,0.0,552.0,97.0,0.0
687.0,1.0,9.0,60.0,3.0,0.0,0.0,431.0,97.0,0.0
629.0,1.0,11.0,45.0,1.0,0.0,0.0,421.0,65.0,0.0
828.0,1.0,19.0,62.0,1.0,0.0,0.0,573.0,90.0,0.0
578.0,0.0,11.0,47.0,1.0,0.0,0.0,385.0,60.0,0.0
587.0,0.0,11.0,48.0,1.0,0.0,0.0,389.0,64.0,0.0
483.0,0.0,6.0,31.0,1.0,0.0,0.0,325.0,44.0,0.0
797.0,1.0,19.0,62.0,1.0,0.0,0.0,546.0,89.0,0.0
610.0,0.0,11.0,53.0,2.0,0.0,0.0,395.0,73.0,0.0
816.0,1.0,19.0,63.0,1.0,0.0,0.0,557.0,93.0,0.0
885.0,1.0,19.0,68.0,3.0,0.0,0.0,591.0,111.0,0.0
634.0,1.0,7.0,39.0,1.0,0.0,0.0,412.0,86.0,0.0
777.0,0.0,19.0,65.0,1.0,0.0,0.0,523.0,95.0,0.0
628.0,1.0,7.0,39.0,1.0,0.0,0.0,410.0,82.0,0.0
755.0,0.0,19.0,64.0,1.0,0.0,0.0,506.0,96.0,0.0
492.0,0.0,6.0,32.0,1.0,0.0,0.0,327.0,48.0,0.0
802.0,0.0,19.0,71.0,1.0,0.0,0.0,558.0,83.0,0.0
744.0,0.0,19.0,62.0,1.0,0.0,0.0,504.0,89.0,0.0
749.0,0.0,19.0,62.0,1.0,0.0,0.0,510.0,88.0,0.0
653.0,1.0,9.0,51.0,5.0,0.0,0.0,432.0,68.0,0.0
490.0,0.0,6.0,31.0,1.0,0.0,0.0,331.0,43.0,0.0
512.0,0.0,6.0,35.0,1.0,0.0,0.0,345.0,49.0,0.0
814.0,1.0,19.0,61.0,1.0,0.0,0.0,558.0,93.0,0.0
606.0,0.0,9.0,47.0,2.0,0.0,0.0,410.0,62.0,0.0
868.0,1.0,19.0,65.0,1.0,0.0,0.0,601.0,95.0,0.0
821.0,1.0,19.0,63.0,1.0,0.0,0.0,560.0,97.0,0.0
612.0,0.0,9.0,60.0,3.0,0.0,0.0,374.0,92.0,0.0
642.0,1.0,11.0,46.0,1.0,0.0,0.0,433.0,64.0,0.0
565.0,0.0,7.0,45.0,1.0,0.0,0.0,371.0,66.0,0.0
762.0,0.0,19.0,64.0,1.0,0.0,0.0,519.0,90.0,0.0
594.0,0.0,9.0,52.0,5.0,0.0,0.0,381.0,70.0,0.0
603.0,1.0,7.0,35.0,1.0,0.0,0.0,415.0,56.0,0.0
653.0,0.0,11.0,56.0,1.0,0.0,0.0,430.0,81.0,0.0
587.0,0.0,7.0,47.0,2.0,0.0,0.0,378.0,75.0,0.0
508.0,0.0,6.0,34.0,1.0,0.0,0.0,347.0,44.0,0.0
627.0,1.0,7.0,43.0,2.0,0.0,0.0,414.0,70.0,0.0
750.0,0.0,19.0,63.0,1.0,0.0,0.0,510.0,84.0,0.0
575.0,0.0,11.0,45.0,1.0,0.0,0.0,379.0,65.0,0.0
644.0,1.0,11.0,45.0,1.0,0.0,0.0,445.0,57.0,0.0
634.0,1.0,11.0,44.0,1.0,0.0,0.0,444.0,50.0,0.0
574.0,1.0,7.0,36.0,1.0,0.0,0.0,385.0,57.0,0.0
679.0,0.0,7.0,53.0,1.0,1.0,0.0,458.0,76.0,0.0
826.0,1.0,19.0,63.0,1.0,0.0,0.0,565.0,95.0,0.0
492.0,0.0,6.0,32.0,1.0,0.0,0.0,325.0,51.0,0.0
751.0,0.0,19.0,62.0,1.0,0.0,0.0,508.0,92.0,0.0
836.0,1.0,19.0,66.0,1.0,0.0,0.0,573.0,93.0,0.0
761.0,0.0,19.0,62.0,1.0,0.0,0.0,517.0,90.0,0.0
819.0,1.0,19.0,65.0,1.0,0.0,0.0,562.0,90.0,0.0
752.0,0.0,19.0,60.0,1.0,0.0,0.0,509.0,90.0,0.0
860.0,1.0,19.0,71.0,2.0,0.0,0.0,571.0,112.0,0.0
773.0,0.0,19.0,64.0,1.0,0.0,0.0,527.0,92.0,0.0
754.0,0.0,19.0,64.0,1.0,0.0,0.0,514.0,85.0,0.0
582.0,1.0,7.0,35.0,1.0,0.0,0.0,395.0,55.0,0.0
491.0,0.0,6.0,32.0,1.0,0.0,0.0,329.0,47.0,0.0
749.0,1.0,7.0,53.0,1.0,1.0,0.0,504.0,87.0,0.0
748.0,0.0,19.0,64.0,1.0,0.0,0.0,503.0,90.0,0.0
650.0,1.0,7.0,43.0,1.0,0.0,0.0,441.0,67.0,0.0
753.0,0.0,19.0,65.0,1.0,0.0,0.0,507.0,93.0,0.0
846.0,1.0,19.0,63.0,1.0,0.0,0.0,585.0,91.0,0.0
807.0,1.0,11.0,62.0,1.0,1.0,0.0,547.0,90.0,0.0
815.0,1.0,19.0,64.0,1.0,0.0,0.0,551.0,99.0,0.0
565.0,0.0,11.0,44.0,1.0,0.0,0.0,393.0,45.0,0.0
758.0,0.0,19.0,63.0,1.0,0.0,0.0,513.0,89.0,0.0
754.0,0.0,19.0,67.0,1.0,0.0,0.0,503.0,98.0,0.0
807.0,1.0,19.0,64.0,1.0,0.0,0.0,552.0,90.0,0.0
574.0,0.0,7.0,43.0,2.0,0.0,0.0,381.0,63.0,0.0
750.0,0.0,19.0,63.0,1.0,0.0,0.0,508.0,90.0,0.0
613.0,0.0,7.0,46.0,1.0,0.0,0.0,425.0,55.0,0.0
646.0,1.0,7.0,50.0,2.0,0.0,0.0,416.0,81.0,0.0
827.0,1.0,19.0,63.0,1.0,0.0,0.0,567.0,94.0,0.0
782.0,0.0,19.0,67.0,1.0,0.0,0.0,521.0,104.0,0.0
516.0,0.0,6.0,34.0,1.0,0.0,0.0,342.0,54.0,0.0
599.0,1.0,7.0,36.0,1.0,0.0,0.0,411.0,55.0,0.0
565.0,0.0,11.0,44.0,1.0,0.0,0.0,384.0,54.0,0.0
587.0,0.0,7.0,56.0,2.0,0.0,0.0,349.0,96.0,0.0
814.0,1.0,19.0,64.0,1.0,0.0,0.0,559.0,90.0,0.0
757.0,0.0,19.0,65.0,1.0,0.0,0.0,510.0,89.0,0.0
841.0,0.0,19.0,84.0,2.0,0.0,0.0,536.0,127.0,0.0
635.0,1.0,11.0,43.0,1.0,0.0,0.0,440.0,54.0,0.0
751.0,0.0,19.0,62.0,1.0,0.0,0.0,509.0,89.0,0.0
598.0,0.0,9.0,43.0,2.0,0.0,0.0,385.0,84.0,0.0
763.0,0.0,19.0,65.0,1.0,0.0,0.0,516.0,92.0,0.0
824.0,1.0,19.0,64.0,1.0,0.0,0.0,559.0,100.0,0.0
500.0,0.0,6.0,33.0,1.0,0.0,0.0,341.0,43.0,0.0
603.0,1.0,7.0,35.0,1.0,0.0,0.0,423.0,48.0,0.0
720.0,1.0,11.0,65.0,2.0,0.0,0.0,462.0,94.0,0.0
530.0,0.0,7.0,36.0,2.0,0.0,0.0,356.0,52.0,0.0
478.0,0.0,6.0,31.0,1.0,0.0,0.0,320.0,45.0,0.0
763.0,0.0,19.0,62.0,1.0,0.0,0.0,514.0,97.0,0.0
867.0,1.0,19.0,67.0,1.0,0.0,0.0,592.0,100.0,0.0
652.0,0.0,11.0,65.0,2.0,0.0,0.0,407.0,94.0,0.0
802.0,1.0,19.0,62.0,1.0,0.0,0.0,543.0,97.0,0.0
606.0,1.0,9.0,39.0,2.0,0.0,0.0,411.0,60.0,0.0
494.0,0.0,6.0,32.0,1.0,0.0,0.0,334.0,46.0,0.0
837.0,1.0,19.0,64.0,1.0,0.0,0.0,579.0,91.0,0.0
567.0,0.0,7.0,43.0,1.0,0.0,0.0,381.0,58.0,0.0
678.0,1.0,11.0,54.0,4.0,0.0,0.0,449.0,72.0,0.0
623.0,1.0,7.0,36.0,2.0,0.0,0.0,438.0,49.0,0.0
574.0,0.0,11.0,48.0,1.0,0.0,0.0,370.0,70.0,0.0
650.0,1.0,9.0,48.0,4.0,0.0,0.0,434.0,67.0,0.0
581.0,0.0,7.0,45.0,1.0,0.0,0.0,370.0,83.0,0.0
514.0,0.0,6.0,35.0,1.0,0.0,0.0,349.0,46.0,0.0
542.0,0.0,7.0,36.0,1.0,0.0,0.0,366.0,55.0,0.0
1131.0,0.0,11.0,153.0,1.0,0.0,0.0,440.0,450.0,0.0
570.0,0.0,7.0,44.0,3.0,0.0,0.0,373.0,64.0,0.0
531.0,0.0,6.0,34.0,1.0,0.0,0.0,343.0,69.0,0.0
632.0,1.0,11.0,43.0,1.0,0.0,0.0,437.0,56.0,0.0
600.0,1.0,7.0,40.0,1.0,0.0,0.0,402.0,60.0,0.0
668.0,1.0,7.0,48.0,4.0,0.0,0.0,446.0,69.0,0.0
746.0,0.0,19.0,63.0,1.0,0.0,0.0,505.0,90.0,0.0
663.0,1.0,11.0,49.0,1.0,0.0,0.0,443.0,70.0,0.0
656.0,1.0,7.0,56.0,2.0,0.0,0.0,405.0,96.0,0.0
623.0,1.0,7.0,43.0,2.0,0.0,0.0,414.0,67.0,0.0
737.0,0.0,19.0,62.0,1.0,0.0,0.0,496.0,89.0,0.0
840.0,1.0,19.0,65.0,1.0,0.0,0.0,574.0,94.0,0.0
481.0,0.0,6.0,31.0,1.0,0.0,0.0,321.0,47.0,0.0
817.0,1.0,19.0,62.0,1.0,0.0,0.0,563.0,91.0,0.0
671.0,1.0,7.0,56.0,2.0,0.0,0.0,416.0,99.0,0.0
900.0,1.0,19.0,66.0,1.0,0.0,0.0,602.0,126.0,0.0
643.0,1.0,7.0,43.0,2.0,0.0,0.0,425.0,75.0,0.0
814.0,1.0,19.0,64.0,1.0,0.0,0.0,553.0,95.0,0.0
974.0,1.0,19.0,82.0,1.0,1.0,0.0,659.0,124.0,0.0
826.0,1.0,19.0,61.0,1.0,0.0,0.0,572.0,90.0,0.0
477.0,0.0,6.0,30.0,1.0,0.0,0.0,320.0,44.0,0.0
617.0,1.0,7.0,45.0,4.0,0.0,0.0,409.0,63.0,0.0
829.0,1.0,19.0,65.0,1.0,0.0,0.0,564.0,100.0,0.0
495.0,0.0,6.0,31.0,1.0,0.0,0.0,327.0,51.0,0.0
511.0,0.0,6.0,33.0,1.0,0.0,0.0,350.0,44.0,0.0
604.0,1.0,7.0,40.0,1.0,0.0,0.0,403.0,63.0,0.0
572.0,0.0,11.0,44.0,1.0,0.0,0.0,390.0,52.0,0.0
604.0,1.0,7.0,40.0,1.0,0.0,0.0,406.0,60.0,0.0
824.0,0.0,19.0,65.0,1.0,0.0,0.0,545.0,121.0,0.0
519.0,0.0,6.0,34.0,1.0,0.0,0.0,331.0,70.0,0.0
647.0,1.0,9.0,47.0,3.0,0.0,0.0,427.0,74.0,0.0
627.0,0.0,7.0,49.0,1.0,0.0,0.0,395.0,99.0,0.0
572.0,0.0,11.0,45.0,1.0,0.0,0.0,381.0,58.0,0.0
517.0,0.0,7.0,35.0,1.0,0.0,0.0,354.0,44.0,0.0
773.0,0.0,19.0,65.0,1.0,0.0,0.0,522.0,91.0,0.0
826.0,1.0,19.0,63.0,1.0,0.0,0.0,565.0,94.0,0.0
633.0,0.0,11.0,44.0,1.0,0.0,0.0,428.0,63.0,0.0
856.0,1.0,19.0,64.0,1.0,0.0,0.0,590.0,95.0,0.0
652.0,1.0,7.0,53.0,2.0,0.0,0.0,421.0,79.0,0.0
781.0,0.0,19.0,64.0,1.0,0.0,0.0,538.0,88.0,0.0
813.0,1.0,19.0,62.0,1.0,0.0,0.0,550.0,99.0,0.0
912.0,1.0,19.0,77.0,1.0,0.0,0.0,604.0,129.0,0.0
524.0,0.0,6.0,35.0,1.0,0.0,0.0,357.0,48.0,0.0
513.0,0.0,6.0,34.0,1.0,0.0,0.0,342.0,54.0,0.0
482.0,0.0,6.0,32.0,1.0,0.0,0.0,314.0,52.0,0.0
858.0,1.0,19.0,73.0,2.0,0.0,0.0,574.0,108.0,0.0
707.0,1.0,11.0,50.0,1.0,0.0,0.0,470.0,90.0,0.0
821.0,1.0,19.0,63.0,1.0,0.0,0.0,557.0,98.0,0.0
473.0,0.0,6.0,30.0,1.0,0.0,0.0,308.0,52.0,0.0
576.0,0.0,11.0,45.0,1.0,0.0,0.0,391.0,57.0,0.0
564.0,0.0,11.0,44.0,1.0,0.0,0.0,385.0,52.0,0.0
867.0,0.0,19.0,76.0,1.0,0.0,0.0,569.0,131.0,0.0
822.0,1.0,19.0,64.0,1.0,0.0,0.0,563.0,91.0,0.0
581.0,0.0,11.0,48.0,1.0,0.0,0.0,385.0,61.0,0.0
525.0,0.0,7.0,40.0,1.0,0.0,0.0,335.0,65.0,0.0
525.0,0.0,6.0,34.0,1.0,0.0,0.0,349.0,56.0,0.0
867.0,1.0,19.0,64.0,1.0,0.0,0.0,597.0,97.0,0.0
830.0,0.0,19.0,82.0,2.0,0.0,0.0,523.0,132.0,0.0
709.0,1.0,11.0,54.0,1.0,0.0,0.0,462.0,94.0,0.0
813.0,0.0,19.0,77.0,2.0,0.0,0.0,525.0,119.0,0.0
765.0,0.0,19.0,62.0,1.0,0.0,0.0,520.0,92.0,0.0
815.0,0.0,19.0,77.0,4.0,0.0,0.0,545.0,94.0,0.0
505.0,0.0,6.0,33.0,1.0,0.0,0.0,334.0,54.0,0.0
649.0,0.0,11.0,64.0,2.0,0.0,0.0,403.0,96.0,0.0
499.0,0.0,6.0,33.0,1.0,0.0,0.0,324.0,59.0,0.0
572.0,0.0,11.0,44.0,1.0,0.0,0.0,382.0,62.0,0.0
574.0,0.0,11.0,46.0,1.0,0.0,0.0,382.0,60.0,0.0
638.0,0.0,11.0,44.0,1.0,0.0,0.0,431.0,65.0,0.0
771.0,0.0,19.0,62.0,1.0,0.0,0.0,528.0,90.0,0.0
810.0,1.0,19.0,63.0,1.0,0.0,0.0,558.0,87.0,0.0
643.0,1.0,11.0,46.0,1.0,0.0,0.0,434.0,64.0,0.0
607.0,0.0,7.0,40.0,3.0,0.0,0.0,413.0,58.0,0.0
820.0,1.0,19.0,60.0,1.0,0.0,0.0,570.0,84.0,0.0
573.0,0.0,11.0,45.0,1.0,0.0,0.0,383.0,59.0,0.0
846.0,1.0,19.0,63.0,1.0,0.0,0.0,591.0,85.0,0.0
569.0,0.0,11.0,43.0,1.0,0.0,0.0,389.0,53.0,0.0
517.0,0.0,6.0,34.0,1.0,0.0,0.0,344.0,53.0,0.0
631.0,1.0,11.0,45.0,1.0,0.0,0.0,426.0,62.0,0.0
541.0,0.0,9.0,39.0,2.0,0.0,0.0,359.0,58.0,0.0
848.0,1.0,19.0,75.0,4.0,0.0,0.0,558.0,108.0,0.0
481.0,0.0,6.0,31.0,1.0,0.0,0.0,318.0,49.0,0.0
789.0,0.0,19.0,66.0,1.0,0.0,0.0,520.0,114.0,0.0
601.0,0.0,7.0,56.0,2.0,0.0,0.0,367.0,91.0,0.0
655.0,1.0,11.0,44.0,2.0,0.0,0.0,460.0,52.0,0.0
856.0,1.0,19.0,66.0,1.0,0.0,0.0,586.0,98.0,0.0
693.0,1.0,7.0,49.0,1.0,0.0,0.0,451.0,97.0,0.0
665.0,1.0,11.0,52.0,2.0,0.0,0.0,441.0,72.0,0.0
749.0,0.0,19.0,64.0,1.0,0.0,0.0,503.0,93.0,0.0
639.0,1.0,11.0,44.0,1.0,0.0,0.0,442.0,56.0,0.0
845.0,1.0,19.0,65.0,1.0,0.0,0.0,579.0,94.0,0.0
835.0,1.0,19.0,66.0,1.0,0.0,0.0,564.0,102.0,0.0
608.0,0.0,9.0,47.0,2.0,0.0,0.0,396.0,80.0,0.0
542.0,0.0,9.0,39.0,2.0,0.0,0.0,371.0,47.0,0.0
585.0,1.0,7.0,36.0,1.0,0.0,0.0,402.0,51.0,0.0
612.0,0.0,11.0,56.0,4.0,0.0,0.0,400.0,69.0,0.0
724.0,1.0,11.0,65.0,2.0,0.0,0.0,453.0,104.0,0.0
747.0,0.0,19.0,63.0,1.0,0.0,0.0,498.0,96.0,0.0
573.0,0.0,11.0,44.0,1.0,0.0,0.0,387.0,56.0,0.0
530.0,0.0,6.0,34.0,1.0,0.0,0.0,362.0,47.0,0.0
587.0,1.0,7.0,35.0,1.0,0.0,0.0,401.0,54.0,0.0
734.0,0.0,19.0,62.0,1.0,0.0,0.0,494.0,89.0,0.0
752.0,0.0,19.0,63.0,1.0,0.0,0.0,507.0,89.0,0.0
767.0,0.0,19.0,62.0,1.0,0.0,0.0,532.0,82.0,0.0
635.0,1.0,11.0,44.0,1.0,0.0,0.0,436.0,59.0,0.0
561.0,0.0,11.0,44.0,1.0,0.0,0.0,374.0,58.0,0.0
830.0,1.0,19.0,61.0,1.0,0.0,0.0,578.0,87.0,0.0
571.0,0.0,11.0,45.0,1.0,0.0,0.0,385.0,55.0,0.0
835.0,1.0,19.0,65.0,1.0,0.0,0.0,570.0,95.0,0.0
815.0,1.0,19.0,62.0,1.0,0.0,0.0,558.0,93.0,0.0
576.0,1.0,7.0,36.0,1.0,0.0,0.0,392.0,52.0,0.0
849.0,1.0,19.0,66.0,1.0,0.0,0.0,584.0,93.0,0.0
687.0,1.0,11.0,47.0,1.0,0.0,0.0,455.0,88.0,0.0
488.0,0.0,6.0,32.0,1.0,0.0,0.0,323.0,50.0,0.0
528.0,0.0,6.0,34.0,1.0,0.0,0.0,344.0,66.0,0.0
575.0,0.0,11.0,46.0,1.0,0.0,0.0,379.0,64.0,0.0
542.0,0.0,7.0,36.0,1.0,0.0,0.0,368.0,53.0,0.0
570.0,0.0,11.0,44.0,1.0,0.0,0.0,387.0,54.0,0.0
631.0,1.0,11.0,43.0,1.0,0.0,0.0,438.0,53.0,0.0
614.0,0.0,11.0,46.0,1.0,0.0,0.0,406.0,78.0,0.0
823.0,1.0,19.0,64.0,1.0,0.0,0.0,561.0,94.0,0.0
906.0,1.0,19.0,80.0,2.0,0.0,0.0,590.0,129.0,0.0
473.0,0.0,6.0,30.0,1.0,0.0,0.0,307.0,53.0,0.0
514.0,0.0,7.0,35.0,1.0,0.0,0.0,343.0,52.0,0.0
637.0,1.0,11.0,43.0,1.0,0.0,0.0,438.0,58.0,0.0
517.0,0.0,6.0,34.0,1.0,0.0,0.0,344.0,52.0,0.0
769.0,0.0,19.0,63.0,1.0,0.0,0.0,513.0,100.0,0.0
811.0,1.0,11.0,62.0,1.0,1.0,0.0,545.0,96.0,0.0
813.0,1.0,19.0,61.0,1.0,0.0,0.0,556.0,94.0,0.0
675.0,1.0,7.0,45.0,1.0,0.0,0.0,446.0,87.0,0.0
849.0,1.0,19.0,65.0,1.0,0.0,0.0,583.0,96.0,0.0
826.0,1.0,19.0,64.0,1.0,0.0,0.0,561.0,98.0,0.0
803.0,0.0,19.0,68.0,1.0,0.0,0.0,522.0,123.0,0.0
569.0,0.0,11.0,45.0,1.0,0.0,0.0,376.0,62.0,0.0
512.0,0.0,6.0,34.0,1.0,0.0,0.0,348.0,46.0,0.0
890.0,1.0,19.0,70.0,1.0,0.0,0.0,611.0,102.0,0.0
548.0,0.0,7.0,45.0,4.0,0.0,0.0,349.0,67.0,0.0
617.0,0.0,7.0,56.0,2.0,0.0,0.0,380.0,94.0,0.0
830.0,1.0,19.0,67.0,1.0,0.0,0.0,564.0,97.0,0.0
777.0,0.0,19.0,64.0,1.0,0.0,0.0,526.0,93.0,0.0
561.0,0.0,11.0,43.0,1.0,0.0,0.0,381.0,54.0,0.0
808.0,1.0,19.0,65.0,1.0,0.0,0.0,558.0,80.0,0.0
491.0,0.0,6.0,32.0,1.0,0.0,0.0,328.0,48.0,0.0
496.0,0.0,6.0,34.0,1.0,0.0,0.0,324.0,55.0,0.0
600.0,1.0,9.0,40.0,2.0,0.0,0.0,409.0,55.0,0.0
492.0,0.0,6.0,32.0,1.0,0.0,0.0,323.0,53.0,0.0
529.0,0.0,6.0,34.0,1.0,0.0,0.0,358.0,50.0,0.0
492.0,0.0,6.0,32.0,1.0,0.0,0.0,330.0,45.0,0.0
587.0,0.0,9.0,51.0,5.0,0.0,0.0,379.0,68.0,0.0
586.0,0.0,7.0,44.0,3.0,0.0,0.0,392.0,61.0,0.0
615.0,0.0,11.0,47.0,1.0,0.0,0.0,408.0,76.0,0.0
499.0,0.0,6.0,34.0,1.0,0.0,0.0,335.0,47.0,0.0
826.0,1.0,19.0,62.0,1.0,0.0,0.0,559.0,98.0,0.0
574.0,0.0,11.0,45.0,1.0,0.0,0.0,387.0,56.0,0.0
820.0,1.0,19.0,65.0,1.0,0.0,0.0,557.0,94.0,0.0
781.0,0.0,19.0,65.0,1.0,0.0,0.0,535.0,88.0,0.0
821.0,1.0,19.0,61.0,1.0,0.0,0.0,562.0,95.0,0.0
657.0,1.0,9.0,51.0,2.0,0.0,0.0,427.0,78.0,0.0
701.0,1.0,11.0,50.0,1.0,0.0,0.0,459.0,92.0,0.0
577.0,0.0,9.0,49.0,5.0,0.0,0.0,372.0,67.0,0.0
796.0,1.0,19.0,62.0,1.0,0.0,0.0,542.0,92.0,0.0
758.0,0.0,19.0,66.0,1.0,0.0,0.0,512.0,89.0,0.0
574.0,0.0,7.0,40.0,1.0,0.0,0.0,365.0,85.0,0.0
513.0,0.0,6.0,34.0,1.0,0.0,0.0,344.0,50.0,0.0
819.0,1.0,19.0,61.0,1.0,0.0,0.0,569.0,89.0,0.0
775.0,0.0,19.0,65.0,1.0,0.0,0.0,523.0,92.0,0.0
529.0,0.0,6.0,34.0,1.0,0.0,0.0,344.0,66.0,0.0
902.0,1.0,19.0,67.0,1.0,0.0,0.0,601.0,128.0,0.0
638.0,0.0,11.0,44.0,1.0,0.0,0.0,434.0,62.0,0.0
898.0,1.0,19.0,68.0,3.0,0.0,0.0,619.0,95.0,0.0
642.0,1.0,11.0,46.0,1.0,0.0,0.0,443.0,56.0,0.0
715.0,0.0,19.0,62.0,1.0,0.0,0.0,472.0,97.0,0.0
816.0,1.0,19.0,61.0,1.0,0.0,0.0,566.0,89.0,0.0
847.0,1.0,19.0,66.0,1.0,0.0,0.0,581.0,95.0,0.0
833.0,1.0,19.0,62.0,1.0,0.0,0.0,572.0,93.0,0.0
497.0,0.0,6.0,33.0,1.0,0.0,0.0,328.0,53.0,0.0
523.0,0.0,6.0,35.0,1.0,0.0,0.0,355.0,46.0,0.0
826.0,1.0,19.0,65.0,1.0,0.0,0.0,562.0,94.0,0.0
640.0,1.0,11.0,46.0,1.0,0.0,0.0,440.0,58.0,0.0
748.0,0.0,19.0,63.0,1.0,0.0,0.0,507.0,85.0,0.0
641.0,0.0,11.0,62.0,2.0,0.0,0.0,401.0,92.0,0.0
754.0,0.0,19.0,64.0,1.0,0.0,0.0,516.0,86.0,0.0
754.0,0.0,19.0,61.0,1.0,0.0,0.0,519.0,84.0,0.0
619.0,1.0,9.0,44.0,2.0,0.0,0.0,406.0,71.0,0.0
657.0,1.0,11.0,50.0,1.0,0.0,0.0,439.0,69.0,0.0
831.0,1.0,19.0,63.0,1.0,0.0,0.0,574.0,91.0,0.0
764.0,0.0,19.0,63.0,1.0,0.0,0.0,520.0,88.0,0.0
893.0,1.0,19.0,68.0,3.0,0.0,0.0,613.0,98.0,0.0
828.0,0.0,19.0,65.0,1.0,0.0,0.0,565.0,95.0,0.0
748.0,0.0,19.0,61.0,1.0,0.0,0.0,514.0,83.0,0.0
792.0,1.0,19.0,61.0,1.0,0.0,0.0,540.0,92.0,0.0
752.0,0.0,19.0,60.0,1.0,0.0,0.0,515.0,87.0,0.0
660.0,1.0,9.0,51.0,3.0,0.0,0.0,433.0,77.0,0.0
832.0,1.0,19.0,64.0,1.0,0.0,0.0,571.0,92.0,0.0
842.0,1.0,19.0,65.0,1.0,0.0,0.0,567.0,106.0,0.0
751.0,0.0,19.0,61.0,1.0,0.0,0.0,509.0,92.0,0.0
717.0,1.0,11.0,51.0,3.0,0.0,0.0,490.0,65.0,0.0
829.0,1.0,19.0,63.0,1.0,0.0,0.0,566.0,96.0,0.0
644.0,1.0,7.0,48.0,4.0,0.0,0.0,426.0,66.0,0.0
639.0,1.0,11.0,45.0,1.0,0.0,0.0,435.0,60.0,0.0
747.0,0.0,19.0,61.0,1.0,0.0,0.0,506.0,90.0,0.0
483.0,0.0,6.0,31.0,1.0,0.0,0.0,322.0,47.0,0.0
824.0,1.0,19.0,61.0,1.0,0.0,0.0,568.0,92.0,0.0
823.0,1.0,19.0,63.0,1.0,0.0,0.0,559.0,97.0,0.0
596.0,0.0,7.0,56.0,2.0,0.0,0.0,365.0,89.0,0.0
661.0,1.0,11.0,47.0,1.0,0.0,0.0,452.0,62.0,0.0
564.0,0.0,7.0,40.0,1.0,0.0,0.0,359.0,81.0,0.0
804.0,0.0,19.0,77.0,2.0,0.0,0.0,519.0,116.0,0.0
567.0,0.0,11.0,44.0,1.0,0.0,0.0,380.0,57.0,0.0
612.0,0.0,9.0,47.0,2.0,0.0,0.0,386.0,95.0,0.0
555.0,0.0,7.0,40.0,1.0,0.0,0.0,370.0,59.0,0.0
509.0,0.0,6.0,34.0,1.0,0.0,0.0,349.0,43.0,0.0
638.0,1.0,11.0,43.0,1.0,0.0,0.0,442.0,56.0,0.0
826.0,1.0,19.0,61.0,1.0,0.0,0.0,574.0,87.0,0.0
762.0,0.0,19.0,63.0,1.0,0.0,0.0,516.0,95.0,0.0
620.0,0.0,11.0,48.0,1.0,0.0,0.0,406.0,82.0,0.0
859.0,1.0,19.0,67.0,1.0,0.0,0.0,584.0,100.0,0.0
576.0,0.0,11.0,46.0,1.0,0.0,0.0,385.0,59.0,0.0
634.0,1.0,11.0,43.0,1.0,0.0,0.0,441.0,53.0,0.0
807.0,1.0,19.0,63.0,1.0,0.0,0.0,555.0,87.0,0.0
830.0,1.0,19.0,61.0,1.0,0.0,0.0,576.0,87.0,0.0
779.0,0.0,19.0,72.0,3.0,0.0,0.0,538.0,75.0,0.0
828.0,1.0,19.0,64.0,1.0,0.0,0.0,565.0,97.0,0.0
635.0,1.0,9.0,49.0,5.0,0.0,0.0,421.0,65.0,0.0
522.0,0.0,7.0,36.0,1.0,0.0,0.0,349.0,53.0,0.0
625.0,0.0,11.0,55.0,3.0,0.0,0.0,412.0,67.0,0.0
570.0,0.0,7.0,40.0,1.0,0.0,0.0,361.0,85.0,0.0
785.0,0.0,19.0,73.0,4.0,0.0,0.0,511.0,106.0,0.0
597.0,1.0,7.0,39.0,1.0,0.0,0.0,403.0,59.0,0.0
516.0,0.0,6.0,34.0,1.0,0.0,0.0,347.0,49.0,0.0
630.0,0.0,11.0,50.0,1.0,0.0,0.0,403.0,90.0,0.0
815.0,1.0,19.0,64.0,1.0,0.0,0.0,562.0,88.0,0.0
571.0,0.0,11.0,45.0,1.0,0.0,0.0,388.0,55.0,0.0
830.0,1.0,19.0,63.0,1.0,0.0,0.0,566.0,96.0,0.0
768.0,0.0,19.0,62.0,1.0,0.0,0.0,513.0,100.0,0.0
569.0,0.0,11.0,43.0,1.0,0.0,0.0,389.0,54.0,0.0
885.0,1.0,19.0,71.0,1.0,0.0,0.0,608.0,103.0,0.0
742.0,0.0,19.0,63.0,1.0,0.0,0.0,501.0,88.0,0.0
828.0,1.0,19.0,64.0,1.0,0.0,0.0,560.0,99.0,0.0
854.0,1.0,19.0,64.0,2.0,0.0,0.0,589.0,94.0,0.0
647.0,0.0,11.0,51.0,3.0,0.0,0.0,433.0,65.0,0.0
859.0,1.0,19.0,68.0,1.0,0.0,0.0,563.0,125.0,0.0
761.0,0.0,19.0,66.0,1.0,0.0,0.0,519.0,88.0,0.0
775.0,0.0,19.0,62.0,2.0,0.0,0.0,528.0,90.0,0.0
605.0,1.0,9.0,39.0,2.0,0.0,0.0,416.0,54.0,0.0
523.0,0.0,6.0,35.0,1.0,0.0,0.0,353.0,48.0,0.0
683.0,1.0,9.0,51.0,2.0,0.0,0.0,457.0,79.0,0.0
739.0,0.0,19.0,63.0,1.0,0.0,0.0,499.0,90.0,0.0
493.0,0.0,6.0,32.0,1.0,0.0,0.0,326.0,52.0,0.0
538.0,0.0,7.0,36.0,1.0,0.0,0.0,369.0,49.0,0.0
512.0,0.0,6.0,33.0,1.0,0.0,0.0,341.0,51.0,0.0
1171.0,1.0,9.0,148.0,2.0,0.0,0.0,472.0,453.0,0.0
667.0,0.0,11.0,58.0,1.0,0.0,0.0,424.0,100.0,0.0
866.0,1.0,19.0,68.0,1.0,0.0,0.0,590.0,104.0,0.0
573.0,0.0,7.0,40.0,1.0,0.0,0.0,369.0,80.0,0.0
553.0,0.0,7.0,43.0,2.0,0.0,0.0,359.0,65.0,0.0
567.0,0.0,11.0,43.0,1.0,0.0,0.0,383.0,58.0,0.0
559.0,0.0,9.0,40.0,2.0,0.0,0.0,375.0,58.0,0.0
816.0,1.0,19.0,63.0,1.0,0.0,0.0,555.0,95.0,0.0
768.0,0.0,19.0,66.0,1.0,0.0,0.0,518.0,94.0,0.0
805.0,1.0,19.0,62.0,1.0,0.0,0.0,552.0,90.0,0.0
631.0,0.0,11.0,50.0,1.0,0.0,0.0,406.0,88.0,0.0
689.0,1.0,11.0,48.0,1.0,0.0,0.0,455.0,89.0,0.0
767.0,0.0,19.0,64.0,1.0,0.0,0.0,529.0,84.0,0.0
803.0,0.0,19.0,74.0,2.0,0.0,0.0,525.0,108.0,0.0
769.0,0.0,19.0,63.0,1.0,0.0,0.0,524.0,87.0,0.0
820.0,1.0,19.0,63.0,1.0,0.0,0.0,562.0,95.0,0.0
559.0,0.0,11.0,46.0,1.0,0.0,0.0,367.0,62.0,0.0
830.0,1.0,19.0,63.0,1.0,0.0,0.0,573.0,90.0,0.0
593.0,0.0,7.0,56.0,2.0,0.0,0.0,364.0,87.0,0.0
772.0,0.0,19.0,65.0,1.0,0.0,0.0,527.0,91.0,0.0
872.0,1.0,19.0,69.0,1.0,0.0,0.0,570.0,130.0,0.0
598.0,1.0,7.0,36.0,1.0,0.0,0.0,409.0,56.0,0.0
810.0,0.0,19.0,70.0,1.0,0.0,0.0,522.0,129.0,0.0
837.0,1.0,19.0,60.0,1.0,0.0,0.0,584.0,87.0,0.0
607.0,1.0,7.0,36.0,1.0,0.0,0.0,424.0,50.0,0.0
492.0,0.0,6.0,32.0,1.0,0.0,0.0,333.0,44.0,0.0
645.0,1.0,11.0,46.0,1.0,0.0,0.0,443.0,60.0,0.0
745.0,1.0,11.0,58.0,1.0,0.0,0.0,492.0,99.0,0.0
747.0,0.0,19.0,64.0,1.0,0.0,0.0,504.0,91.0,0.0
758.0,0.0,19.0,62.0,1.0,0.0,0.0,514.0,93.0,0.0
607.0,1.0,9.0,39.0,2.0,0.0,0.0,411.0,60.0,0.0
806.0,1.0,19.0,63.0,1.0,0.0,0.0,552.0,91.0,0.0
605.0,0.0,7.0,45.0,1.0,0.0,0.0,393.0,83.0,0.0
612.0,1.0,9.0,40.0,2.0,0.0,0.0,415.0,59.0,0.0
785.0,0.0,19.0,64.0,1.0,0.0,0.0,540.0,86.0,0.0
800.0,1.0,19.0,61.0,1.0,0.0,0.0,547.0,90.0,0.0
771.0,0.0,19.0,65.0,1.0,0.0,0.0,516.0,97.0,0.0
573.0,0.0,11.0,44.0,1.0,0.0,0.0,391.0,55.0,0.0
901.0,1.0,19.0,84.0,2.0,0.0,0.0,573.0,136.0,0.0
703.0,1.0,11.0,55.0,1.0,0.0,0.0,468.0,83.0,0.0
573.0,0.0,11.0,45.0,1.0,0.0,0.0,379.0,61.0,0.0
757.0,0.0,19.0,65.0,1.0,0.0,0.0,509.0,93.0,0.0
762.0,0.0,19.0,65.0,1.0,0.0,0.0,515.0,91.0,0.0
847.0,1.0,19.0,64.0,1.0,0.0,0.0,584.0,91.0,0.0
823.0,1.0,19.0,65.0,1.0,0.0,0.0,559.0,95.0,0.0
760.0,0.0,19.0,64.0,1.0,0.0,0.0,509.0,96.0,0.0
498.0,0.0,6.0,33.0,1.0,0.0,0.0,340.0,42.0,0.0
607.0,1.0,9.0,39.0,2.0,0.0,0.0,410.0,62.0,0.0
519.0,0.0,6.0,34.0,1.0,0.0,0.0,330.0,71.0,0.0
831.0,0.0,19.0,61.0,1.0,0.0,0.0,581.0,86.0,0.0
603.0,1.0,7.0,40.0,1.0,0.0,0.0,404.0,61.0,0.0
647.0,1.0,7.0,40.0,1.0,0.0,0.0,426.0,83.0,0.0
588.0,0.0,7.0,43.0,1.0,0.0,0.0,367.0,94.0,0.0
834.0,1.0,19.0,63.0,1.0,0.0,0.0,570.0,96.0,0.0
842.0,1.0,19.0,66.0,1.0,0.0,0.0,577.0,96.0,0.0
826.0,1.0,19.0,65.0,1.0,0.0,0.0,560.0,97.0,0.0
736.0,0.0,19.0,63.0,1.0,0.0,0.0,488.0,97.0,0.0
827.0,0.0,19.0,63.0,1.0,0.0,0.0,563.0,99.0,0.0
504.0,0.0,6.0,33.0,1.0,0.0,0.0,344.0,44.0,0.0
831.0,1.0,19.0,63.0,1.0,0.0,0.0,573.0,90.0,0.0
1316.0,0.0,19.0,170.0,1.0,0.0,0.0,573.0,478.0,0.0
576.0,0.0,11.0,47.0,1.0,0.0,0.0,384.0,59.0,0.0
656.0,1.0,7.0,56.0,2.0,0.0,0.0,406.0,95.0,0.0
655.0,1.0,7.0,53.0,2.0,0.0,0.0,418.0,85.0,0.0
805.0,1.0,19.0,62.0,1.0,0.0,0.0,554.0,86.0,0.0
746.0,0.0,19.0,61.0,1.0,0.0,0.0,503.0,92.0,0.0
578.0,0.0,11.0,46.0,1.0,0.0,0.0,392.0,57.0,0.0
636.0,1.0,11.0,43.0,1.0,0.0,0.0,443.0,53.0,0.0
830.0,1.0,19.0,64.0,1.0,0.0,0.0,569.0,95.0,0.0
478.0,0.0,6.0,32.0,1.0,0.0,0.0,314.0,50.0,0.0
731.0,0.0,19.0,62.0,1.0,0.0,0.0,491.0,91.0,0.0
633.0,1.0,7.0,40.0,1.0,0.0,0.0,417.0,79.0,0.0
780.0,0.0,19.0,65.0,1.0,0.0,0.0,530.0,90.0,0.0
713.0,1.0,7.0,49.0,1.0,0.0,0.0,467.0,100.0,0.0
604.0,0.0,11.0,47.0,1.0,0.0,0.0,402.0,71.0,0.0
581.0,1.0,7.0,35.0,1.0,0.0,0.0,394.0,56.0,0.0
839.0,1.0,19.0,64.0,1.0,0.0,0.0,571.0,100.0,0.0
799.0,0.0,19.0,63.0,1.0,0.0,0.0,546.0,94.0,0.0
574.0,0.0,9.0,51.0,5.0,0.0,0.0,368.0,68.0,0.0
613.0,1.0,7.0,43.0,2.0,0.0,0.0,403.0,68.0,0.0
571.0,0.0,11.0,44.0,1.0,0.0,0.0,387.0,54.0,0.0
522.0,0.0,6.0,34.0,1.0,0.0,0.0,355.0,47.0,0.0
839.0,1.0,19.0,63.0,1.0,0.0,0.0,576.0,97.0,0.0
493.0,0.0,6.0,32.0,1.0,0.0,0.0,329.0,47.0,0.0
668.0,1.0,7.0,48.0,4.0,0.0,0.0,448.0,67.0,0.0
608.0,1.0,7.0,40.0,1.0,0.0,0.0,406.0,63.0,0.0
804.0,0.0,19.0,74.0,1.0,0.0,0.0,529.0,113.0,0.0
592.0,0.0,11.0,53.0,4.0,0.0,0.0,378.0,73.0,0.0
764.0,0.0,19.0,62.0,1.0,0.0,0.0,527.0,85.0,0.0
516.0,0.0,6.0,33.0,1.0,0.0,0.0,327.0,72.0,0.0
496.0,0.0,6.0,33.0,1.0,0.0,0.0,327.0,53.0,0.0
585.0,0.0,7.0,43.0,1.0,0.0,0.0,366.0,92.0,0.0
772.0,0.0,19.0,63.0,1.0,0.0,0.0,531.0,86.0,0.0
900.0,1.0,19.0,79.0,2.0,0.0,0.0,588.0,124.0,0.0
494.0,0.0,6.0,33.0,1.0,0.0,0.0,333.0,45.0,0.0
810.0,1.0,19.0,63.0,1.0,0.0,0.0,555.0,90.0,0.0
611.0,1.0,9.0,39.0,2.0,0.0,0.0,411.0,63.0,0.0
605.0,1.0,9.0,40.0,2.0,0.0,0.0,412.0,57.0,0.0
522.0,0.0,6.0,35.0,1.0,0.0,0.0,347.0,54.0,0.0
583.0,0.0,11.0,47.0,1.0,0.0,0.0,390.0,59.0,0.0
758.0,0.0,19.0,62.0,1.0,0.0,0.0,505.0,100.0,0.0
564.0,0.0,11.0,44.0,1.0,0.0,0.0,381.0,56.0,0.0
683.0,1.0,7.0,49.0,1.0,0.0,0.0,439.0,99.0,0.0
867.0,1.0,19.0,75.0,4.0,0.0,0.0,579.0,104.0,0.0
556.0,0.0,7.0,44.0,2.0,0.0,0.0,358.0,68.0,0.0
609.0,0.0,11.0,47.0,1.0,0.0,0.0,396.0,82.0,0.0
533.0,0.0,7.0,35.0,1.0,0.0,0.0,358.0,56.0,0.0
525.0,0.0,7.0,39.0,1.0,0.0,0.0,348.0,55.0,0.0
567.0,0.0,9.0,49.0,4.0,0.0,0.0,369.0,62.0,0.0
682.0,0.0,7.0,53.0,1.0,1.0,0.0,461.0,76.0,0.0
527.0,0.0,6.0,34.0,1.0,0.0,0.0,339.0,71.0,0.0
810.0,1.0,19.0,61.0,1.0,0.0,0.0,554.0,92.0,0.0
593.0,0.0,9.0,54.0,2.0,0.0,0.0,364.0,89.0,0.0
659.0,1.0,11.0,48.0,1.0,0.0,0.0,449.0,64.0,0.0
839.0,1.0,19.0,65.0,1.0,0.0,0.0,580.0,91.0,0.0
843.0,1.0,19.0,62.0,1.0,0.0,0.0,578.0,98.0,0.0
700.0,1.0,11.0,49.0,1.0,0.0,0.0,461.0,90.0,0.0
818.0,1.0,19.0,61.0,1.0,0.0,0.0,562.0,92.0,0.0
573.0,0.0,7.0,50.0,2.0,0.0,0.0,357.0,80.0,0.0
740.0,0.0,19.0,60.0,1.0,0.0,0.0,505.0,86.0,0.0
753.0,0.0,19.0,64.0,1.0,0.0,0.0,516.0,84.0,0.0
816.0,1.0,19.0,63.0,1.0,0.0,0.0,559.0,93.0,0.0
754.0,0.0,19.0,63.0,1.0,0.0,0.0,508.0,93.0,0.0
527.0,0.0,6.0,34.0,1.0,0.0,0.0,342.0,66.0,0.0
628.0,1.0,9.0,40.0,2.0,0.0,0.0,430.0,59.0,0.0
762.0,0.0,19.0,68.0,1.0,0.0,0.0,516.0,88.0,0.0
633.0,0.0,11.0,43.0,1.0,0.0,0.0,444.0,51.0,0.0
608.0,1.0,9.0,40.0,2.0,0.0,0.0,415.0,57.0,0.0
852.0,1.0,19.0,72.0,1.0,0.0,0.0,571.0,109.0,0.0
638.0,1.0,7.0,45.0,1.0,0.0,0.0,430.0,66.0,0.0
819.0,1.0,19.0,65.0,1.0,0.0,0.0,551.0,102.0,0.0
540.0,0.0,9.0,40.0,2.0,0.0,0.0,356.0,61.0,0.0
567.0,0.0,11.0,43.0,1.0,0.0,0.0,382.0,58.0,0.0
757.0,0.0,19.0,63.0,1.0,0.0,0.0,513.0,89.0,0.0
750.0,0.0,19.0,64.0,1.0,0.0,0.0,500.0,97.0,0.0
643.0,1.0,11.0,46.0,1.0,0.0,0.0,438.0,60.0,0.0
832.0,0.0,19.0,71.0,1.0,0.0,0.0,554.0,112.0,0.0
573.0,0.0,11.0,44.0,1.0,0.0,0.0,385.0,61.0,0.0
504.0,0.0,6.0,33.0,1.0,0.0,0.0,332.0,55.0,0.0
856.0,1.0,19.0,64.0,1.0,0.0,0.0,587.0,94.0,0.0
575.0,0.0,11.0,46.0,1.0,0.0,0.0,380.0,63.0,0.0
800.0,0.0,19.0,77.0,2.0,0.0,0.0,516.0,116.0,0.0
756.0,0.0,19.0,62.0,1.0,0.0,0.0,504.0,99.0,0.0
751.0,0.0,19.0,60.0,1.0,0.0,0.0,510.0,89.0,0.0
599.0,0.0,7.0,41.0,1.0,0.0,0.0,389.0,84.0,0.0
536.0,0.0,6.0,34.0,1.0,0.0,0.0,346.0,71.0,0.0
835.0,1.0,19.0,64.0,1.0,0.0,0.0,571.0,94.0,0.0
663.0,1.0,11.0,51.0,1.0,0.0,0.0,439.0,72.0,0.0
629.0,1.0,11.0,43.0,1.0,0.0,0.0,436.0,53.0,0.0
800.0,1.0,19.0,63.0,1.0,0.0,0.0,538.0,97.0,0.0
634.0,1.0,11.0,44.0,1.0,0.0,0.0,440.0,54.0,0.0
490.0,0.0,6.0,32.0,1.0,0.0,0.0,331.0,45.0,0.0
836.0,1.0,19.0,65.0,1.0,0.0,0.0,572.0,94.0,0.0
579.0,0.0,7.0,35.0,1.0,0.0,0.0,397.0,52.0,0.0
762.0,0.0,19.0,66.0,1.0,0.0,0.0,513.0,92.0,0.0
610.0,1.0,9.0,39.0,2.0,0.0,0.0,421.0,52.0,0.0
757.0,0.0,19.0,61.0,1.0,0.0,0.0,517.0,87.0,0.0
876.0,1.0,19.0,66.0,3.0,0.0,0.0,601.0,95.0,0.0
1137.0,1.0,7.0,144.0,1.0,0.0,0.0,446.0,449.0,0.0
838.0,1.0,19.0,62.0,1.0,0.0,0.0,585.0,87.0,0.0
530.0,0.0,6.0,34.0,1.0,0.0,0.0,365.0,44.0,0.0
957.0,1.0,19.0,75.0,1.0,0.0,0.0,640.0,137.0,0.0
626.0,1.0,7.0,44.0,2.0,0.0,0.0,416.0,67.0,0.0
514.0,0.0,7.0,35.0,1.0,0.0,0.0,347.0,48.0,0.0
678.0,1.0,11.0,52.0,2.0,0.0,0.0,457.0,70.0,0.0
629.0,0.0,11.0,52.0,1.0,0.0,0.0,418.0,71.0,0.0
807.0,1.0,19.0,63.0,1.0,0.0,0.0,550.0,92.0,0.0
486.0,0.0,6.0,31.0,1.0,0.0,0.0,325.0,46.0,0.0
831.0,1.0,19.0,62.0,1.0,0.0,0.0,566.0,99.0,0.0
648.0,1.0,7.0,47.0,4.0,0.0,0.0,435.0,65.0,0.0
584.0,1.0,7.0,36.0,1.0,0.0,0.0,393.0,59.0,0.0
569.0,0.0,7.0,45.0,1.0,0.0,0.0,371.0,69.0,0.0
520.0,0.0,6.0,35.0,1.0,0.0,0.0,349.0,50.0,0.0
827.0,1.0,19.0,69.0,1.0,0.0,0.0,566.0,91.0,0.0
698.0,1.0,11.0,51.0,1.0,0.0,0.0,473.0,76.0,0.0
645.0,1.0,11.0,45.0,1.0,0.0,0.0,440.0,61.0,0.0
843.0,1.0,19.0,63.0,1.0,0.0,0.0,581.0,94.0,0.0
811.0,1.0,19.0,64.0,1.0,0.0,0.0,555.0,88.0,0.0
496.0,0.0,6.0,32.0,1.0,0.0,0.0,330.0,48.0,0.0
873.0,1.0,19.0,73.0,2.0,0.0,0.0,588.0,104.0,0.0
523.0,0.0,6.0,35.0,1.0,0.0,0.0,349.0,52.0,0.0
707.0,0.0,9.0,57.0,2.0,1.0,0.0,473.0,85.0,0.0
832.0,1.0,19.0,63.0,1.0,0.0,0.0,569.0,95.0,0.0
610.0,0.0,11.0,56.0,2.0,0.0,0.0,387.0,79.0,0.0
756.0,0.0,19.0,63.0,1.0,0.0,0.0,503.0,99.0,0.0
494.0,0.0,6.0,32.0,1.0,0.0,0.0,329.0,48.0,0.0
476.0,0.0,6.0,30.0,1.0,0.0,0.0,315.0,48.0,0.0
520.0,0.0,6.0,34.0,1.0,0.0,0.0,330.0,71.0,0.0
827.0,1.0,19.0,65.0,1.0,0.0,0.0,564.0,95.0,0.0
577.0,0.0,11.0,45.0,1.0,0.0,0.0,392.0,55.0,0.0
751.0,0.0,19.0,66.0,1.0,0.0,0.0,506.0,89.0,0.0
758.0,0.0,19.0,62.0,1.0,0.0,0.0,511.0,91.0,0.0
762.0,0.0,19.0,64.0,2.0,0.0,0.0,519.0,86.0,0.0
635.0,1.0,7.0,44.0,3.0,0.0,0.0,422.0,68.0,0.0
859.0,1.0,19.0,71.0,3.0,0.0,0.0,577.0,104.0,0.0
565.0,0.0,11.0,44.0,1.0,0.0,0.0,385.0,53.0,0.0
755.0,0.0,19.0,64.0,1.0,0.0,0.0,515.0,88.0,0.0
824.0,1.0,19.0,64.0,1.0,0.0,0.0,565.0,93.0,0.0
800.0,0.0,19.0,70.0,2.0,0.0,0.0,538.0,100.0,0.0
844.0,1.0,19.0,64.0,1.0,0.0,0.0,583.0,92.0,0.0
565.0,0.0,7.0,45.0,1.0,0.0,0.0,369.0,68.0,0.0
741.0,0.0,19.0,61.0,1.0,0.0,0.0,500.0,92.0,0.0
650.0,1.0,11.0,48.0,1.0,0.0,0.0,435.0,67.0,0.0
823.0,1.0,19.0,63.0,1.0,0.0,0.0,574.0,82.0,0.0
643.0,0.0,11.0,52.0,1.0,0.0,0.0,401.0,103.0,0.0
675.0,1.0,9.0,54.0,3.0,0.0,0.0,431.0,89.0,0.0
518.0,0.0,7.0,36.0,1.0,0.0,0.0,350.0,49.0,0.0
488.0,0.0,6.0,32.0,1.0,0.0,0.0,319.0,53.0,0.0
509.0,0.0,6.0,33.0,1.0,0.0,0.0,319.0,75.0,0.0
830.0,1.0,19.0,65.0,1.0,0.0,0.0,569.0,91.0,0.0
637.0,0.0,11.0,43.0,1.0,0.0,0.0,442.0,57.0,0.0
564.0,0.0,7.0,45.0,1.0,0.0,0.0,381.0,55.0,0.0
836.0,1.0,19.0,63.0,1.0,0.0,0.0,581.0,87.0,0.0
644.0,1.0,11.0,46.0,1.0,0.0,0.0,444.0,58.0,0.0
498.0,0.0,6.0,32.0,1.0,0.0,0.0,336.0,45.0,0.0
569.0,0.0,11.0,45.0,1.0,0.0,0.0,381.0,57.0,0.0
521.0,0.0,6.0,35.0,1.0,0.0,0.0,348.0,51.0,0.0
764.0,0.0,19.0,61.0,1.0,0.0,0.0,521.0,90.0,0.0
566.0,0.0,11.0,43.0,1.0,0.0,0.0,390.0,50.0,0.0
576.0,1.0,7.0,36.0,1.0,0.0,0.0,384.0,60.0,0.0
581.0,0.0,11.0,48.0,1.0,0.0,0.0,383.0,65.0,0.0
754.0,0.0,19.0,63.0,1.0,0.0,0.0,509.0,93.0,0.0
754.0,0.0,19.0,63.0,1.0,0.0,0.0,510.0,90.0,0.0
488.0,0.0,6.0,32.0,1.0,0.0,0.0,326.0,46.0,0.0
564.0,0.0,11.0,44.0,1.0,0.0,0.0,384.0,53.0,0.0
579.0,0.0,7.0,35.0,1.0,0.0,0.0,394.0,55.0,0.0
818.0,0.0,19.0,68.0,3.0,0.0,0.0,549.0,100.0,0.0
579.0,0.0,7.0,41.0,1.0,0.0,0.0,369.0,85.0,0.0
841.0,0.0,19.0,67.0,1.0,0.0,0.0,561.0,117.0,0.0
517.0,0.0,7.0,35.0,1.0,0.0,0.0,353.0,45.0,0.0
567.0,0.0,11.0,45.0,1.0,0.0,0.0,387.0,52.0,0.0
846.0,1.0,19.0,65.0,1.0,0.0,0.0,588.0,87.0,0.0
819.0,1.0,19.0,65.0,1.0,0.0,0.0,548.0,100.0,0.0
505.0,0.0,6.0,33.0,1.0,0.0,0.0,339.0,49.0,0.0
823.0,1.0,19.0,61.0,1.0,0.0,0.0,568.0,90.0,0.0
755.0,0.0,19.0,63.0,1.0,0.0,0.0,508.0,92.0,0.0
521.0,0.0,6.0,34.0,1.0,0.0,0.0,333.0,70.0,0.0
574.0,0.0,11.0,46.0,1.0,0.0,0.0,381.0,61.0,0.0
814.0,1.0,19.0,65.0,1.0,0.0,0.0,551.0,97.0,0.0
606.0,1.0,9.0,39.0,2.0,0.0,0.0,416.0,55.0,0.0
736.0,0.0,11.0,61.0,1.0,1.0,0.0,500.0,83.0,0.0
762.0,0.0,19.0,64.0,1.0,0.0,0.0,520.0,86.0,0.0
826.0,1.0,19.0,62.0,1.0,0.0,0.0,572.0,88.0,0.0
769.0,0.0,19.0,63.0,1.0,0.0,0.0,522.0,93.0,0.0
730.0,0.0,19.0,62.0,1.0,0.0,0.0,493.0,88.0,0.0
635.0,1.0,11.0,44.0,1.0,0.0,0.0,444.0,51.0,0.0
735.0,0.0,19.0,62.0,1.0,0.0,0.0,492.0,90.0,0.0
809.0,1.0,19.0,61.0,1.0,0.0,0.0,559.0,88.0,0.0
809.0,1.0,19.0,63.0,1.0,0.0,0.0,550.0,96.0,0.0
814.0,1.0,19.0,61.0,1.0,0.0,0.0,561.0,91.0,0.0
1143.0,1.0,7.0,144.0,1.0,0.0,0.0,451.0,450.0,0.0
519.0,0.0,6.0,34.0,1.0,0.0,0.0,355.0,44.0,0.0
739.0,0.0,19.0,61.0,1.0,0.0,0.0,491.0,97.0,0.0
742.0,0.0,19.0,64.0,1.0,0.0,0.0,495.0,95.0,0.0
509.0,0.0,6.0,33.0,1.0,0.0,0.0,320.0,73.0,0.0
643.0,1.0,11.0,46.0,1.0,0.0,0.0,446.0,55.0,0.0
878.0,1.0,19.0,71.0,2.0,0.0,0.0,592.0,108.0,0.0
1167.0,1.0,7.0,144.0,1.0,0.0,0.0,479.0,445.0,0.0
735.0,0.0,11.0,62.0,1.0,1.0,0.0,489.0,89.0,0.0
587.0,0.0,9.0,51.0,3.0,0.0,0.0,379.0,71.0,0.0
505.0,0.0,6.0,32.0,1.0,0.0,0.0,319.0,70.0,0.0
862.0,1.0,19.0,80.0,2.0,0.0,0.0,557.0,122.0,0.0
572.0,0.0,11.0,45.0,1.0,0.0,0.0,383.0,56.0,0.0
603.0,1.0,9.0,39.0,2.0,0.0,0.0,414.0,54.0,0.0
785.0,0.0,19.0,72.0,1.0,0.0,0.0,524.0,101.0,0.0
573.0,0.0,11.0,44.0,1.0,0.0,0.0,385.0,58.0,0.0
615.0,1.0,9.0,40.0,2.0,0.0,0.0,417.0,60.0,0.0
635.0,0.0,11.0,51.0,1.0,0.0,0.0,405.0,92.0,0.0
569.0,0.0,11.0,44.0,1.0,0.0,0.0,400.0,42.0,0.0
574.0,0.0,7.0,40.0,1.0,0.0,0.0,367.0,83.0,0.0
742.0,0.0,11.0,64.0,1.0,1.0,0.0,499.0,84.0,0.0
789.0,0.0,19.0,71.0,3.0,0.0,0.0,522.0,102.0,0.0
483.0,0.0,6.0,31.0,1.0,0.0,0.0,327.0,43.0,0.0
862.0,1.0,19.0,69.0,2.0,0.0,0.0,577.0,110.0,0.0
654.0,0.0,11.0,65.0,2.0,0.0,0.0,405.0,95.0,0.0
542.0,0.0,9.0,39.0,2.0,0.0,0.0,363.0,55.0,0.0
503.0,0.0,6.0,33.0,1.0,0.0,0.0,339.0,45.0,0.0
828.0,1.0,19.0,65.0,1.0,0.0,0.0,567.0,95.0,0.0
518.0,0.0,6.0,35.0,1.0,0.0,0.0,343.0,53.0,0.0
510.0,0.0,6.0,33.0,1.0,0.0,0.0,342.0,52.0,0.0
622.0,0.0,7.0,49.0,1.0,0.0,0.0,391.0,99.0,0.0
708.0,1.0,9.0,53.0,2.0,0.0,0.0,455.0,104.0,0.0
641.0,1.0,11.0,45.0,1.0,0.0,0.0,435.0,60.0,0.0
635.0,0.0,11.0,53.0,1.0,0.0,0.0,416.0,83.0,0.0
579.0,0.0,9.0,47.0,3.0,0.0,0.0,380.0,64.0,0.0
703.0,1.0,11.0,55.0,1.0,0.0,0.0,466.0,85.0,0.0
630.0,1.0,11.0,43.0,1.0,0.0,0.0,432.0,59.0,0.0
819.0,1.0,19.0,61.0,1.0,0.0,0.0,566.0,88.0,0.0
635.0,1.0,11.0,43.0,1.0,0.0,0.0,435.0,61.0,0.0
509.0,0.0,6.0,35.0,1.0,0.0,0.0,339.0,52.0,0.0
647.0,1.0,9.0,47.0,3.0,0.0,0.0,438.0,63.0,0.0
629.0,0.0,11.0,56.0,4.0,0.0,0.0,411.0,71.0,0.0
605.0,0.0,9.0,54.0,3.0,0.0,0.0,382.0,81.0,0.0
502.0,0.0,6.0,33.0,1.0,0.0,0.0,335.0,50.0,0.0
530.0,0.0,7.0,36.0,1.0,0.0,0.0,356.0,54.0,0.0
644.0,1.0,11.0,46.0,1.0,0.0,0.0,438.0,64.0,0.0
886.0,1.0,19.0,74.0,3.0,0.0,0.0,605.0,100.0,0.0
586.0,1.0,7.0,35.0,1.0,0.0,0.0,402.0,52.0,0.0
641.0,0.0,11.0,54.0,1.0,0.0,0.0,409.0,92.0,0.0
644.0,1.0,11.0,46.0,1.0,0.0,0.0,441.0,58.0,0.0
622.0,0.0,7.0,49.0,1.0,0.0,0.0,394.0,96.0,0.0
499.0,0.0,6.0,34.0,1.0,0.0,0.0,333.0,49.0,0.0
523.0,0.0,6.0,35.0,2.0,0.0,0.0,356.0,48.0,0.0
898.0,1.0,19.0,74.0,1.0,0.0,0.0,601.0,116.0,0.0
741.0,0.0,19.0,65.0,1.0,0.0,0.0,495.0,94.0,0.0
631.0,1.0,11.0,43.0,1.0,0.0,0.0,433.0,59.0,0.0
771.0,0.0,19.0,62.0,1.0,0.0,0.0,527.0,90.0,0.0
644.0,1.0,11.0,45.0,1.0,0.0,0.0,441.0,59.0,0.0
822.0,1.0,19.0,64.0,1.0,0.0,0.0,558.0,95.0,0.0
520.0,0.0,7.0,36.0,1.0,0.0,0.0,347.0,53.0,0.0
743.0,0.0,19.0,63.0,1.0,0.0,0.0,500.0,90.0,0.0
638.0,1.0,11.0,44.0,1.0,0.0,0.0,437.0,58.0,0.0
833.0,1.0,19.0,63.0,1.0,0.0,0.0,574.0,92.0,0.0
519.0,0.0,6.0,34.0,1.0,0.0,0.0,349.0,50.0,0.0
652.0,1.0,7.0,53.0,2.0,0.0,0.0,411.0,89.0,0.0
538.0,0.0,9.0,39.0,2.0,0.0,0.0,354.0,62.0,0.0
525.0,0.0,6.0,34.0,1.0,0.0,0.0,351.0,54.0,0.0
822.0,1.0,19.0,63.0,1.0,0.0,0.0,566.0,89.0,0.0
513.0,0.0,7.0,35.0,1.0,0.0,0.0,345.0,50.0,0.0
827.0,1.0,19.0,61.0,1.0,0.0,0.0,564.0,98.0,0.0
828.0,1.0,19.0,60.0,1.0,0.0,0.0,571.0,91.0,0.0
495.0,0.0,6.0,33.0,1.0,0.0,0.0,327.0,51.0,0.0
631.0,0.0,11.0,49.0,3.0,0.0,0.0,420.0,65.0,0.0
644.0,1.0,11.0,45.0,1.0,0.0,0.0,440.0,59.0,0.0
568.0,0.0,11.0,44.0,1.0,0.0,0.0,387.0,51.0,0.0
630.0,1.0,11.0,43.0,1.0,0.0,0.0,435.0,55.0,0.0
836.0,1.0,19.0,64.0,1.0,0.0,0.0,573.0,97.0,0.0
814.0,0.0,19.0,71.0,2.0,0.0,0.0,536.0,109.0,0.0
809.0,1.0,19.0,65.0,1.0,0.0,0.0,553.0,90.0,0.0
734.0,0.0,11.0,61.0,1.0,1.0,0.0,498.0,83.0,0.0
1296.0,0.0,19.0,169.0,1.0,0.0,0.0,553.0,483.0,0.0
521.0,0.0,6.0,35.0,1.0,0.0,0.0,349.0,50.0,0.0
639.0,1.0,11.0,44.0,1.0,0.0,0.0,439.0,59.0,0.0
519.0,0.0,6.0,34.0,1.0,0.0,0.0,333.0,68.0,0.0
770.0,0.0,19.0,62.0,1.0,0.0,0.0,524.0,92.0,0.0
768.0,0.0,19.0,64.0,1.0,0.0,0.0,524.0,87.0,0.0
596.0,0.0,11.0,54.0,4.0,0.0,0.0,382.0,71.0,0.0
815.0,1.0,19.0,63.0,1.0,0.0,0.0,554.0,96.0,0.0
514.0,0.0,7.0,36.0,1.0,0.0,0.0,343.0,52.0,0.0
770.0,0.0,19.0,66.0,1.0,0.0,0.0,519.0,97.0,0.0
508.0,0.0,6.0,33.0,1.0,0.0,0.0,323.0,70.0,0.0
513.0,0.0,6.0,34.0,1.0,0.0,0.0,340.0,52.0,0.0
855.0,1.0,19.0,63.0,1.0,0.0,0.0,600.0,84.0,0.0
834.0,1.0,19.0,63.0,1.0,0.0,0.0,576.0,92.0,0.0
543.0,0.0,9.0,39.0,2.0,0.0,0.0,361.0,58.0,0.0
476.0,0.0,6.0,30.0,1.0,0.0,0.0,314.0,49.0,0.0
683.0,1.0,9.0,60.0,2.0,0.0,0.0,431.0,93.0,0.0
473.0,0.0,6.0,31.0,1.0,0.0,0.0,310.0,50.0,0.0
776.0,0.0,19.0,65.0,1.0,0.0,0.0,530.0,90.0,0.0
670.0,0.0,11.0,58.0,1.0,0.0,0.0,429.0,100.0,0.0
823.0,0.0,19.0,73.0,2.0,0.0,0.0,537.0,116.0,0.0
728.0,0.0,19.0,60.0,1.0,0.0,0.0,495.0,85.0,0.0
639.0,1.0,11.0,46.0,1.0,0.0,0.0,441.0,56.0,0.0
815.0,1.0,19.0,63.0,1.0,0.0,0.0,554.0,95.0,0.0
501.0,0.0,6.0,33.0,1.0,0.0,0.0,333.0,53.0,0.0
667.0,1.0,9.0,43.0,2.0,0.0,0.0,438.0,87.0,0.0
587.0,0.0,7.0,47.0,2.0,0.0,0.0,377.0,76.0,0.0
511.0,0.0,6.0,34.0,1.0,0.0,0.0,340.0,51.0,0.0
570.0,0.0,11.0,43.0,1.0,0.0,0.0,391.0,53.0,0.0
816.0,1.0,19.0,64.0,1.0,0.0,0.0,554.0,97.0,0.0
545.0,0.0,9.0,40.0,2.0,0.0,0.0,368.0,52.0,0.0
599.0,1.0,7.0,36.0,2.0,0.0,0.0,413.0,51.0,0.0
628.0,1.0,9.0,44.0,2.0,0.0,0.0,422.0,64.0,0.0
568.0,0.0,11.0,44.0,1.0,0.0,0.0,384.0,54.0,0.0
521.0,0.0,6.0,34.0,1.0,0.0,0.0,354.0,47.0,0.0
787.0,0.0,19.0,66.0,1.0,0.0,0.0,535.0,91.0,0.0
645.0,1.0,11.0,45.0,1.0,0.0,0.0,442.0,60.0,0.0
819.0,1.0,19.0,64.0,1.0,0.0,0.0,561.0,92.0,0.0
785.0,0.0,19.0,65.0,1.0,0.0,0.0,537.0,91.0,0.0
571.0,0.0,11.0,44.0,1.0,0.0,0.0,393.0,51.0,0.0
750.0,0.0,19.0,66.0,1.0,0.0,0.0,499.0,93.0,0.0
612.0,1.0,9.0,39.0,2.0,0.0,0.0,426.0,49.0,0.0
826.0,1.0,19.0,62.0,1.0,0.0,0.0,563.0,97.0,0.0
643.0,1.0,7.0,40.0,1.0,0.0,0.0,420.0,86.0,0.0
880.0,1.0,19.0,73.0,1.0,0.0,0.0,591.0,113.0,0.0
748.0,0.0,19.0,62.0,1.0,0.0,0.0,511.0,85.0,0.0
753.0,1.0,11.0,60.0,1.0,0.0,0.0,487.0,107.0,0.0
566.0,0.0,11.0,43.0,1.0,0.0,0.0,382.0,58.0,0.0
579.0,0.0,7.0,35.0,1.0,0.0,0.0,399.0,50.0,0.0
680.0,1.0,9.0,49.0,2.0,0.0,0.0,441.0,92.0,0.0
650.0,1.0,9.0,49.0,1.0,0.0,0.0,437.0,68.0,0.0
563.0,0.0,11.0,44.0,1.0,0.0,0.0,378.0,57.0,0.0
507.0,0.0,6.0,34.0,1.0,0.0,0.0,339.0,50.0,0.0
743.0,0.0,19.0,62.0,1.0,0.0,0.0,489.0,104.0,0.0
833.0,1.0,19.0,67.0,1.0,0.0,0.0,559.0,102.0,0.0
650.0,1.0,11.0,46.0,1.0,0.0,0.0,444.0,64.0,0.0
769.0,0.0,19.0,66.0,1.0,0.0,0.0,515.0,97.0,0.0
492.0,0.0,6.0,32.0,1.0,0.0,0.0,329.0,47.0,0.0
842.0,1.0,19.0,65.0,1.0,0.0,0.0,568.0,101.0,0.0
821.0,1.0,19.0,63.0,1.0,0.0,0.0,560.0,95.0,0.0
852.0,1.0,19.0,68.0,1.0,0.0,0.0,553.0,130.0,0.0
887.0,1.0,19.0,75.0,2.0,0.0,0.0,590.0,113.0,0.0
836.0,1.0,19.0,67.0,1.0,0.0,0.0,561.0,105.0,0.0
635.0,1.0,11.0,44.0,1.0,0.0,0.0,442.0,52.0,0.0
861.0,1.0,19.0,64.0,1.0,0.0,0.0,594.0,93.0,0.0
506.0,0.0,6.0,33.0,1.0,0.0,0.0,334.0,55.0,0.0
506.0,0.0,6.0,33.0,1.0,0.0,0.0,344.0,46.0,0.0
844.0,1.0,19.0,66.0,1.0,0.0,0.0,570.0,103.0,0.0
707.0,1.0,11.0,57.0,4.0,0.0,0.0,467.0,76.0,0.0
839.0,0.0,19.0,66.0,3.0,0.0,0.0,568.0,100.0,0.0
525.0,0.0,7.0,39.0,1.0,0.0,0.0,345.0,58.0,0.0
758.0,0.0,19.0,64.0,1.0,0.0,0.0,519.0,86.0,0.0
1131.0,0.0,11.0,153.0,1.0,0.0,0.0,437.0,453.0,0.0
651.0,0.0,11.0,56.0,1.0,0.0,0.0,425.0,84.0,0.0
805.0,1.0,19.0,62.0,1.0,0.0,0.0,548.0,91.0,0.0
749.0,0.0,19.0,62.0,1.0,0.0,0.0,508.0,89.0,0.0
605.0,0.0,7.0,45.0,1.0,0.0,0.0,389.0,87.0,0.0
631.0,0.0,11.0,43.0,1.0,0.0,0.0,440.0,53.0,0.0
615.0,0.0,11.0,54.0,2.0,0.0,0.0,397.0,75.0,0.0
517.0,0.0,7.0,35.0,1.0,0.0,0.0,345.0,53.0,0.0
820.0,0.0,19.0,81.0,2.0,0.0,0.0,527.0,118.0,0.0
528.0,0.0,7.0,39.0,1.0,0.0,0.0,347.0,59.0,0.0
820.0,1.0,19.0,63.0,1.0,0.0,0.0,559.0,96.0,0.0
640.0,1.0,7.0,47.0,2.0,0.0,0.0,418.0,75.0,0.0
554.0,0.0,7.0,36.0,2.0,0.0,0.0,383.0,48.0,0.0
833.0,1.0,19.0,65.0,1.0,0.0,0.0,569.0,94.0,0.0
521.0,0.0,6.0,34.0,1.0,0.0,0.0,337.0,67.0,0.0
508.0,0.0,6.0,32.0,1.0,0.0,0.0,327.0,65.0,0.0
582.0,0.0,11.0,48.0,1.0,0.0,0.0,387.0,62.0,0.0
565.0,0.0,7.0,45.0,1.0,0.0,0.0,372.0,65.0,0.0
757.0,0.0,19.0,64.0,1.0,0.0,0.0,509.0,94.0,0.0
557.0,0.0,7.0,38.0,1.0,0.0,0.0,356.0,79.0,0.0
656.0,1.0,7.0,56.0,2.0,0.0,0.0,404.0,97.0,0.0
639.0,1.0,11.0,44.0,1.0,0.0,0.0,436.0,62.0,0.0
782.0,0.0,19.0,66.0,1.0,0.0,0.0,523.0,100.0,0.0
508.0,0.0,6.0,33.0,1.0,0.0,0.0,321.0,71.0,0.0
507.0,0.0,6.0,33.0,1.0,0.0,0.0,321.0,71.0,0.0
709.0,1.0,11.0,61.0,2.0,0.0,0.0,458.0,88.0,0.0
636.0,1.0,11.0,44.0,1.0,0.0,0.0,441.0,52.0,0.0
564.0,0.0,11.0,43.0,1.0,0.0,0.0,385.0,53.0,0.0
807.0,1.0,11.0,61.0,1.0,1.0,0.0,555.0,86.0,0.0
780.0,0.0,19.0,72.0,1.0,0.0,0.0,515.0,106.0,0.0
852.0,1.0,19.0,69.0,1.0,0.0,0.0,575.0,99.0,0.0
674.0,1.0,9.0,52.0,5.0,0.0,0.0,448.0,68.0,0.0
752.0,0.0,19.0,64.0,1.0,0.0,0.0,508.0,91.0,0.0
503.0,0.0,6.0,34.0,1.0,0.0,0.0,336.0,49.0,0.0
648.0,1.0,11.0,47.0,1.0,0.0,0.0,440.0,62.0,0.0
751.0,0.0,19.0,63.0,1.0,0.0,0.0,514.0,86.0,0.0
817.0,0.0,19.0,62.0,1.0,0.0,0.0,564.0,90.0,0.0
816.0,0.0,19.0,71.0,3.0,0.0,0.0,546.0,101.0,0.0
820.0,0.0,19.0,64.0,1.0,0.0,0.0,558.0,94.0,0.0
842.0,0.0,19.0,69.0,3.0,0.0,0.0,581.0,89.0,0.0
587.0,0.0,9.0,48.0,3.0,0.0,0.0,380.0,69.0,0.0
835.0,1.0,19.0,64.0,1.0,0.0,0.0,574.0,92.0,0.0
822.0,1.0,19.0,61.0,1.0,0.0,0.0,563.0,94.0,0.0
745.0,0.0,19.0,63.0,1.0,0.0,0.0,508.0,86.0,0.0
619.0,0.0,11.0,47.0,1.0,0.0,0.0,408.0,80.0,0.0
502.0,0.0,6.0,33.0,1.0,0.0,0.0,333.0,52.0,0.0
572.0,0.0,11.0,46.0,1.0,0.0,0.0,391.0,51.0,0.0
822.0,0.0,19.0,77.0,4.0,0.0,0.0,545.0,100.0,0.0
829.0,1.0,19.0,66.0,1.0,0.0,0.0,568.0,92.0,0.0
667.0,1.0,7.0,47.0,1.0,0.0,0.0,441.0,83.0,0.0
782.0,0.0,19.0,62.0,1.0,0.0,0.0,536.0,89.0,0.0
641.0,1.0,11.0,47.0,1.0,0.0,0.0,435.0,63.0,0.0
841.0,1.0,19.0,67.0,1.0,0.0,0.0,573.0,95.0,0.0
757.0,0.0,19.0,62.0,1.0,0.0,0.0,515.0,90.0,0.0
750.0,0.0,19.0,64.0,1.0,0.0,0.0,507.0,87.0,0.0
635.0,1.0,7.0,47.0,2.0,0.0,0.0,413.0,76.0,0.0
628.0,1.0,11.0,43.0,1.0,0.0,0.0,433.0,56.0,0.0
512.0,0.0,6.0,34.0,1.0,0.0,0.0,341.0,52.0,0.0
570.0,0.0,11.0,44.0,1.0,0.0,0.0,391.0,52.0,0.0
501.0,0.0,6.0,33.0,1.0,0.0,0.0,334.0,52.0,0.0
840.0,1.0,19.0,63.0,1.0,0.0,0.0,575.0,97.0,0.0
641.0,1.0,11.0,45.0,1.0,0.0,0.0,430.0,65.0,0.0
841.0,1.0,19.0,64.0,1.0,0.0,0.0,575.0,97.0,0.0
751.0,0.0,19.0,65.0,1.0,0.0,0.0,502.0,90.0,0.0
752.0,0.0,19.0,63.0,1.0,0.0,0.0,505.0,93.0,0.0
848.0,1.0,19.0,67.0,1.0,0.0,0.0,579.0,96.0,0.0
574.0,0.0,11.0,45.0,1.0,0.0,0.0,392.0,51.0,0.0
886.0,1.0,19.0,71.0,3.0,0.0,0.0,594.0,110.0,0.0
850.0,1.0,19.0,63.0,1.0,0.0,0.0,584.0,96.0,0.0
834.0,1.0,19.0,62.0,1.0,0.0,0.0,576.0,93.0,0.0
831.0,1.0,19.0,61.0,1.0,0.0,0.0,570.0,96.0,0.0
638.0,1.0,11.0,45.0,1.0,0.0,0.0,434.0,60.0,0.0
569.0,0.0,11.0,45.0,1.0,0.0,0.0,389.0,52.0,0.0
676.0,1.0,9.0,54.0,3.0,0.0,0.0,435.0,86.0,0.0
803.0,1.0,19.0,62.0,1.0,0.0,0.0,551.0,90.0,0.0
523.0,0.0,6.0,35.0,1.0,0.0,0.0,350.0,51.0,0.0
824.0,1.0,19.0,61.0,1.0,0.0,0.0,572.0,88.0,0.0
752.0,0.0,19.0,62.0,1.0,0.0,0.0,517.0,85.0,0.0
813.0,1.0,19.0,63.0,1.0,0.0,0.0,559.0,89.0,0.0
939.0,1.0,19.0,77.0,1.0,0.0,0.0,618.0,141.0,0.0
512.0,0.0,6.0,33.0,1.0,0.0,0.0,328.0,68.0,0.0
752.0,0.0,19.0,61.0,1.0,0.0,0.0,518.0,83.0,0.0
757.0,0.0,19.0,64.0,1.0,0.0,0.0,511.0,88.0,0.0
523.0,0.0,6.0,34.0,1.0,0.0,0.0,334.0,71.0,0.0
618.0,1.0,7.0,39.0,1.0,0.0,0.0,423.0,59.0,0.0
812.0,1.0,19.0,66.0,1.0,0.0,0.0,548.0,96.0,0.0
483.0,0.0,6.0,31.0,1.0,0.0,0.0,317.0,52.0,0.0
476.0,0.0,6.0,30.0,1.0,0.0,0.0,316.0,47.0,0.0
507.0,0.0,6.0,34.0,1.0,0.0,0.0,342.0,46.0,0.0
758.0,0.0,19.0,70.0,4.0,0.0,0.0,506.0,92.0,0.0
753.0,0.0,19.0,63.0,1.0,0.0,0.0,515.0,86.0,0.0
758.0,0.0,19.0,66.0,1.0,0.0,0.0,506.0,96.0,0.0
700.0,1.0,11.0,59.0,2.0,0.0,0.0,456.0,86.0,0.0
511.0,0.0,6.0,33.0,1.0,0.0,0.0,328.0,67.0,0.0
717.0,1.0,11.0,52.0,1.0,0.0,0.0,478.0,86.0,0.0
786.0,0.0,19.0,62.0,1.0,0.0,0.0,542.0,87.0,0.0
745.0,0.0,19.0,62.0,1.0,0.0,0.0,505.0,90.0,0.0
854.0,1.0,19.0,64.0,2.0,0.0,0.0,583.0,99.0,0.0
627.0,0.0,11.0,51.0,1.0,0.0,0.0,423.0,68.0,0.0
758.0,0.0,19.0,63.0,1.0,0.0,0.0,511.0,92.0,0.0
653.0,1.0,9.0,43.0,2.0,0.0,0.0,431.0,82.0,0.0
484.0,0.0,6.0,31.0,1.0,0.0,0.0,317.0,53.0,0.0
647.0,1.0,7.0,40.0,1.0,0.0,0.0,422.0,87.0,0.0
566.0,0.0,11.0,44.0,1.0,0.0,0.0,382.0,56.0,0.0
810.0,1.0,19.0,62.0,1.0,0.0,0.0,552.0,95.0,0.0
623.0,0.0,11.0,48.0,1.0,0.0,0.0,407.0,84.0,0.0
827.0,1.0,19.0,65.0,1.0,0.0,0.0,562.0,97.0,0.0
570.0,0.0,11.0,44.0,1.0,0.0,0.0,388.0,55.0,0.0
753.0,0.0,19.0,60.0,1.0,0.0,0.0,512.0,88.0,0.0
767.0,0.0,19.0,64.0,1.0,0.0,0.0,520.0,92.0,0.0
762.0,0.0,19.0,62.0,1.0,0.0,0.0,516.0,94.0,0.0
833.0,0.0,19.0,80.0,2.0,0.0,0.0,541.0,118.0,0.0
523.0,0.0,6.0,35.0,2.0,0.0,0.0,357.0,47.0,0.0
586.0,1.0,7.0,35.0,1.0,0.0,0.0,399.0,55.0,0.0
832.0,1.0,19.0,69.0,1.0,0.0,0.0,561.0,100.0,0.0
507.0,0.0,6.0,33.0,1.0,0.0,0.0,343.0,46.0,0.0
586.0,1.0,7.0,35.0,1.0,0.0,0.0,407.0,47.0,0.0
563.0,0.0,7.0,47.0,4.0,0.0,0.0,367.0,61.0,0.0
810.0,1.0,19.0,60.0,1.0,0.0,0.0,558.0,89.0,0.0
491.0,0.0,6.0,32.0,1.0,0.0,0.0,326.0,49.0,0.0
816.0,1.0,19.0,62.0,1.0,0.0,0.0,559.0,93.0,0.0
814.0,0.0,19.0,65.0,1.0,0.0,0.0,542.0,102.0,0.0
660.0,0.0,11.0,58.0,1.0,0.0,0.0,429.0,87.0,0.0
536.0,0.0,7.0,36.0,1.0,0.0,0.0,364.0,52.0,0.0
648.0,0.0,11.0,56.0,1.0,0.0,0.0,431.0,78.0,0.0
848.0,0.0,19.0,63.0,1.0,0.0,0.0,586.0,95.0,0.0
635.0,1.0,11.0,44.0,1.0,0.0,0.0,437.0,58.0,0.0
822.0,1.0,19.0,65.0,1.0,0.0,0.0,564.0,92.0,0.0
816.0,0.0,19.0,64.0,1.0,0.0,0.0,557.0,93.0,0.0
502.0,0.0,6.0,33.0,1.0,0.0,0.0,343.0,43.0,0.0
831.0,1.0,19.0,63.0,1.0,0.0,0.0,564.0,100.0,0.0
812.0,1.0,19.0,60.0,1.0,0.0,0.0,557.0,95.0,0.0
533.0,0.0,6.0,35.0,1.0,0.0,0.0,346.0,68.0,0.0
566.0,0.0,11.0,43.0,1.0,0.0,0.0,386.0,53.0,0.0
852.0,0.0,19.0,83.0,2.0,0.0,0.0,548.0,126.0,0.0
777.0,0.0,19.0,65.0,1.0,0.0,0.0,526.0,92.0,0.0
683.0,1.0,7.0,43.0,1.0,0.0,0.0,462.0,79.0,0.0
808.0,0.0,19.0,67.0,1.0,0.0,0.0,524.0,127.0,0.0
751.0,0.0,19.0,61.0,1.0,0.0,0.0,514.0,87.0,0.0
764.0,0.0,19.0,64.0,1.0,0.0,0.0,519.0,89.0,0.0
665.0,1.0,11.0,53.0,4.0,0.0,0.0,446.0,66.0,0.0
843.0,1.0,19.0,63.0,1.0,0.0,0.0,586.0,89.0,0.0
633.0,0.0,11.0,49.0,3.0,0.0,0.0,431.0,58.0,0.0
603.0,1.0,7.0,36.0,2.0,0.0,0.0,412.0,56.0,0.0
722.0,1.0,11.0,65.0,2.0,0.0,0.0,462.0,96.0,0.0
778.0,0.0,19.0,64.0,1.0,0.0,0.0,535.0,90.0,0.0
744.0,0.0,19.0,63.0,1.0,0.0,0.0,500.0,90.0,0.0
519.0,0.0,6.0,34.0,1.0,0.0,0.0,328.0,73.0,0.0
682.0,0.0,11.0,60.0,1.0,0.0,0.0,433.0,103.0,0.0
565.0,0.0,11.0,43.0,1.0,0.0,0.0,393.0,46.0,0.0
616.0,1.0,9.0,40.0,2.0,0.0,0.0,414.0,64.0,0.0
718.0,1.0,11.0,55.0,1.0,0.0,0.0,484.0,83.0,0.0
563.0,0.0,11.0,43.0,1.0,0.0,0.0,393.0,44.0,0.0
508.0,0.0,7.0,36.0,1.0,0.0,0.0,329.0,60.0,0.0
661.0,1.0,7.0,43.0,1.0,0.0,0.0,441.0,79.0,0.0
511.0,0.0,6.0,33.0,1.0,0.0,0.0,323.0,72.0,0.0
609.0,0.0,11.0,55.0,2.0,0.0,0.0,395.0,73.0,0.0
507.0,0.0,6.0,33.0,1.0,0.0,0.0,340.0,51.0,0.0
532.0,0.0,6.0,34.0,1.0,0.0,0.0,340.0,74.0,0.0
748.0,0.0,19.0,65.0,1.0,0.0,0.0,507.0,84.0,0.0
527.0,0.0,6.0,34.0,1.0,0.0,0.0,340.0,68.0,0.0
695.0,1.0,11.0,56.0,1.0,0.0,0.0,464.0,76.0,0.0
762.0,0.0,19.0,67.0,1.0,0.0,0.0,506.0,98.0,0.0
645.0,1.0,11.0,45.0,1.0,0.0,0.0,437.0,64.0,0.0
1171.0,1.0,9.0,148.0,2.0,0.0,0.0,471.0,454.0,0.0
817.0,1.0,19.0,61.0,1.0,0.0,0.0,566.0,86.0,0.0
709.0,1.0,9.0,53.0,1.0,0.0,0.0,458.0,102.0,0.0
520.0,0.0,6.0,34.0,1.0,0.0,0.0,350.0,49.0,0.0
839.0,1.0,19.0,64.0,1.0,0.0,0.0,578.0,94.0,0.0
571.0,0.0,11.0,45.0,1.0,0.0,0.0,381.0,59.0,0.0
490.0,0.0,6.0,32.0,1.0,0.0,0.0,334.0,41.0,0.0
609.0,0.0,9.0,39.0,2.0,0.0,0.0,416.0,57.0,0.0
746.0,0.0,19.0,63.0,1.0,0.0,0.0,500.0,93.0,0.0
736.0,0.0,11.0,62.0,1.0,1.0,0.0,496.0,83.0,0.0
652.0,1.0,11.0,45.0,1.0,0.0,0.0,452.0,58.0,0.0
575.0,0.0,11.0,46.0,1.0,0.0,0.0,396.0,50.0,0.0
518.0,0.0,7.0,35.0,1.0,0.0,0.0,354.0,45.0,0.0
689.0,1.0,11.0,48.0,1.0,0.0,0.0,457.0,87.0,0.0
795.0,1.0,19.0,62.0,1.0,0.0,0.0,538.0,95.0,0.0
584.0,0.0,7.0,35.0,1.0,0.0,0.0,401.0,52.0,0.0
635.0,1.0,11.0,43.0,1.0,0.0,0.0,441.0,55.0,0.0
754.0,0.0,19.0,64.0,1.0,0.0,0.0,513.0,87.0,0.0
622.0,1.0,7.0,43.0,2.0,0.0,0.0,409.0,71.0,0.0
641.0,1.0,11.0,45.0,1.0,0.0,0.0,431.0,64.0,0.0
529.0,0.0,6.0,34.0,1.0,0.0,0.0,342.0,68.0,0.0
612.0,1.0,9.0,39.0,2.0,0.0,0.0,424.0,51.0,0.0
639.0,1.0,11.0,45.0,1.0,0.0,0.0,437.0,58.0,0.0
560.0,0.0,11.0,44.0,1.0,0.0,0.0,376.0,57.0,0.0
588.0,0.0,11.0,50.0,1.0,0.0,0.0,387.0,65.0,0.0
638.0,1.0,9.0,47.0,3.0,0.0,0.0,423.0,69.0,0.0
505.0,0.0,6.0,33.0,1.0,0.0,0.0,342.0,46.0,0.0
577.0,0.0,7.0,50.0,2.0,0.0,0.0,358.0,83.0,0.0
839.0,1.0,19.0,63.0,1.0,0.0,0.0,574.0,99.0,0.0
570.0,0.0,7.0,40.0,1.0,0.0,0.0,367.0,79.0,0.0
645.0,1.0,11.0,46.0,1.0,0.0,0.0,435.0,65.0,0.0
753.0,0.0,19.0,62.0,1.0,0.0,0.0,510.0,90.0,0.0
821.0,1.0,19.0,61.0,1.0,0.0,0.0,571.0,86.0,0.0
509.0,0.0,6.0,34.0,1.0,0.0,0.0,336.0,56.0,0.0
637.0,1.0,11.0,44.0,1.0,0.0,0.0,432.0,65.0,0.0
585.0,0.0,7.0,45.0,1.0,0.0,0.0,373.0,84.0,0.0
627.0,1.0,7.0,43.0,2.0,0.0,0.0,418.0,66.0,0.0
771.0,0.0,19.0,66.0,1.0,0.0,0.0,512.0,102.0,0.0
545.0,0.0,9.0,40.0,2.0,0.0,0.0,364.0,56.0,0.0
832.0,1.0,19.0,64.0,2.0,0.0,0.0,566.0,96.0,0.0
540.0,0.0,9.0,40.0,2.0,0.0,0.0,358.0,59.0,0.0
824.0,1.0,19.0,63.0,1.0,0.0,0.0,567.0,91.0,0.0
619.0,0.0,11.0,47.0,1.0,0.0,0.0,405.0,80.0,0.0
628.0,1.0,11.0,43.0,1.0,0.0,0.0,436.0,53.0,0.0
651.0,1.0,11.0,47.0,1.0,0.0,0.0,451.0,57.0,0.0
517.0,0.0,6.0,34.0,1.0,0.0,0.0,327.0,73.0,0.0
563.0,0.0,11.0,43.0,1.0,0.0,0.0,378.0,59.0,0.0
654.0,0.0,11.0,56.0,1.0,0.0,0.0,424.0,91.0,0.0
765.0,0.0,19.0,67.0,1.0,0.0,0.0,513.0,94.0,0.0
502.0,0.0,6.0,33.0,1.0,0.0,0.0,329.0,56.0,0.0
604.0,0.0,9.0,39.0,2.0,0.0,0.0,411.0,59.0,0.0
645.0,1.0,11.0,46.0,1.0,0.0,0.0,439.0,61.0,0.0
771.0,0.0,19.0,61.0,1.0,0.0,0.0,523.0,90.0,0.0
752.0,0.0,19.0,64.0,1.0,0.0,0.0,513.0,84.0,0.0
614.0,1.0,9.0,40.0,2.0,0.0,0.0,414.0,63.0,0.0
746.0,0.0,19.0,64.0,1.0,0.0,0.0,503.0,87.0,0.0
805.0,0.0,19.0,76.0,1.0,0.0,0.0,529.0,115.0,0.0
767.0,0.0,19.0,60.0,1.0,0.0,0.0,525.0,90.0,0.0
734.0,0.0,11.0,61.0,1.0,1.0,0.0,497.0,84.0,0.0
585.0,1.0,7.0,36.0,1.0,0.0,0.0,397.0,56.0,0.0
517.0,0.0,6.0,34.0,1.0,0.0,0.0,347.0,49.0,0.0
650.0,1.0,11.0,48.0,1.0,0.0,0.0,439.0,63.0,0.0
821.0,1.0,19.0,65.0,1.0,0.0,0.0,557.0,95.0,0.0
609.0,0.0,9.0,39.0,2.0,0.0,0.0,420.0,53.0,0.0
844.0,1.0,19.0,67.0,1.0,0.0,0.0,580.0,93.0,0.0
636.0,1.0,11.0,45.0,1.0,0.0,0.0,442.0,53.0,0.0
630.0,1.0,11.0,43.0,1.0,0.0,0.0,443.0,48.0,0.0
842.0,1.0,19.0,64.0,1.0,0.0,0.0,576.0,96.0,0.0
569.0,0.0,11.0,43.0,1.0,0.0,0.0,387.0,56.0,0.0
814.0,1.0,19.0,62.0,1.0,0.0,0.0,554.0,95.0,0.0
501.0,0.0,6.0,33.0,1.0,0.0,0.0,333.0,51.0,0.0
722.0,1.0,11.0,65.0,2.0,0.0,0.0,448.0,107.0,0.0
718.0,1.0,11.0,54.0,1.0,0.0,0.0,460.0,104.0,0.0
806.0,0.0,19.0,67.0,3.0,0.0,0.0,554.0,84.0,0.0
656.0,1.0,9.0,51.0,3.0,0.0,0.0,428.0,78.0,0.0
571.0,0.0,11.0,44.0,1.0,0.0,0.0,392.0,49.0,0.0
490.0,0.0,6.0,32.0,1.0,0.0,0.0,328.0,48.0,0.0
765.0,0.0,19.0,63.0,1.0,0.0,0.0,523.0,87.0,0.0
640.0,1.0,11.0,43.0,1.0,0.0,0.0,436.0,65.0,0.0
591.0,0.0,11.0,53.0,4.0,0.0,0.0,382.0,68.0,0.0
628.0,0.0,11.0,48.0,1.0,0.0,0.0,408.0,88.0,0.0
851.0,1.0,19.0,62.0,1.0,0.0,0.0,589.0,92.0,0.0
581.0,0.0,11.0,45.0,1.0,0.0,0.0,385.0,64.0,0.0
623.0,1.0,9.0,40.0,2.0,0.0,0.0,428.0,58.0,0.0
647.0,1.0,7.0,41.0,1.0,0.0,0.0,418.0,91.0,0.0
752.0,0.0,19.0,64.0,1.0,0.0,0.0,505.0,91.0,0.0
510.0,0.0,6.0,33.0,1.0,0.0,0.0,327.0,67.0,0.0
643.0,0.0,9.0,53.0,1.0,0.0,0.0,403.0,102.0,0.0
581.0,0.0,7.0,45.0,1.0,0.0,0.0,369.0,84.0,0.0
810.0,1.0,19.0,62.0,1.0,0.0,0.0,555.0,92.0,0.0
498.0,0.0,6.0,32.0,1.0,0.0,0.0,328.0,53.0,0.0
519.0,0.0,6.0,34.0,1.0,0.0,0.0,334.0,68.0,0.0
491.0,0.0,6.0,31.0,1.0,0.0,0.0,326.0,48.0,0.0
768.0,1.0,9.0,57.0,2.0,1.0,0.0,523.0,83.0,0.0
657.0,1.0,7.0,43.0,1.0,0.0,0.0,424.0,93.0,0.0
753.0,0.0,19.0,62.0,1.0,0.0,0.0,513.0,88.0,0.0
503.0,0.0,6.0,34.0,1.0,0.0,0.0,334.0,51.0,0.0
812.0,1.0,19.0,64.0,1.0,0.0,0.0,543.0,101.0,0.0
501.0,0.0,6.0,33.0,1.0,0.0,0.0,338.0,46.0,0.0
526.0,0.0,6.0,34.0,1.0,0.0,0.0,339.0,69.0,0.0
636.0,1.0,11.0,43.0,1.0,0.0,0.0,445.0,52.0,0.0
577.0,0.0,11.0,47.0,1.0,0.0,0.0,382.0,62.0,0.0
567.0,0.0,11.0,43.0,1.0,0.0,0.0,386.0,55.0,0.0
490.0,0.0,6.0,32.0,1.0,0.0,0.0,319.0,56.0,0.0
573.0,0.0,11.0,46.0,1.0,0.0,0.0,382.0,59.0,0.0
749.0,0.0,19.0,64.0,1.0,0.0,0.0,508.0,88.0,0.0
555.0,0.0,7.0,40.0,1.0,0.0,0.0,371.0,58.0,0.0
509.0,0.0,6.0,34.0,1.0,0.0,0.0,341.0,51.0,0.0
502.0,0.0,6.0,32.0,1.0,0.0,0.0,341.0,45.0,0.0
645.0,1.0,11.0,46.0,1.0,0.0,0.0,433.0,67.0,0.0
780.0,0.0,19.0,68.0,1.0,0.0,0.0,528.0,93.0,0.0
629.0,1.0,11.0,43.0,1.0,0.0,0.0,438.0,52.0,0.0
1137.0,1.0,7.0,144.0,1.0,0.0,0.0,452.0,443.0,0.0
503.0,0.0,6.0,33.0,1.0,0.0,0.0,330.0,54.0,0.0
600.0,0.0,7.0,35.0,1.0,0.0,0.0,413.0,56.0,0.0
756.0,0.0,19.0,64.0,1.0,0.0,0.0,504.0,98.0,0.0
648.0,1.0,9.0,51.0,5.0,0.0,0.0,435.0,62.0,0.0
841.0,1.0,19.0,65.0,1.0,0.0,0.0,579.0,92.0,0.0
768.0,0.0,19.0,64.0,1.0,0.0,0.0,523.0,91.0,0.0
573.0,0.0,9.0,48.0,2.0,0.0,0.0,365.0,74.0,0.0
632.0,0.0,11.0,44.0,1.0,0.0,0.0,439.0,54.0,0.0
744.0,0.0,19.0,64.0,1.0,0.0,0.0,501.0,90.0,0.0
822.0,1.0,19.0,62.0,1.0,0.0,0.0,561.0,96.0,0.0
589.0,0.0,9.0,43.0,1.0,0.0,0.0,377.0,83.0,0.0
742.0,0.0,19.0,63.0,1.0,0.0,0.0,497.0,92.0,0.0
607.0,0.0,7.0,53.0,2.0,0.0,0.0,386.0,81.0,0.0
748.0,0.0,19.0,63.0,1.0,0.0,0.0,507.0,88.0,0.0
831.0,1.0,19.0,65.0,1.0,0.0,0.0,569.0,93.0,0.0
642.0,1.0,7.0,39.0,1.0,0.0,0.0,426.0,79.0,0.0
701.0,1.0,11.0,57.0,4.0,0.0,0.0,468.0,69.0,0.0
573.0,0.0,7.0,39.0,1.0,0.0,0.0,370.0,79.0,0.0
544.0,0.0,9.0,40.0,2.0,0.0,0.0,370.0,49.0,0.0
876.0,1.0,19.0,72.0,4.0,0.0,0.0,588.0,105.0,0.0
771.0,0.0,19.0,61.0,1.0,0.0,0.0,528.0,87.0,0.0
825.0,1.0,19.0,63.0,1.0,0.0,0.0,574.0,86.0,0.0
715.0,1.0,11.0,62.0,2.0,0.0,0.0,458.0,93.0,0.0
504.0,0.0,6.0,32.0,1.0,0.0,0.0,322.0,67.0,0.0
710.0,1.0,11.0,54.0,1.0,0.0,0.0,462.0,95.0,0.0
836.0,1.0,19.0,63.0,1.0,0.0,0.0,571.0,99.0,0.0
809.0,1.0,19.0,60.0,1.0,0.0,0.0,556.0,91.0,0.0
768.0,0.0,19.0,62.0,1.0,0.0,0.0,520.0,94.0,0.0
517.0,0.0,6.0,34.0,1.0,0.0,0.0,342.0,54.0,0.0
572.0,0.0,11.0,44.0,1.0,0.0,0.0,377.0,65.0,0.0
522.0,0.0,6.0,35.0,1.0,0.0,0.0,355.0,45.0,0.0
495.0,0.0,6.0,32.0,1.0,0.0,0.0,328.0,49.0,0.0
824.0,1.0,19.0,63.0,1.0,0.0,0.0,574.0,84.0,0.0
603.0,0.0,11.0,56.0,4.0,0.0,0.0,387.0,71.0,0.0
812.0,0.0,19.0,63.0,1.0,0.0,0.0,559.0,89.0,0.0
811.0,1.0,19.0,61.0,1.0,0.0,0.0,562.0,86.0,0.0
657.0,1.0,11.0,45.0,1.0,0.0,0.0,448.0,64.0,0.0
750.0,0.0,19.0,66.0,1.0,0.0,0.0,501.0,95.0,0.0
600.0,0.0,7.0,35.0,1.0,0.0,0.0,416.0,53.0,0.0
587.0,0.0,7.0,53.0,2.0,0.0,0.0,365.0,83.0,0.0
691.0,1.0,11.0,54.0,1.0,0.0,0.0,466.0,72.0,0.0
561.0,0.0,11.0,43.0,1.0,0.0,0.0,383.0,52.0,0.0
775.0,0.0,19.0,66.0,1.0,0.0,0.0,522.0,94.0,0.0
765.0,0.0,19.0,64.0,1.0,0.0,0.0,521.0,89.0,0.0
648.0,1.0,7.0,41.0,1.0,0.0,0.0,423.0,87.0,0.0
630.0,0.0,11.0,58.0,2.0,0.0,0.0,403.0,83.0,0.0
506.0,0.0,6.0,34.0,1.0,0.0,0.0,338.0,50.0,0.0
503.0,0.0,6.0,33.0,1.0,0.0,0.0,337.0,50.0,0.0
658.0,0.0,11.0,67.0,2.0,0.0,0.0,405.0,97.0,0.0
607.0,1.0,7.0,36.0,1.0,0.0,0.0,417.0,57.0,0.0
703.0,1.0,11.0,48.0,3.0,0.0,0.0,487.0,60.0,0.0
773.0,0.0,19.0,67.0,1.0,0.0,0.0,517.0,97.0,0.0
764.0,0.0,19.0,64.0,1.0,0.0,0.0,517.0,92.0,0.0
557.0,0.0,11.0,43.0,1.0,0.0,0.0,379.0,52.0,0.0
759.0,0.0,19.0,66.0,1.0,0.0,0.0,511.0,92.0,0.0
656.0,1.0,7.0,47.0,2.0,0.0,0.0,436.0,73.0,0.0
539.0,0.0,9.0,40.0,2.0,0.0,0.0,361.0,55.0,0.0
834.0,1.0,19.0,63.0,1.0,0.0,0.0,580.0,88.0,0.0
832.0,1.0,19.0,62.0,1.0,0.0,0.0,575.0,92.0,0.0
591.0,0.0,11.0,45.0,2.0,0.0,0.0,400.0,57.0,0.0
753.0,0.0,19.0,63.0,1.0,0.0,0.0,503.0,96.0,0.0
811.0,1.0,19.0,64.0,1.0,0.0,0.0,554.0,91.0,0.0
897.0,1.0,19.0,81.0,2.0,0.0,0.0,574.0,133.0,0.0
804.0,1.0,11.0,61.0,1.0,1.0,0.0,560.0,78.0,0.0
502.0,0.0,6.0,32.0,1.0,0.0,0.0,339.0,45.0,0.0
809.0,0.0,19.0,70.0,1.0,0.0,0.0,525.0,126.0,0.0
706.0,1.0,11.0,51.0,1.0,0.0,0.0,457.0,98.0,0.0
560.0,0.0,9.0,44.0,2.0,0.0,0.0,366.0,63.0,0.0
853.0,1.0,19.0,63.0,1.0,0.0,0.0,587.0,98.0,0.0
856.0,1.0,19.0,70.0,2.0,0.0,0.0,572.0,109.0,0.0
521.0,0.0,6.0,34.0,1.0,0.0,0.0,351.0,49.0,0.0
841.0,1.0,19.0,64.0,1.0,0.0,0.0,571.0,101.0,0.0
827.0,1.0,19.0,63.0,1.0,0.0,0.0,565.0,94.0,0.0
567.0,0.0,11.0,43.0,1.0,0.0,0.0,385.0,56.0,0.0
637.0,1.0,7.0,39.0,1.0,0.0,0.0,420.0,81.0,0.0
770.0,0.0,19.0,64.0,1.0,0.0,0.0,521.0,92.0,0.0
523.0,0.0,6.0,34.0,1.0,0.0,0.0,330.0,75.0,0.0
473.0,0.0,6.0,31.0,1.0,0.0,0.0,312.0,48.0,0.0
818.0,1.0,19.0,62.0,1.0,0.0,0.0,560.0,92.0,0.0
513.0,0.0,6.0,34.0,1.0,0.0,0.0,341.0,52.0,0.0
832.0,1.0,19.0,65.0,1.0,0.0,0.0,573.0,90.0,0.0
823.0,1.0,19.0,63.0,1.0,0.0,0.0,568.0,89.0,0.0
497.0,0.0,6.0,32.0,1.0,0.0,0.0,334.0,48.0,0.0
522.0,0.0,6.0,35.0,1.0,0.0,0.0,344.0,57.0,0.0
823.0,1.0,19.0,61.0,1.0,0.0,0.0,570.0,91.0,0.0
639.0,1.0,11.0,44.0,1.0,0.0,0.0,444.0,55.0,0.0
633.0,1.0,7.0,45.0,1.0,0.0,0.0,431.0,61.0,0.0
623.0,0.0,11.0,53.0,3.0,0.0,0.0,408.0,71.0,0.0
574.0,0.0,11.0,45.0,1.0,0.0,0.0,390.0,56.0,0.0
1374.0,1.0,19.0,172.0,1.0,0.0,0.0,614.0,485.0,0.0
909.0,1.0,19.0,82.0,2.0,0.0,0.0,589.0,132.0,0.0
839.0,1.0,19.0,62.0,1.0,0.0,0.0,572.0,99.0,0.0
505.0,0.0,6.0,33.0,1.0,0.0,0.0,332.0,56.0,0.0
575.0,0.0,11.0,44.0,1.0,0.0,0.0,399.0,49.0,0.0
827.0,1.0,19.0,62.0,1.0,0.0,0.0,565.0,96.0,0.0
501.0,0.0,6.0,33.0,1.0,0.0,0.0,345.0,40.0,0.0
508.0,0.0,6.0,34.0,1.0,0.0,0.0,344.0,45.0,0.0
500.0,0.0,6.0,33.0,1.0,0.0,0.0,332.0,52.0,0.0
838.0,0.0,19.0,84.0,2.0,0.0,0.0,535.0,127.0,0.0
542.0,0.0,9.0,39.0,2.0,0.0,0.0,365.0,53.0,0.0
532.0,0.0,9.0,40.0,1.0,0.0,0.0,358.0,51.0,0.0
578.0,0.0,11.0,46.0,1.0,0.0,0.0,398.0,51.0,0.0
715.0,1.0,11.0,62.0,2.0,0.0,0.0,456.0,95.0,0.0
647.0,1.0,11.0,46.0,1.0,0.0,0.0,450.0,55.0,0.0
776.0,0.0,19.0,61.0,1.0,0.0,0.0,533.0,88.0,0.0
573.0,0.0,11.0,46.0,1.0,0.0,0.0,390.0,53.0,0.0
740.0,1.0,11.0,58.0,1.0,0.0,0.0,487.0,99.0,0.0
574.0,0.0,11.0,44.0,1.0,0.0,0.0,387.0,60.0,0.0
623.0,0.0,11.0,53.0,3.0,0.0,0.0,413.0,66.0,0.0
625.0,1.0,7.0,44.0,2.0,0.0,0.0,412.0,70.0,0.0
756.0,0.0,19.0,62.0,1.0,0.0,0.0,509.0,95.0,0.0
757.0,0.0,19.0,65.0,1.0,0.0,0.0,512.0,90.0,0.0
822.0,1.0,19.0,60.0,1.0,0.0,0.0,567.0,92.0,0.0
691.0,1.0,11.0,56.0,2.0,0.0,0.0,454.0,79.0,0.0
512.0,0.0,6.0,34.0,1.0,0.0,0.0,346.0,48.0,0.0
643.0,1.0,11.0,46.0,1.0,0.0,0.0,441.0,60.0,0.0
1067.0,0.0,7.0,144.0,1.0,0.0,0.0,394.0,444.0,0.0
820.0,1.0,19.0,62.0,1.0,0.0,0.0,569.0,87.0,0.0
890.0,1.0,19.0,69.0,1.0,0.0,0.0,598.0,119.0,0.0
613.0,0.0,11.0,48.0,1.0,0.0,0.0,397.0,83.0,0.0
502.0,0.0,6.0,32.0,1.0,0.0,0.0,335.0,49.0,0.0
797.0,0.0,19.0,71.0,1.0,0.0,0.0,530.0,108.0,0.0
809.0,1.0,11.0,62.0,1.0,1.0,0.0,551.0,88.0,0.0
490.0,0.0,6.0,31.0,1.0,0.0,0.0,323.0,51.0,0.0
829.0,1.0,19.0,64.0,1.0,0.0,0.0,573.0,89.0,0.0
731.0,0.0,19.0,61.0,1.0,0.0,0.0,490.0,91.0,0.0
633.0,0.0,11.0,54.0,1.0,0.0,0.0,413.0,83.0,0.0
748.0,0.0,19.0,62.0,1.0,0.0,0.0,506.0,90.0,0.0
581.0,0.0,11.0,48.0,1.0,0.0,0.0,382.0,64.0,0.0
870.0,1.0,19.0,77.0,4.0,0.0,0.0,568.0,116.0,0.0
890.0,1.0,19.0,73.0,2.0,0.0,0.0,603.0,107.0,0.0
512.0,0.0,6.0,34.0,1.0,0.0,0.0,340.0,52.0,0.0
823.0,1.0,19.0,63.0,1.0,0.0,0.0,569.0,87.0,0.0
632.0,0.0,11.0,51.0,1.0,0.0,0.0,414.0,81.0,0.0
812.0,1.0,19.0,63.0,1.0,0.0,0.0,563.0,85.0,0.0
752.0,0.0,19.0,63.0,1.0,0.0,0.0,503.0,96.0,0.0
802.0,1.0,19.0,64.0,1.0,0.0,0.0,550.0,88.0,0.0
825.0,1.0,19.0,62.0,1.0,0.0,0.0,567.0,95.0,0.0
528.0,0.0,6.0,35.0,1.0,0.0,0.0,361.0,48.0,0.0
496.0,0.0,6.0,33.0,1.0,0.0,0.0,335.0,45.0,0.0
821.0,1.0,19.0,62.0,1.0,0.0,0.0,567.0,87.0,0.0
525.0,0.0,6.0,34.0,1.0,0.0,0.0,333.0,74.0,0.0
570.0,0.0,11.0,46.0,1.0,0.0,0.0,387.0,53.0,0.0
1067.0,0.0,7.0,144.0,1.0,0.0,0.0,393.0,445.0,0.0
768.0,0.0,19.0,62.0,1.0,0.0,0.0,520.0,92.0,0.0
585.0,1.0,7.0,36.0,1.0,0.0,0.0,401.0,52.0,0.0
827.0,1.0,19.0,60.0,1.0,0.0,0.0,575.0,88.0,0.0
630.0,1.0,7.0,44.0,2.0,0.0,0.0,415.0,71.0,0.0
566.0,0.0,11.0,43.0,1.0,0.0,0.0,392.0,48.0,0.0
829.0,1.0,19.0,62.0,1.0,0.0,0.0,573.0,90.0,0.0
649.0,1.0,11.0,48.0,1.0,0.0,0.0,438.0,65.0,0.0
783.0,0.0,19.0,63.0,1.0,0.0,0.0,536.0,90.0,0.0
640.0,1.0,11.0,45.0,1.0,0.0,0.0,436.0,63.0,0.0
560.0,0.0,11.0,43.0,1.0,0.0,0.0,387.0,47.0,0.0
630.0,0.0,11.0,43.0,1.0,0.0,0.0,440.0,52.0,0.0
549.0,0.0,7.0,39.0,1.0,0.0,0.0,369.0,57.0,0.0
608.0,0.0,9.0,45.0,2.0,0.0,0.0,385.0,92.0,0.0
748.0,0.0,19.0,63.0,1.0,0.0,0.0,500.0,95.0,0.0
525.0,0.0,7.0,40.0,1.0,0.0,0.0,338.0,62.0,0.0
623.0,0.0,7.0,49.0,1.0,0.0,0.0,396.0,95.0,0.0
501.0,0.0,6.0,33.0,1.0,0.0,0.0,332.0,49.0,0.0
603.0,0.0,9.0,52.0,5.0,0.0,0.0,386.0,74.0,0.0
574.0,0.0,11.0,45.0,1.0,0.0,0.0,394.0,49.0,0.0
587.0,0.0,11.0,48.0,1.0,0.0,0.0,395.0,58.0,0.0
872.0,1.0,19.0,64.0,1.0,0.0,0.0,605.0,94.0,0.0
637.0,1.0,11.0,44.0,1.0,0.0,0.0,443.0,54.0,0.0
912.0,0.0,19.0,80.0,1.0,1.0,0.0,617.0,116.0,0.0
748.0,0.0,19.0,65.0,1.0,0.0,0.0,507.0,88.0,0.0
522.0,0.0,6.0,35.0,1.0,0.0,0.0,352.0,49.0,0.0
841.0,1.0,19.0,64.0,1.0,0.0,0.0,576.0,95.0,0.0
575.0,0.0,11.0,45.0,1.0,0.0,0.0,385.0,59.0,0.0
569.0,0.0,11.0,44.0,1.0,0.0,0.0,385.0,56.0,0.0
638.0,1.0,11.0,43.0,1.0,0.0,0.0,438.0,60.0,0.0
850.0,1.0,19.0,72.0,3.0,0.0,0.0,571.0,101.0,0.0
647.0,0.0,11.0,51.0,3.0,0.0,0.0,434.0,64.0,0.0
685.0,1.0,11.0,53.0,1.0,0.0,0.0,458.0,77.0,0.0
662.0,1.0,7.0,43.0,1.0,0.0,0.0,430.0,91.0,0.0
627.0,1.0,11.0,44.0,1.0,0.0,0.0,429.0,58.0,0.0
666.0,1.0,11.0,51.0,2.0,0.0,0.0,447.0,69.0,0.0
521.0,0.0,6.0,34.0,1.0,0.0,0.0,334.0,70.0,0.0
648.0,1.0,11.0,44.0,2.0,0.0,0.0,450.0,55.0,0.0
808.0,1.0,19.0,62.0,1.0,0.0,0.0,559.0,87.0,0.0
683.0,0.0,7.0,53.0,1.0,1.0,0.0,459.0,79.0,0.0
501.0,0.0,6.0,33.0,1.0,0.0,0.0,332.0,53.0,0.0
559.0,0.0,7.0,47.0,4.0,0.0,0.0,358.0,67.0,0.0
492.0,0.0,6.0,33.0,1.0,0.0,0.0,328.0,48.0,0.0
504.0,0.0,6.0,32.0,1.0,0.0,0.0,314.0,75.0,0.0
634.0,1.0,11.0,43.0,1.0,0.0,0.0,435.0,60.0,0.0
707.0,0.0,9.0,57.0,2.0,1.0,0.0,476.0,82.0,0.0
827.0,0.0,19.0,83.0,2.0,0.0,0.0,520.0,133.0,0.0
839.0,1.0,19.0,64.0,1.0,0.0,0.0,568.0,100.0,0.0
1015.0,1.0,19.0,81.0,1.0,1.0,0.0,697.0,123.0,0.0
775.0,0.0,19.0,64.0,1.0,0.0,0.0,525.0,96.0,0.0
765.0,0.0,19.0,64.0,1.0,0.0,0.0,517.0,92.0,0.0
852.0,1.0,19.0,65.0,1.0,0.0,0.0,586.0,93.0,0.0
830.0,1.0,19.0,61.0,1.0,0.0,0.0,573.0,90.0,0.0
569.0,0.0,11.0,44.0,1.0,0.0,0.0,385.0,57.0,0.0
637.0,1.0,11.0,44.0,1.0,0.0,0.0,436.0,59.0,0.0
627.0,1.0,11.0,43.0,1.0,0.0,0.0,437.0,51.0,0.0
803.0,1.0,19.0,62.0,1.0,0.0,0.0,546.0,92.0,0.0
827.0,1.0,19.0,65.0,1.0,0.0,0.0,560.0,97.0,0.0
888.0,1.0,19.0,67.0,1.0,0.0,0.0,596.0,121.0,0.0
765.0,0.0,19.0,64.0,1.0,0.0,0.0,516.0,92.0,0.0
556.0,0.0,11.0,43.0,1.0,0.0,0.0,376.0,53.0,0.0
813.0,1.0,19.0,60.0,1.0,0.0,0.0,561.0,88.0,0.0
575.0,0.0,11.0,46.0,1.0,0.0,0.0,383.0,60.0,0.0
875.0,1.0,19.0,69.0,1.0,0.0,0.0,578.0,125.0,0.0
881.0,1.0,19.0,64.0,1.0,0.0,0.0,603.0,110.0,0.0
758.0,0.0,19.0,62.0,1.0,0.0,0.0,514.0,90.0,0.0
484.0,0.0,6.0,32.0,1.0,0.0,0.0,323.0,47.0,0.0
811.0,1.0,19.0,63.0,1.0,0.0,0.0,557.0,88.0,0.0
522.0,0.0,6.0,34.0,1.0,0.0,0.0,336.0,68.0,0.0
534.0,0.0,9.0,39.0,2.0,0.0,0.0,356.0,55.0,0.0
601.0,0.0,9.0,47.0,2.0,0.0,0.0,407.0,62.0,0.0
814.0,0.0,19.0,66.0,3.0,0.0,0.0,546.0,102.0,0.0
534.0,0.0,9.0,40.0,1.0,0.0,0.0,356.0,55.0,0.0
832.0,1.0,19.0,62.0,1.0,0.0,0.0,577.0,89.0,0.0
539.0,0.0,9.0,40.0,2.0,0.0,0.0,366.0,50.0,0.0
516.0,0.0,6.0,35.0,1.0,0.0,0.0,346.0,49.0,0.0
803.0,1.0,19.0,60.0,1.0,0.0,0.0,555.0,86.0,0.0
823.0,1.0,19.0,63.0,1.0,0.0,0.0,566.0,90.0,0.0
840.0,1.0,19.0,61.0,1.0,0.0,0.0,582.0,92.0,0.0
499.0,0.0,6.0,33.0,1.0,0.0,0.0,335.0,47.0,0.0
544.0,0.0,9.0,40.0,2.0,0.0,0.0,366.0,53.0,0.0
635.0,1.0,11.0,44.0,1.0,0.0,0.0,440.0,55.0,0.0
804.0,0.0,19.0,62.0,1.0,0.0,0.0,554.0,90.0,0.0
633.0,1.0,11.0,43.0,1.0,0.0,0.0,433.0,61.0,0.0
810.0,1.0,19.0,65.0,1.0,0.0,0.0,544.0,97.0,0.0
512.0,0.0,6.0,33.0,1.0,0.0,0.0,331.0,65.0,0.0
880.0,1.0,19.0,69.0,1.0,0.0,0.0,582.0,126.0,0.0
565.0,0.0,7.0,38.0,1.0,0.0,0.0,363.0,79.0,0.0
495.0,0.0,6.0,33.0,1.0,0.0,0.0,320.0,59.0,0.0
878.0,1.0,19.0,67.0,1.0,0.0,0.0,585.0,123.0,0.0
624.0,1.0,11.0,43.0,1.0,0.0,0.0,435.0,49.0,0.0
536.0,0.0,9.0,40.0,2.0,0.0,0.0,355.0,58.0,0.0
826.0,1.0,19.0,65.0,1.0,0.0,0.0,567.0,90.0,0.0
676.0,1.0,11.0,47.0,1.0,0.0,0.0,441.0,89.0,0.0
825.0,1.0,19.0,64.0,1.0,0.0,0.0,561.0,94.0,0.0
496.0,0.0,6.0,31.0,1.0,0.0,0.0,317.0,65.0,0.0
513.0,0.0,6.0,34.0,1.0,0.0,0.0,346.0,50.0,0.0
511.0,0.0,6.0,33.0,1.0,0.0,0.0,342.0,50.0,0.0
572.0,0.0,11.0,46.0,1.0,0.0,0.0,386.0,57.0,0.0
831.0,1.0,19.0,61.0,1.0,0.0,0.0,571.0,93.0,0.0
722.0,0.0,19.0,63.0,1.0,0.0,0.0,482.0,90.0,0.0
571.0,0.0,11.0,46.0,1.0,0.0,0.0,388.0,54.0,0.0
808.0,1.0,19.0,62.0,1.0,0.0,0.0,552.0,92.0,0.0
516.0,0.0,7.0,36.0,1.0,0.0,0.0,338.0,59.0,0.0
835.0,1.0,19.0,64.0,1.0,0.0,0.0,573.0,93.0,0.0
636.0,1.0,7.0,50.0,2.0,0.0,0.0,409.0,78.0,0.0
502.0,0.0,6.0,34.0,1.0,0.0,0.0,334.0,51.0,0.0
709.0,1.0,9.0,53.0,1.0,0.0,0.0,460.0,100.0,0.0
774.0,1.0,9.0,57.0,1.0,1.0,0.0,528.0,82.0,0.0
613.0,0.0,7.0,43.0,1.0,0.0,0.0,405.0,79.0,0.0
762.0,0.0,19.0,63.0,1.0,0.0,0.0,514.0,95.0,0.0
740.0,1.0,11.0,57.0,1.0,0.0,0.0,488.0,98.0,0.0
844.0,1.0,19.0,63.0,1.0,0.0,0.0,577.0,95.0,0.0
818.0,1.0,19.0,61.0,1.0,0.0,0.0,560.0,93.0,0.0
660.0,1.0,11.0,48.0,1.0,0.0,0.0,453.0,60.0,0.0
473.0,0.0,6.0,31.0,1.0,0.0,0.0,307.0,53.0,0.0
503.0,0.0,6.0,33.0,1.0,0.0,0.0,336.0,48.0,0.0
589.0,0.0,7.0,39.0,1.0,0.0,0.0,387.0,78.0,0.0
594.0,1.0,7.0,40.0,1.0,0.0,0.0,386.0,70.0,0.0
821.0,1.0,19.0,63.0,1.0,0.0,0.0,564.0,89.0,0.0
701.0,1.0,11.0,50.0,1.0,0.0,0.0,456.0,95.0,0.0
499.0,0.0,6.0,33.0,1.0,0.0,0.0,337.0,44.0,0.0
761.0,0.0,19.0,62.0,1.0,0.0,0.0,520.0,91.0,0.0
521.0,0.0,6.0,35.0,1.0,0.0,0.0,349.0,51.0,0.0
634.0,1.0,7.0,44.0,3.0,0.0,0.0,425.0,64.0,0.0
521.0,0.0,6.0,34.0,1.0,0.0,0.0,355.0,46.0,0.0
561.0,0.0,11.0,43.0,1.0,0.0,0.0,379.0,56.0,0.0
650.0,1.0,11.0,48.0,1.0,0.0,0.0,437.0,65.0,0.0
508.0,0.0,7.0,36.0,1.0,0.0,0.0,340.0,49.0,0.0
839.0,1.0,19.0,69.0,1.0,0.0,0.0,570.0,98.0,0.0
676.0,1.0,11.0,53.0,4.0,0.0,0.0,458.0,65.0,0.0
767.0,0.0,19.0,62.0,1.0,0.0,0.0,517.0,97.0,0.0
818.0,1.0,19.0,64.0,1.0,0.0,0.0,566.0,84.0,0.0
834.0,1.0,19.0,63.0,1.0,0.0,0.0,576.0,91.0,0.0
747.0,0.0,19.0,62.0,1.0,0.0,0.0,508.0,86.0,0.0
636.0,1.0,11.0,43.0,1.0,0.0,0.0,439.0,58.0,0.0
834.0,1.0,19.0,64.0,1.0,0.0,0.0,575.0,91.0,0.0
807.0,0.0,19.0,62.0,1.0,0.0,0.0,548.0,98.0,0.0
633.0,0.0,11.0,55.0,1.0,0.0,0.0,410.0,84.0,0.0
636.0,1.0,11.0,43.0,1.0,0.0,0.0,434.0,63.0,0.0
634.0,1.0,11.0,44.0,1.0,0.0,0.0,441.0,53.0,0.0
830.0,1.0,19.0,64.0,1.0,0.0,0.0,565.0,97.0,0.0
677.0,0.0,11.0,57.0,1.0,0.0,0.0,433.0,104.0,0.0
891.0,1.0,19.0,73.0,1.0,0.0,0.0,597.0,120.0,0.0
833.0,1.0,19.0,64.0,1.0,0.0,0.0,574.0,92.0,0.0
569.0,0.0,11.0,44.0,1.0,0.0,0.0,383.0,56.0,0.0
854.0,1.0,19.0,64.0,1.0,0.0,0.0,582.0,102.0,0.0
658.0,1.0,11.0,48.0,1.0,0.0,0.0,446.0,66.0,0.0
587.0,1.0,7.0,36.0,1.0,0.0,0.0,400.0,54.0,0.0
800.0,0.0,19.0,75.0,2.0,0.0,0.0,517.0,117.0,0.0
869.0,1.0,19.0,64.0,1.0,0.0,0.0,586.0,115.0,0.0
523.0,0.0,6.0,34.0,1.0,0.0,0.0,335.0,71.0,0.0
512.0,0.0,6.0,35.0,1.0,0.0,0.0,340.0,54.0,0.0
540.0,0.0,9.0,40.0,2.0,0.0,0.0,362.0,55.0,0.0
741.0,0.0,11.0,62.0,1.0,1.0,0.0,501.0,83.0,0.0
808.0,0.0,19.0,67.0,1.0,0.0,0.0,527.0,121.0,0.0
512.0,0.0,6.0,34.0,1.0,0.0,0.0,342.0,51.0,0.0
755.0,0.0,19.0,62.0,1.0,0.0,0.0,507.0,93.0,0.0
835.0,1.0,19.0,66.0,1.0,0.0,0.0,576.0,88.0,0.0
751.0,0.0,19.0,62.0,1.0,0.0,0.0,506.0,92.0,0.0
635.0,1.0,11.0,43.0,1.0,0.0,0.0,439.0,56.0,0.0
813.0,1.0,19.0,61.0,1.0,0.0,0.0,556.0,91.0,0.0
600.0,0.0,7.0,35.0,1.0,0.0,0.0,418.0,51.0,0.0
764.0,0.0,19.0,65.0,1.0,0.0,0.0,522.0,85.0,0.0
602.0,1.0,9.0,40.0,2.0,0.0,0.0,405.0,61.0,0.0
822.0,1.0,19.0,65.0,1.0,0.0,0.0,561.0,93.0,0.0
555.0,0.0,11.0,44.0,1.0,0.0,0.0,374.0,53.0,0.0
599.0,0.0,9.0,45.0,2.0,0.0,0.0,383.0,87.0,0.0
825.0,1.0,19.0,63.0,1.0,0.0,0.0,564.0,94.0,0.0
820.0,1.0,19.0,66.0,1.0,0.0,0.0,554.0,95.0,0.0
770.0,0.0,19.0,63.0,1.0,0.0,0.0,523.0,91.0,0.0
473.0,0.0,6.0,31.0,1.0,0.0,0.0,308.0,52.0,0.0
526.0,0.0,6.0,35.0,1.0,0.0,0.0,353.0,51.0,0.0
880.0,1.0,19.0,72.0,2.0,0.0,0.0,588.0,111.0,0.0
702.0,1.0,11.0,61.0,2.0,0.0,0.0,450.0,92.0,0.0
774.0,0.0,19.0,67.0,1.0,0.0,0.0,520.0,96.0,0.0
884.0,1.0,19.0,76.0,2.0,0.0,0.0,586.0,116.0,0.0
622.0,1.0,7.0,44.0,2.0,0.0,0.0,409.0,70.0,0.0
854.0,1.0,19.0,66.0,1.0,0.0,0.0,586.0,94.0,0.0
567.0,0.0,11.0,45.0,1.0,0.0,0.0,386.0,53.0,0.0
564.0,0.0,11.0,44.0,1.0,0.0,0.0,380.0,56.0,0.0
644.0,1.0,7.0,41.0,1.0,0.0,0.0,420.0,86.0,0.0
750.0,0.0,19.0,60.0,1.0,0.0,0.0,508.0,90.0,0.0
527.0,0.0,6.0,34.0,1.0,0.0,0.0,339.0,69.0,0.0
815.0,0.0,19.0,73.0,4.0,0.0,0.0,536.0,108.0,0.0
625.0,1.0,11.0,44.0,1.0,0.0,0.0,437.0,48.0,0.0
765.0,0.0,19.0,64.0,1.0,0.0,0.0,518.0,92.0,0.0
518.0,0.0,6.0,35.0,1.0,0.0,0.0,345.0,51.0,0.0
786.0,0.0,19.0,71.0,1.0,0.0,0.0,523.0,101.0,0.0
633.0,0.0,11.0,48.0,3.0,0.0,0.0,429.0,61.0,0.0
562.0,0.0,9.0,40.0,3.0,0.0,0.0,379.0,55.0,0.0
836.0,1.0,19.0,62.0,1.0,0.0,0.0,583.0,87.0,0.0
760.0,0.0,19.0,62.0,1.0,0.0,0.0,523.0,87.0,0.0
508.0,0.0,6.0,34.0,2.0,0.0,0.0,344.0,47.0,0.0
641.0,1.0,9.0,48.0,3.0,0.0,0.0,426.0,68.0,0.0
569.0,0.0,11.0,44.0,1.0,0.0,0.0,389.0,53.0,0.0
751.0,0.0,19.0,61.0,1.0,0.0,0.0,512.0,85.0,0.0
521.0,0.0,6.0,34.0,1.0,0.0,0.0,348.0,53.0,0.0
894.0,1.0,19.0,74.0,3.0,0.0,0.0,612.0,99.0,0.0
651.0,1.0,9.0,48.0,3.0,0.0,0.0,438.0,64.0,0.0
602.0,1.0,7.0,36.0,2.0,0.0,0.0,412.0,55.0,0.0
646.0,1.0,9.0,49.0,5.0,0.0,0.0,427.0,68.0,0.0
832.0,1.0,19.0,64.0,1.0,0.0,0.0,571.0,95.0,0.0
739.0,0.0,19.0,60.0,1.0,0.0,0.0,502.0,88.0,0.0
573.0,0.0,7.0,39.0,1.0,0.0,0.0,372.0,77.0,0.0
899.0,1.0,19.0,79.0,2.0,0.0,0.0,590.0,121.0,0.0
531.0,0.0,6.0,35.0,1.0,0.0,0.0,358.0,51.0,0.0
603.0,0.0,11.0,52.0,2.0,0.0,0.0,399.0,66.0,0.0
515.0,0.0,7.0,36.0,1.0,0.0,0.0,348.0,48.0,0.0
612.0,1.0,9.0,39.0,2.0,0.0,0.0,416.0,58.0,0.0
893.0,1.0,19.0,77.0,2.0,0.0,0.0,599.0,113.0,0.0
745.0,0.0,19.0,61.0,1.0,0.0,0.0,508.0,88.0,0.0
658.0,1.0,11.0,48.0,1.0,0.0,0.0,451.0,61.0,0.0
1076.0,0.0,7.0,144.0,1.0,0.0,0.0,406.0,441.0,0.0
477.0,0.0,6.0,31.0,1.0,0.0,0.0,320.0,43.0,0.0
752.0,0.0,19.0,63.0,1.0,0.0,0.0,507.0,92.0,0.0
582.0,1.0,7.0,35.0,1.0,0.0,0.0,399.0,51.0,0.0
639.0,1.0,11.0,44.0,1.0,0.0,0.0,432.0,67.0,0.0
758.0,0.0,19.0,64.0,1.0,0.0,0.0,510.0,92.0,0.0
498.0,0.0,6.0,32.0,1.0,0.0,0.0,338.0,46.0,0.0
757.0,0.0,19.0,64.0,1.0,0.0,0.0,511.0,91.0,0.0
501.0,0.0,6.0,33.0,1.0,0.0,0.0,335.0,50.0,0.0
750.0,0.0,19.0,63.0,1.0,0.0,0.0,512.0,85.0,0.0
500.0,0.0,6.0,34.0,1.0,0.0,0.0,331.0,52.0,0.0
641.0,1.0,11.0,44.0,1.0,0.0,0.0,438.0,60.0,0.0
645.0,1.0,11.0,45.0,1.0,0.0,0.0,439.0,62.0,0.0
835.0,1.0,19.0,64.0,1.0,0.0,0.0,568.0,100.0,0.0
884.0,1.0,19.0,68.0,3.0,0.0,0.0,608.0,93.0,0.0
817.0,1.0,19.0,63.0,1.0,0.0,0.0,562.0,90.0,0.0
570.0,0.0,11.0,43.0,1.0,0.0,0.0,396.0,48.0,0.0
577.0,0.0,7.0,50.0,2.0,0.0,0.0,363.0,78.0,0.0
782.0,0.0,19.0,65.0,1.0,0.0,0.0,533.0,91.0,0.0
750.0,0.0,19.0,63.0,1.0,0.0,0.0,509.0,88.0,0.0
774.0,0.0,19.0,65.0,1.0,0.0,0.0,526.0,91.0,0.0
682.0,1.0,11.0,56.0,4.0,0.0,0.0,451.0,72.0,0.0
568.0,0.0,11.0,44.0,1.0,0.0,0.0,387.0,54.0,0.0
514.0,0.0,6.0,34.0,1.0,0.0,0.0,343.0,51.0,0.0
567.0,0.0,11.0,46.0,1.0,0.0,0.0,379.0,59.0,0.0
518.0,0.0,6.0,35.0,1.0,0.0,0.0,351.0,46.0,0.0
752.0,0.0,19.0,63.0,1.0,0.0,0.0,502.0,97.0,0.0
692.0,1.0,11.0,54.0,1.0,0.0,0.0,466.0,73.0,0.0
815.0,0.0,19.0,61.0,1.0,0.0,0.0,561.0,92.0,0.0
694.0,1.0,11.0,53.0,3.0,0.0,0.0,466.0,71.0,0.0
524.0,0.0,6.0,35.0,1.0,0.0,0.0,351.0,51.0,0.0
825.0,1.0,19.0,64.0,1.0,0.0,0.0,568.0,91.0,0.0
632.0,1.0,11.0,43.0,1.0,0.0,0.0,441.0,51.0,0.0
509.0,0.0,6.0,33.0,1.0,0.0,0.0,325.0,69.0,0.0
814.0,1.0,19.0,63.0,1.0,0.0,0.0,558.0,92.0,0.0
801.0,1.0,19.0,63.0,1.0,0.0,0.0,545.0,94.0,0.0
754.0,0.0,19.0,62.0,1.0,0.0,0.0,519.0,83.0,0.0
678.0,1.0,11.0,55.0,2.0,0.0,0.0,451.0,73.0,0.0
830.0,1.0,19.0,63.0,1.0,0.0,0.0,572.0,91.0,0.0
494.0,0.0,6.0,32.0,1.0,0.0,0.0,331.0,47.0,0.0
642.0,0.0,11.0,46.0,1.0,0.0,0.0,438.0,60.0,0.0
611.0,1.0,7.0,36.0,1.0,0.0,0.0,419.0,58.0,0.0
656.0,1.0,9.0,48.0,3.0,0.0,0.0,438.0,67.0,0.0
683.0,0.0,7.0,53.0,1.0,1.0,0.0,458.0,80.0,0.0
843.0,1.0,19.0,64.0,1.0,0.0,0.0,581.0,91.0,0.0
503.0,0.0,6.0,32.0,1.0,0.0,0.0,338.0,47.0,0.0
809.0,1.0,19.0,64.0,1.0,0.0,0.0,542.0,102.0,0.0
542.0,0.0,9.0,40.0,2.0,0.0,0.0,360.0,59.0,0.0
636.0,1.0,7.0,43.0,1.0,0.0,0.0,431.0,64.0,0.0
562.0,0.0,7.0,44.0,3.0,0.0,0.0,372.0,58.0,0.0
618.0,0.0,11.0,56.0,4.0,0.0,0.0,404.0,66.0,0.0
735.0,0.0,19.0,63.0,1.0,0.0,0.0,491.0,91.0,0.0
616.0,0.0,9.0,44.0,4.0,0.0,0.0,412.0,63.0,0.0
508.0,0.0,6.0,34.0,1.0,0.0,0.0,337.0,53.0,0.0
697.0,1.0,7.0,49.0,1.0,0.0,0.0,452.0,99.0,0.0
760.0,0.0,19.0,63.0,1.0,0.0,0.0,517.0,89.0,0.0
608.0,1.0,9.0,40.0,1.0,0.0,0.0,412.0,58.0,0.0
810.0,0.0,19.0,68.0,1.0,0.0,0.0,528.0,124.0,0.0
554.0,0.0,9.0,40.0,2.0,0.0,0.0,372.0,58.0,0.0
513.0,0.0,7.0,35.0,1.0,0.0,0.0,337.0,58.0,0.0
772.0,0.0,19.0,66.0,1.0,0.0,0.0,524.0,92.0,0.0
833.0,1.0,19.0,66.0,1.0,0.0,0.0,568.0,97.0,0.0
765.0,0.0,19.0,63.0,1.0,0.0,0.0,524.0,86.0,0.0
535.0,0.0,7.0,40.0,1.0,0.0,0.0,344.0,66.0,0.0
851.0,1.0,19.0,64.0,1.0,0.0,0.0,592.0,90.0,0.0
676.0,1.0,11.0,53.0,4.0,0.0,0.0,448.0,75.0,0.0
537.0,0.0,6.0,35.0,1.0,0.0,0.0,350.0,67.0,0.0
879.0,1.0,19.0,73.0,1.0,0.0,0.0,599.0,102.0,0.0
648.0,1.0,11.0,47.0,1.0,0.0,0.0,444.0,61.0,0.0
643.0,1.0,11.0,44.0,1.0,0.0,0.0,449.0,53.0,0.0
490.0,0.0,6.0,32.0,1.0,0.0,0.0,329.0,47.0,0.0
711.0,1.0,11.0,51.0,1.0,0.0,0.0,475.0,87.0,0.0
813.0,1.0,19.0,63.0,1.0,0.0,0.0,548.0,102.0,0.0
611.0,1.0,9.0,39.0,2.0,0.0,0.0,415.0,59.0,0.0
1205.0,1.0,11.0,153.0,1.0,0.0,0.0,496.0,455.0,0.0
751.0,0.0,19.0,66.0,1.0,0.0,0.0,515.0,79.0,0.0
589.0,0.0,7.0,43.0,1.0,0.0,0.0,380.0,81.0,0.0
499.0,0.0,6.0,34.0,1.0,0.0,0.0,334.0,49.0,0.0
739.0,0.0,19.0,64.0,1.0,0.0,0.0,496.0,92.0,0.0
742.0,0.0,19.0,63.0,1.0,0.0,0.0,497.0,93.0,0.0
1146.0,1.0,7.0,144.0,1.0,0.0,0.0,454.0,450.0,0.0
529.0,0.0,7.0,39.0,1.0,0.0,0.0,351.0,56.0,0.0
477.0,0.0,6.0,30.0,1.0,0.0,0.0,316.0,48.0,0.0
1130.0,0.0,11.0,153.0,1.0,0.0,0.0,449.0,443.0,0.0
637.0,1.0,11.0,44.0,1.0,0.0,0.0,438.0,56.0,0.0
768.0,0.0,19.0,63.0,1.0,0.0,0.0,531.0,85.0,0.0
821.0,1.0,19.0,65.0,1.0,0.0,0.0,561.0,94.0,0.0
820.0,0.0,19.0,68.0,1.0,0.0,0.0,530.0,131.0,0.0
609.0,0.0,9.0,39.0,2.0,0.0,0.0,411.0,62.0,0.0
777.0,1.0,9.0,57.0,2.0,1.0,0.0,529.0,86.0,0.0
637.0,1.0,11.0,44.0,1.0,0.0,0.0,426.0,68.0,0.0
711.0,1.0,11.0,61.0,2.0,0.0,0.0,460.0,91.0,0.0
750.0,0.0,19.0,61.0,1.0,0.0,0.0,507.0,92.0,0.0
570.0,0.0,11.0,43.0,1.0,0.0,0.0,384.0,59.0,0.0
1076.0,0.0,7.0,144.0,1.0,0.0,0.0,402.0,445.0,0.0
815.0,1.0,19.0,63.0,1.0,0.0,0.0,566.0,84.0,0.0
636.0,1.0,11.0,44.0,1.0,0.0,0.0,432.0,61.0,0.0
492.0,0.0,6.0,31.0,1.0,0.0,0.0,311.0,68.0,0.0
682.0,0.0,7.0,53.0,1.0,1.0,0.0,454.0,83.0,0.0
481.0,0.0,6.0,31.0,1.0,0.0,0.0,312.0,55.0,0.0
663.0,1.0,9.0,45.0,2.0,0.0,0.0,432.0,89.0,0.0
575.0,0.0,11.0,45.0,1.0,0.0,0.0,395.0,52.0,0.0
751.0,0.0,19.0,61.0,1.0,0.0,0.0,515.0,83.0,0.0
529.0,0.0,7.0,36.0,1.0,0.0,0.0,355.0,54.0,0.0
808.0,0.0,19.0,65.0,1.0,0.0,0.0,529.0,123.0,0.0
611.0,1.0,9.0,39.0,2.0,0.0,0.0,417.0,57.0,0.0
828.0,1.0,19.0,63.0,1.0,0.0,0.0,565.0,100.0,0.0
697.0,1.0,7.0,49.0,1.0,0.0,0.0,447.0,104.0,0.0
617.0,0.0,7.0,56.0,2.0,0.0,0.0,386.0,88.0,0.0
508.0,0.0,6.0,33.0,1.0,0.0,0.0,339.0,53.0,0.0
829.0,1.0,19.0,65.0,1.0,0.0,0.0,565.0,95.0,0.0
820.0,0.0,19.0,70.0,1.0,0.0,0.0,541.0,115.0,0.0
525.0,0.0,6.0,34.0,1.0,0.0,0.0,345.0,62.0,0.0
606.0,1.0,9.0,40.0,2.0,0.0,0.0,408.0,61.0,0.0
520.0,0.0,6.0,34.0,1.0,0.0,0.0,347.0,52.0,0.0
756.0,0.0,19.0,63.0,1.0,0.0,0.0,517.0,85.0,0.0
542.0,0.0,9.0,40.0,2.0,0.0,0.0,361.0,58.0,0.0
629.0,0.0,11.0,43.0,1.0,0.0,0.0,440.0,51.0,0.0
503.0,0.0,6.0,33.0,1.0,0.0,0.0,341.0,45.0,0.0
748.0,0.0,19.0,63.0,1.0,0.0,0.0,517.0,77.0,0.0
867.0,1.0,19.0,74.0,4.0,0.0,0.0,584.0,101.0,0.0
782.0,0.0,19.0,63.0,1.0,0.0,0.0,535.0,90.0,0.0
525.0,0.0,6.0,34.0,1.0,0.0,0.0,356.0,49.0,0.0
851.0,1.0,19.0,64.0,1.0,0.0,0.0,591.0,92.0,0.0
691.0,1.0,11.0,58.0,2.0,0.0,0.0,454.0,80.0,0.0
748.0,0.0,19.0,65.0,1.0,0.0,0.0,507.0,87.0,0.0
828.0,1.0,19.0,62.0,1.0,0.0,0.0,568.0,94.0,0.0
633.0,1.0,11.0,43.0,1.0,0.0,0.0,441.0,53.0,0.0
768.0,0.0,19.0,64.0,1.0,0.0,0.0,520.0,94.0,0.0
858.0,1.0,19.0,63.0,1.0,0.0,0.0,597.0,91.0,0.0
665.0,1.0,9.0,43.0,2.0,0.0,0.0,439.0,84.0,0.0
650.0,1.0,11.0,44.0,2.0,0.0,0.0,452.0,55.0,0.0
758.0,0.0,19.0,67.0,1.0,0.0,0.0,525.0,76.0,0.0
754.0,0.0,19.0,63.0,1.0,0.0,0.0,514.0,89.0,0.0
837.0,1.0,19.0,63.0,1.0,0.0,0.0,579.0,90.0,0.0
841.0,1.0,19.0,63.0,1.0,0.0,0.0,585.0,90.0,0.0
770.0,0.0,19.0,64.0,1.0,0.0,0.0,526.0,89.0,0.0
832.0,1.0,19.0,63.0,1.0,0.0,0.0,574.0,91.0,0.0
652.0,0.0,11.0,56.0,1.0,0.0,0.0,427.0,83.0,0.0
517.0,0.0,6.0,35.0,1.0,0.0,0.0,353.0,43.0,0.0
829.0,1.0,19.0,61.0,1.0,0.0,0.0,570.0,93.0,0.0
1206.0,1.0,11.0,153.0,1.0,0.0,0.0,496.0,456.0,0.0
758.0,0.0,19.0,61.0,1.0,0.0,0.0,527.0,81.0,0.0
598.0,1.0,7.0,39.0,1.0,0.0,0.0,400.0,63.0,0.0
817.0,1.0,19.0,64.0,1.0,0.0,0.0,554.0,96.0,0.0
509.0,0.0,6.0,34.0,1.0,0.0,0.0,342.0,50.0,0.0
825.0,0.0,19.0,76.0,1.0,0.0,0.0,535.0,123.0,0.0
496.0,0.0,6.0,31.0,1.0,0.0,0.0,319.0,63.0,0.0
805.0,1.0,11.0,62.0,1.0,1.0,0.0,546.0,89.0,0.0
654.0,1.0,7.0,45.0,1.0,0.0,0.0,426.0,87.0,0.0
501.0,0.0,6.0,34.0,1.0,0.0,0.0,334.0,50.0,0.0
571.0,0.0,11.0,45.0,1.0,0.0,0.0,382.0,58.0,0.0
643.0,1.0,11.0,46.0,1.0,0.0,0.0,430.0,68.0,0.0
499.0,0.0,6.0,33.0,1.0,0.0,0.0,334.0,48.0,0.0
873.0,1.0,19.0,71.0,2.0,0.0,0.0,586.0,110.0,0.0
647.0,1.0,7.0,41.0,1.0,0.0,0.0,424.0,85.0,0.0
605.0,1.0,7.0,36.0,1.0,0.0,0.0,421.0,51.0,0.0
895.0,1.0,19.0,68.0,3.0,0.0,0.0,614.0,99.0,0.0
828.0,1.0,19.0,63.0,2.0,0.0,0.0,572.0,90.0,0.0
780.0,0.0,19.0,62.0,1.0,0.0,0.0,531.0,93.0,0.0
836.0,1.0,19.0,62.0,1.0,0.0,0.0,579.0,91.0,0.0
820.0,1.0,19.0,61.0,1.0,0.0,0.0,558.0,99.0,0.0
622.0,1.0,9.0,43.0,2.0,0.0,0.0,411.0,72.0,0.0
503.0,0.0,6.0,33.0,1.0,0.0,0.0,343.0,43.0,0.0
578.0,0.0,9.0,47.0,3.0,0.0,0.0,371.0,74.0,0.0
836.0,1.0,19.0,65.0,1.0,0.0,0.0,573.0,93.0,0.0
655.0,1.0,7.0,40.0,3.0,0.0,0.0,446.0,61.0,0.0
589.0,0.0,7.0,43.0,1.0,0.0,0.0,371.0,91.0,0.0
613.0,0.0,7.0,43.0,1.0,0.0,0.0,402.0,82.0,0.0
609.0,1.0,9.0,40.0,2.0,0.0,0.0,419.0,54.0,0.0
739.0,0.0,19.0,64.0,1.0,0.0,0.0,503.0,85.0,0.0
840.0,1.0,19.0,65.0,1.0,0.0,0.0,570.0,98.0,0.0
825.0,1.0,19.0,62.0,1.0,0.0,0.0,565.0,97.0,0.0
887.0,1.0,19.0,69.0,1.0,0.0,0.0,605.0,113.0,0.0
623.0,0.0,11.0,48.0,1.0,0.0,0.0,400.0,91.0,0.0
732.0,0.0,19.0,62.0,1.0,0.0,0.0,495.0,88.0,0.0
506.0,0.0,6.0,32.0,1.0,0.0,0.0,340.0,51.0,0.0
779.0,0.0,19.0,66.0,1.0,0.0,0.0,524.0,96.0,0.0
739.0,0.0,19.0,61.0,1.0,0.0,0.0,502.0,88.0,0.0
580.0,0.0,11.0,48.0,1.0,0.0,0.0,385.0,62.0,0.0
846.0,1.0,19.0,65.0,1.0,0.0,0.0,580.0,95.0,0.0
764.0,0.0,19.0,63.0,1.0,0.0,0.0,518.0,92.0,0.0
752.0,0.0,19.0,64.0,1.0,0.0,0.0,503.0,93.0,0.0
827.0,1.0,19.0,64.0,1.0,0.0,0.0,565.0,96.0,0.0
695.0,1.0,11.0,51.0,1.0,0.0,0.0,481.0,65.0,0.0
838.0,1.0,19.0,64.0,1.0,0.0,0.0,568.0,101.0,0.0
582.0,1.0,7.0,35.0,1.0,0.0,0.0,397.0,53.0,0.0
583.0,0.0,7.0,48.0,4.0,0.0,0.0,373.0,70.0,0.0
757.0,0.0,19.0,64.0,1.0,0.0,0.0,514.0,89.0,0.0
576.0,0.0,11.0,46.0,1.0,0.0,0.0,379.0,65.0,0.0
509.0,0.0,6.0,35.0,1.0,0.0,0.0,342.0,49.0,0.0
859.0,1.0,19.0,64.0,1.0,0.0,0.0,601.0,87.0,0.0
636.0,1.0,11.0,43.0,1.0,0.0,0.0,441.0,55.0,0.0
660.0,1.0,11.0,45.0,2.0,0.0,0.0,456.0,57.0,0.0
813.0,1.0,19.0,63.0,1.0,0.0,0.0,552.0,94.0,0.0
743.0,1.0,7.0,53.0,1.0,1.0,0.0,503.0,82.0,0.0
589.0,0.0,7.0,45.0,1.0,0.0,0.0,372.0,88.0,0.0
499.0,0.0,6.0,34.0,1.0,0.0,0.0,335.0,48.0,0.0
642.0,1.0,11.0,44.0,1.0,0.0,0.0,453.0,49.0,0.0
816.0,0.0,19.0,69.0,1.0,0.0,0.0,529.0,124.0,0.0
504.0,0.0,6.0,34.0,1.0,0.0,0.0,336.0,51.0,0.0
682.0,1.0,9.0,60.0,3.0,0.0,0.0,426.0,97.0,0.0
750.0,0.0,19.0,64.0,1.0,0.0,0.0,505.0,94.0,0.0
828.0,1.0,19.0,62.0,1.0,0.0,0.0,572.0,91.0,0.0
537.0,0.0,9.0,39.0,2.0,0.0,0.0,355.0,60.0,0.0
853.0,1.0,19.0,64.0,2.0,0.0,0.0,588.0,94.0,0.0
616.0,0.0,11.0,53.0,2.0,0.0,0.0,399.0,75.0,0.0
829.0,1.0,19.0,62.0,1.0,0.0,0.0,575.0,90.0,0.0
638.0,1.0,7.0,45.0,1.0,0.0,0.0,427.0,69.0,0.0
490.0,0.0,6.0,32.0,1.0,0.0,0.0,331.0,44.0,0.0
623.0,0.0,11.0,56.0,2.0,0.0,0.0,403.0,75.0,0.0
682.0,1.0,11.0,58.0,2.0,0.0,0.0,439.0,85.0,0.0
818.0,0.0,19.0,66.0,1.0,0.0,0.0,542.0,118.0,0.0
532.0,0.0,6.0,36.0,1.0,0.0,0.0,357.0,52.0,0.0
490.0,0.0,6.0,31.0,1.0,0.0,0.0,326.0,48.0,0.0
628.0,1.0,9.0,44.0,2.0,0.0,0.0,418.0,68.0,0.0
737.0,0.0,19.0,61.0,1.0,0.0,0.0,495.0,90.0,0.0
754.0,0.0,19.0,63.0,1.0,0.0,0.0,513.0,88.0,0.0
600.0,0.0,7.0,35.0,1.0,0.0,0.0,421.0,48.0,0.0
646.0,0.0,11.0,65.0,2.0,0.0,0.0,402.0,93.0,0.0
840.0,1.0,19.0,62.0,1.0,0.0,0.0,574.0,96.0,0.0
924.0,1.0,19.0,72.0,1.0,0.0,0.0,611.0,130.0,0.0
697.0,1.0,11.0,53.0,1.0,0.0,0.0,456.0,92.0,0.0
814.0,1.0,19.0,61.0,1.0,0.0,0.0,557.0,94.0,0.0
929.0,0.0,19.0,79.0,1.0,1.0,0.0,631.0,119.0,0.0
712.0,1.0,11.0,52.0,1.0,0.0,0.0,469.0,94.0,0.0
828.0,1.0,19.0,63.0,1.0,0.0,0.0,568.0,92.0,0.0
732.0,0.0,11.0,61.0,1.0,1.0,0.0,498.0,81.0,0.0
619.0,0.0,9.0,51.0,1.0,0.0,0.0,400.0,83.0,0.0
731.0,0.0,19.0,63.0,1.0,0.0,0.0,484.0,94.0,0.0
779.0,0.0,19.0,76.0,4.0,0.0,0.0,505.0,106.0,0.0
635.0,0.0,11.0,50.0,1.0,0.0,0.0,410.0,88.0,0.0
818.0,1.0,19.0,66.0,1.0,0.0,0.0,560.0,91.0,0.0
842.0,1.0,19.0,66.0,1.0,0.0,0.0,580.0,95.0,0.0
770.0,0.0,19.0,61.0,1.0,0.0,0.0,530.0,87.0,0.0
771.0,0.0,19.0,65.0,1.0,0.0,0.0,524.0,89.0,0.0
519.0,0.0,6.0,34.0,1.0,0.0,0.0,351.0,47.0,0.0
657.0,1.0,11.0,45.0,2.0,0.0,0.0,449.0,61.0,0.0
745.0,0.0,19.0,61.0,1.0,0.0,0.0,506.0,88.0,0.0
555.0,0.0,7.0,47.0,4.0,0.0,0.0,355.0,66.0,0.0
671.0,1.0,11.0,52.0,2.0,0.0,0.0,443.0,77.0,0.0
764.0,0.0,19.0,67.0,1.0,0.0,0.0,513.0,90.0,0.0
766.0,0.0,19.0,65.0,1.0,0.0,0.0,515.0,95.0,0.0
656.0,1.0,7.0,40.0,3.0,0.0,0.0,446.0,62.0,0.0
812.0,1.0,19.0,64.0,1.0,0.0,0.0,556.0,90.0,0.0
575.0,0.0,11.0,46.0,1.0,0.0,0.0,388.0,58.0,0.0
576.0,0.0,11.0,45.0,1.0,0.0,0.0,390.0,57.0,0.0
784.0,0.0,19.0,62.0,1.0,0.0,0.0,534.0,93.0,0.0
751.0,0.0,19.0,64.0,1.0,0.0,0.0,515.0,82.0,0.0
642.0,1.0,11.0,47.0,1.0,0.0,0.0,436.0,63.0,0.0
750.0,0.0,19.0,65.0,1.0,0.0,0.0,512.0,84.0,0.0
809.0,1.0,19.0,63.0,1.0,0.0,0.0,548.0,95.0,0.0
751.0,1.0,11.0,58.0,1.0,0.0,0.0,485.0,109.0,0.0
636.0,1.0,7.0,50.0,2.0,0.0,0.0,402.0,85.0,0.0
749.0,0.0,19.0,62.0,1.0,0.0,0.0,504.0,92.0,0.0
614.0,1.0,9.0,40.0,2.0,0.0,0.0,422.0,54.0,0.0
635.0,1.0,11.0,44.0,1.0,0.0,0.0,435.0,60.0,0.0
743.0,0.0,19.0,64.0,1.0,0.0,0.0,499.0,93.0,0.0
638.0,1.0,11.0,44.0,1.0,0.0,0.0,437.0,61.0,0.0
750.0,0.0,19.0,62.0,1.0,0.0,0.0,506.0,90.0,0.0
802.0,1.0,19.0,62.0,1.0,0.0,0.0,553.0,87.0,0.0
642.0,1.0,11.0,45.0,1.0,0.0,0.0,439.0,62.0,0.0
837.0,1.0,19.0,69.0,1.0,0.0,0.0,563.0,99.0,0.0
767.0,0.0,19.0,64.0,1.0,0.0,0.0,526.0,85.0,0.0
566.0,0.0,7.0,44.0,3.0,0.0,0.0,378.0,56.0,0.0
645.0,1.0,11.0,45.0,1.0,0.0,0.0,440.0,64.0,0.0
526.0,0.0,6.0,35.0,1.0,0.0,0.0,350.0,55.0,0.0
764.0,0.0,19.0,61.0,1.0,0.0,0.0,526.0,83.0,0.0
713.0,1.0,11.0,62.0,2.0,0.0,0.0,456.0,93.0,0.0
638.0,1.0,11.0,43.0,1.0,0.0,0.0,443.0,56.0,0.0
492.0,0.0,6.0,32.0,1.0,0.0,0.0,328.0,47.0,0.0
752.0,0.0,19.0,60.0,1.0,0.0,0.0,510.0,90.0,0.0
686.0,1.0,11.0,47.0,1.0,0.0,0.0,453.0,86.0,0.0
878.0,1.0,19.0,76.0,2.0,0.0,0.0,576.0,118.0,0.0
807.0,1.0,19.0,63.0,1.0,0.0,0.0,558.0,85.0,0.0
761.0,0.0,19.0,61.0,1.0,0.0,0.0,517.0,90.0,0.0
778.0,0.0,19.0,61.0,1.0,0.0,0.0,537.0,88.0,0.0
753.0,0.0,19.0,63.0,1.0,0.0,0.0,511.0,90.0,0.0
600.0,0.0,9.0,45.0,1.0,0.0,0.0,386.0,83.0,0.0
492.0,0.0,6.0,32.0,1.0,0.0,0.0,329.0,48.0,0.0
751.0,0.0,19.0,66.0,1.0,0.0,0.0,500.0,91.0,0.0
521.0,0.0,6.0,34.0,1.0,0.0,0.0,356.0,46.0,0.0
815.0,0.0,19.0,74.0,4.0,0.0,0.0,540.0,101.0,0.0
577.0,0.0,7.0,43.0,1.0,0.0,0.0,387.0,62.0,0.0
579.0,0.0,7.0,43.0,1.0,0.0,0.0,359.0,93.0,0.0
504.0,0.0,6.0,33.0,1.0,0.0,0.0,334.0,52.0,0.0
771.0,0.0,19.0,68.0,1.0,0.0,0.0,513.0,99.0,0.0
756.0,0.0,19.0,62.0,1.0,0.0,0.0,515.0,86.0,0.0
711.0,1.0,11.0,54.0,1.0,0.0,0.0,465.0,93.0,0.0
527.0,0.0,6.0,34.0,1.0,0.0,0.0,342.0,67.0,0.0
503.0,0.0,6.0,33.0,1.0,0.0,0.0,334.0,53.0,0.0
643.0,1.0,11.0,46.0,1.0,0.0,0.0,433.0,65.0,0.0
563.0,0.0,9.0,40.0,3.0,0.0,0.0,376.0,59.0,0.0
584.0,0.0,7.0,45.0,1.0,0.0,0.0,375.0,81.0,0.0
577.0,0.0,11.0,45.0,1.0,0.0,0.0,385.0,62.0,0.0
586.0,1.0,7.0,35.0,1.0,0.0,0.0,406.0,48.0,0.0
769.0,0.0,19.0,65.0,1.0,0.0,0.0,518.0,92.0,0.0
754.0,0.0,19.0,61.0,1.0,0.0,0.0,520.0,82.0,0.0
588.0,0.0,7.0,47.0,1.0,0.0,0.0,380.0,78.0,0.0
583.0,1.0,7.0,36.0,1.0,0.0,0.0,395.0,56.0,0.0
830.0,1.0,19.0,64.0,1.0,0.0,0.0,568.0,94.0,0.0
814.0,1.0,19.0,61.0,1.0,0.0,0.0,557.0,92.0,0.0
568.0,0.0,11.0,44.0,1.0,0.0,0.0,396.0,45.0,0.0
513.0,0.0,6.0,34.0,1.0,0.0,0.0,347.0,49.0,0.0
573.0,0.0,11.0,44.0,1.0,0.0,0.0,382.0,61.0,0.0
584.0,0.0,9.0,43.0,2.0,0.0,0.0,372.0,85.0,0.0
559.0,0.0,9.0,44.0,2.0,0.0,0.0,367.0,63.0,0.0
858.0,1.0,19.0,66.0,1.0,0.0,0.0,588.0,97.0,0.0
494.0,0.0,6.0,31.0,1.0,0.0,0.0,327.0,50.0,0.0
518.0,0.0,7.0,36.0,1.0,0.0,0.0,343.0,56.0,0.0
619.0,0.0,11.0,48.0,1.0,0.0,0.0,402.0,85.0,0.0
640.0,1.0,11.0,44.0,1.0,0.0,0.0,443.0,54.0,0.0
825.0,1.0,19.0,65.0,1.0,0.0,0.0,568.0,91.0,0.0
639.0,0.0,11.0,48.0,3.0,0.0,0.0,433.0,63.0,0.0
746.0,0.0,19.0,61.0,1.0,0.0,0.0,515.0,81.0,0.0
822.0,1.0,19.0,63.0,1.0,0.0,0.0,560.0,93.0,0.0
756.0,0.0,19.0,63.0,1.0,0.0,0.0,515.0,87.0,0.0
565.0,0.0,11.0,44.0,1.0,0.0,0.0,385.0,52.0,0.0
566.0,0.0,11.0,43.0,1.0,0.0,0.0,386.0,54.0,0.0
742.0,0.0,19.0,62.0,1.0,0.0,0.0,499.0,90.0,0.0
777.0,0.0,19.0,62.0,1.0,0.0,0.0,537.0,85.0,0.0
585.0,0.0,7.0,45.0,1.0,0.0,0.0,394.0,62.0,0.0
582.0,0.0,11.0,48.0,1.0,0.0,0.0,386.0,61.0,0.0
496.0,0.0,6.0,33.0,1.0,0.0,0.0,333.0,48.0,0.0
629.0,0.0,11.0,43.0,1.0,0.0,0.0,436.0,55.0,0.0
586.0,1.0,7.0,35.0,1.0,0.0,0.0,411.0,43.0,0.0
824.0,1.0,19.0,61.0,1.0,0.0,0.0,571.0,89.0,0.0
504.0,0.0,6.0,34.0,1.0,0.0,0.0,337.0,49.0,0.0
599.0,1.0,7.0,36.0,2.0,0.0,0.0,408.0,56.0,0.0
814.0,0.0,19.0,72.0,1.0,0.0,0.0,528.0,125.0,0.0
829.0,1.0,19.0,65.0,1.0,0.0,0.0,569.0,94.0,0.0
828.0,1.0,19.0,61.0,1.0,0.0,0.0,571.0,91.0,0.0
517.0,0.0,6.0,34.0,1.0,0.0,0.0,349.0,49.0,0.0
627.0,1.0,7.0,47.0,4.0,0.0,0.0,412.0,68.0,0.0
836.0,1.0,19.0,64.0,1.0,0.0,0.0,576.0,92.0,0.0
634.0,1.0,11.0,43.0,1.0,0.0,0.0,443.0,50.0,0.0
633.0,1.0,9.0,44.0,2.0,0.0,0.0,421.0,68.0,0.0
501.0,0.0,6.0,33.0,1.0,0.0,0.0,331.0,54.0,0.0
635.0,1.0,11.0,43.0,1.0,0.0,0.0,446.0,50.0,0.0
886.0,1.0,19.0,69.0,1.0,0.0,0.0,584.0,129.0,0.0
837.0,0.0,19.0,86.0,2.0,0.0,0.0,526.0,132.0,0.0
632.0,1.0,11.0,44.0,1.0,0.0,0.0,441.0,51.0,0.0
812.0,1.0,19.0,60.0,1.0,0.0,0.0,553.0,96.0,0.0
704.0,1.0,11.0,53.0,1.0,0.0,0.0,466.0,89.0,0.0
641.0,1.0,7.0,45.0,4.0,0.0,0.0,435.0,60.0,0.0
812.0,0.0,19.0,72.0,2.0,0.0,0.0,546.0,99.0,0.0
804.0,1.0,19.0,63.0,1.0,0.0,0.0,538.0,100.0,0.0
546.0,0.0,9.0,40.0,2.0,0.0,0.0,362.0,59.0,0.0
569.0,0.0,11.0,44.0,1.0,0.0,0.0,383.0,59.0,0.0
685.0,1.0,11.0,54.0,2.0,0.0,0.0,457.0,72.0,0.0
501.0,0.0,6.0,33.0,1.0,0.0,0.0,336.0,49.0,0.0
825.0,1.0,19.0,66.0,1.0,0.0,0.0,556.0,100.0,0.0
583.0,0.0,9.0,47.0,3.0,0.0,0.0,380.0,68.0,0.0
926.0,1.0,19.0,76.0,1.0,0.0,0.0,614.0,133.0,0.0
773.0,0.0,19.0,65.0,1.0,0.0,0.0,520.0,96.0,0.0
516.0,0.0,6.0,34.0,1.0,0.0,0.0,353.0,44.0,0.0
595.0,0.0,11.0,47.0,2.0,0.0,0.0,402.0,57.0,0.0
808.0,1.0,19.0,61.0,1.0,0.0,0.0,557.0,87.0,0.0
827.0,1.0,19.0,62.0,1.0,0.0,0.0,571.0,90.0,0.0
736.0,0.0,19.0,61.0,1.0,0.0,0.0,501.0,85.0,0.0
510.0,0.0,6.0,35.0,1.0,0.0,0.0,341.0,51.0,0.0
836.0,1.0,19.0,66.0,1.0,0.0,0.0,566.0,100.0,0.0
900.0,0.0,19.0,79.0,1.0,1.0,0.0,611.0,112.0,0.0
486.0,0.0,6.0,31.0,1.0,0.0,0.0,319.0,52.0,0.0
581.0,0.0,11.0,45.0,1.0,0.0,0.0,398.0,54.0,0.0
757.0,0.0,19.0,61.0,1.0,0.0,0.0,520.0,85.0,0.0
808.0,0.0,19.0,60.0,1.0,0.0,0.0,562.0,85.0,0.0
660.0,1.0,7.0,40.0,3.0,0.0,0.0,449.0,62.0,0.0
652.0,1.0,7.0,43.0,1.0,0.0,0.0,433.0,78.0,0.0
825.0,1.0,19.0,64.0,1.0,0.0,0.0,561.0,98.0,0.0
816.0,1.0,19.0,62.0,1.0,0.0,0.0,557.0,95.0,0.0
489.0,0.0,6.0,32.0,1.0,0.0,0.0,323.0,51.0,0.0
821.0,1.0,19.0,65.0,1.0,0.0,0.0,554.0,99.0,0.0
743.0,0.0,19.0,62.0,1.0,0.0,0.0,501.0,90.0,0.0
550.0,0.0,7.0,36.0,1.0,0.0,0.0,377.0,52.0,0.0
636.0,1.0,11.0,43.0,1.0,0.0,0.0,439.0,57.0,0.0
738.0,0.0,19.0,63.0,1.0,0.0,0.0,494.0,92.0,0.0
774.0,0.0,19.0,63.0,1.0,0.0,0.0,525.0,92.0,0.0
503.0,0.0,6.0,33.0,1.0,0.0,0.0,342.0,46.0,0.0
633.0,0.0,11.0,44.0,1.0,0.0,0.0,440.0,54.0,0.0
746.0,0.0,19.0,62.0,1.0,0.0,0.0,501.0,94.0,0.0
570.0,0.0,11.0,44.0,1.0,0.0,0.0,389.0,54.0,0.0
508.0,0.0,7.0,36.0,1.0,0.0,0.0,338.0,51.0,0.0
816.0,1.0,19.0,61.0,1.0,0.0,0.0,554.0,99.0,0.0
1295.0,0.0,19.0,171.0,1.0,0.0,0.0,551.0,479.0,0.0
635.0,1.0,7.0,47.0,2.0,0.0,0.0,415.0,74.0,0.0
757.0,0.0,19.0,63.0,1.0,0.0,0.0,516.0,88.0,0.0
848.0,1.0,19.0,64.0,1.0,0.0,0.0,582.0,98.0,0.0
747.0,0.0,19.0,62.0,1.0,0.0,0.0,508.0,89.0,0.0
806.0,0.0,19.0,67.0,1.0,0.0,0.0,529.0,120.0,0.0
834.0,0.0,19.0,70.0,3.0,0.0,0.0,572.0,93.0,0.0
802.0,0.0,19.0,70.0,2.0,0.0,0.0,540.0,100.0,0.0
507.0,0.0,6.0,33.0,1.0,0.0,0.0,327.0,65.0,0.0
506.0,0.0,6.0,34.0,1.0,0.0,0.0,340.0,47.0,0.0
890.0,1.0,19.0,67.0,1.0,0.0,0.0,597.0,119.0,0.0
829.0,0.0,19.0,75.0,1.0,0.0,0.0,537.0,125.0,0.0
630.0,0.0,11.0,51.0,1.0,0.0,0.0,406.0,89.0,0.0
664.0,1.0,11.0,47.0,2.0,0.0,0.0,455.0,60.0,0.0
759.0,0.0,19.0,62.0,1.0,0.0,0.0,517.0,91.0,0.0
513.0,0.0,6.0,33.0,1.0,0.0,0.0,343.0,53.0,0.0
644.0,0.0,11.0,56.0,1.0,0.0,0.0,409.0,93.0,0.0
505.0,0.0,6.0,33.0,1.0,0.0,0.0,336.0,53.0,0.0
755.0,0.0,19.0,64.0,1.0,0.0,0.0,498.0,104.0,0.0
516.0,0.0,6.0,34.0,1.0,0.0,0.0,346.0,50.0,0.0
586.0,0.0,7.0,40.0,3.0,0.0,0.0,395.0,56.0,0.0
788.0,0.0,19.0,66.0,1.0,0.0,0.0,539.0,91.0,0.0
822.0,1.0,19.0,60.0,1.0,0.0,0.0,570.0,89.0,0.0
825.0,1.0,19.0,63.0,1.0,0.0,0.0,564.0,96.0,0.0
836.0,1.0,19.0,63.0,1.0,0.0,0.0,574.0,93.0,0.0
474.0,0.0,6.0,31.0,1.0,0.0,0.0,312.0,48.0,0.0
816.0,1.0,19.0,62.0,1.0,0.0,0.0,558.0,93.0,0.0
736.0,0.0,19.0,62.0,1.0,0.0,0.0,487.0,97.0,0.0
601.0,1.0,9.0,40.0,1.0,0.0,0.0,407.0,58.0,0.0
709.0,1.0,11.0,55.0,1.0,0.0,0.0,480.0,78.0,0.0
769.0,0.0,19.0,65.0,1.0,0.0,0.0,522.0,90.0,0.0
633.0,1.0,11.0,44.0,1.0,0.0,0.0,437.0,56.0,0.0
637.0,1.0,11.0,43.0,1.0,0.0,0.0,436.0,62.0,0.0
549.0,0.0,7.0,47.0,4.0,0.0,0.0,344.0,71.0,0.0
832.0,1.0,19.0,65.0,1.0,0.0,0.0,570.0,95.0,0.0
563.0,0.0,7.0,47.0,4.0,0.0,0.0,365.0,63.0,0.0
633.0,1.0,11.0,43.0,1.0,0.0,0.0,446.0,48.0,0.0
819.0,1.0,19.0,65.0,1.0,0.0,0.0,556.0,93.0,0.0
759.0,0.0,19.0,63.0,1.0,0.0,0.0,524.0,83.0,0.0
804.0,1.0,19.0,64.0,1.0,0.0,0.0,549.0,90.0,0.0
802.0,0.0,19.0,64.0,1.0,0.0,0.0,551.0,91.0,0.0
491.0,0.0,6.0,32.0,1.0,0.0,0.0,322.0,54.0,0.0
820.0,1.0,19.0,63.0,1.0,0.0,0.0,559.0,94.0,0.0
511.0,0.0,6.0,33.0,1.0,0.0,0.0,324.0,71.0,0.0
692.0,1.0,9.0,47.0,2.0,0.0,0.0,461.0,84.0,0.0
514.0,0.0,7.0,35.0,1.0,0.0,0.0,351.0,45.0,0.0
832.0,1.0,19.0,65.0,1.0,0.0,0.0,568.0,95.0,0.0
764.0,0.0,19.0,67.0,1.0,0.0,0.0,513.0,93.0,0.0
702.0,1.0,11.0,51.0,1.0,0.0,0.0,469.0,83.0,0.0
842.0,1.0,19.0,63.0,1.0,0.0,0.0,583.0,89.0,0.0
755.0,0.0,19.0,66.0,1.0,0.0,0.0,508.0,91.0,0.0
634.0,0.0,11.0,53.0,1.0,0.0,0.0,410.0,88.0,0.0
696.0,1.0,11.0,49.0,1.0,0.0,0.0,458.0,92.0,0.0
530.0,0.0,6.0,34.0,1.0,0.0,0.0,339.0,72.0,0.0
762.0,0.0,19.0,65.0,1.0,0.0,0.0,508.0,98.0,0.0
818.0,1.0,19.0,68.0,1.0,0.0,0.0,544.0,102.0,0.0
640.0,1.0,11.0,43.0,1.0,0.0,0.0,444.0,56.0,0.0
641.0,1.0,11.0,45.0,1.0,0.0,0.0,444.0,56.0,0.0
835.0,0.0,19.0,72.0,1.0,0.0,0.0,536.0,136.0,0.0
509.0,0.0,6.0,34.0,1.0,0.0,0.0,341.0,49.0,0.0
608.0,1.0,7.0,40.0,1.0,0.0,0.0,405.0,64.0,0.0
752.0,0.0,19.0,63.0,1.0,0.0,0.0,510.0,89.0,0.0
581.0,0.0,9.0,49.0,1.0,0.0,0.0,385.0,64.0,0.0
731.0,0.0,19.0,64.0,1.0,0.0,0.0,491.0,89.0,0.0
587.0,1.0,7.0,35.0,1.0,0.0,0.0,403.0,52.0,0.0
619.0,1.0,9.0,44.0,2.0,0.0,0.0,413.0,64.0,0.0
853.0,1.0,19.0,66.0,1.0,0.0,0.0,583.0,98.0,0.0
567.0,0.0,11.0,45.0,1.0,0.0,0.0,383.0,56.0,0.0
741.0,0.0,19.0,62.0,1.0,0.0,0.0,499.0,91.0,0.0
746.0,0.0,19.0,65.0,1.0,0.0,0.0,502.0,89.0,0.0
753.0,0.0,19.0,64.0,1.0,0.0,0.0,500.0,99.0,0.0
747.0,0.0,19.0,61.0,1.0,0.0,0.0,502.0,94.0,0.0
756.0,0.0,19.0,65.0,1.0,0.0,0.0,515.0,84.0,0.0
756.0,0.0,19.0,64.0,1.0,0.0,0.0,507.0,94.0,0.0
513.0,0.0,7.0,35.0,1.0,0.0,0.0,346.0,48.0,0.0
834.0,1.0,19.0,62.0,1.0,0.0,0.0,569.0,97.0,0.0
590.0,0.0,11.0,48.0,1.0,0.0,0.0,386.0,71.0,0.0
613.0,0.0,9.0,47.0,2.0,0.0,0.0,386.0,96.0,0.0
733.0,0.0,19.0,60.0,1.0,0.0,0.0,498.0,88.0,0.0
1098.0,0.0,9.0,148.0,1.0,0.0,0.0,418.0,445.0,0.0
841.0,1.0,19.0,65.0,1.0,0.0,0.0,581.0,90.0,0.0
827.0,1.0,19.0,63.0,1.0,0.0,0.0,564.0,95.0,0.0
507.0,0.0,6.0,33.0,1.0,0.0,0.0,346.0,45.0,0.0
570.0,0.0,11.0,44.0,1.0,0.0,0.0,383.0,60.0,0.0
515.0,0.0,6.0,34.0,1.0,0.0,0.0,326.0,72.0,0.0
476.0,0.0,6.0,30.0,1.0,0.0,0.0,317.0,46.0,0.0
521.0,0.0,6.0,34.0,1.0,0.0,0.0,349.0,51.0,0.0
593.0,0.0,7.0,56.0,2.0,0.0,0.0,356.0,95.0,0.0
645.0,0.0,11.0,52.0,1.0,0.0,0.0,419.0,86.0,0.0
513.0,0.0,7.0,35.0,1.0,0.0,0.0,346.0,49.0,0.0
809.0,0.0,19.0,76.0,4.0,0.0,0.0,533.0,101.0,0.0
639.0,0.0,11.0,44.0,1.0,0.0,0.0,437.0,60.0,0.0
816.0,1.0,19.0,62.0,1.0,0.0,0.0,558.0,94.0,0.0
514.0,0.0,7.0,36.0,1.0,0.0,0.0,339.0,56.0,0.0
508.0,0.0,6.0,34.0,1.0,0.0,0.0,343.0,46.0,0.0
526.0,0.0,6.0,35.0,1.0,0.0,0.0,356.0,48.0,0.0
515.0,0.0,7.0,36.0,1.0,0.0,0.0,341.0,55.0,0.0
751.0,0.0,19.0,63.0,1.0,0.0,0.0,510.0,89.0,0.0
496.0,0.0,6.0,33.0,1.0,0.0,0.0,329.0,50.0,0.0
508.0,0.0,6.0,32.0,1.0,0.0,0.0,320.0,72.0,0.0
567.0,0.0,7.0,50.0,2.0,0.0,0.0,352.0,79.0,0.0
613.0,0.0,11.0,54.0,2.0,0.0,0.0,396.0,74.0,0.0
758.0,0.0,19.0,64.0,1.0,0.0,0.0,507.0,98.0,0.0
589.0,1.0,7.0,36.0,1.0,0.0,0.0,399.0,57.0,0.0
645.0,1.0,11.0,46.0,1.0,0.0,0.0,442.0,61.0,0.0
841.0,1.0,19.0,62.0,1.0,0.0,0.0,582.0,91.0,0.0
779.0,0.0,19.0,64.0,1.0,0.0,0.0,528.0,93.0,0.0
860.0,1.0,19.0,66.0,1.0,0.0,0.0,596.0,93.0,0.0
529.0,0.0,7.0,39.0,1.0,0.0,0.0,348.0,59.0,0.0
581.0,0.0,9.0,49.0,5.0,0.0,0.0,380.0,63.0,0.0
815.0,0.0,19.0,68.0,1.0,0.0,0.0,532.0,122.0,0.0
575.0,0.0,11.0,44.0,1.0,0.0,0.0,392.0,56.0,0.0
492.0,0.0,6.0,32.0,1.0,0.0,0.0,328.0,49.0,0.0
640.0,1.0,7.0,47.0,2.0,0.0,0.0,421.0,72.0,0.0
627.0,1.0,11.0,46.0,1.0,0.0,0.0,425.0,59.0,0.0
761.0,0.0,19.0,64.0,1.0,0.0,0.0,516.0,89.0,0.0
824.0,1.0,19.0,62.0,1.0,0.0,0.0,569.0,90.0,0.0
688.0,1.0,11.0,48.0,1.0,0.0,0.0,462.0,81.0,0.0
820.0,1.0,19.0,69.0,1.0,0.0,0.0,552.0,97.0,0.0
702.0,1.0,11.0,49.0,1.0,0.0,0.0,464.0,92.0,0.0
829.0,1.0,19.0,63.0,1.0,0.0,0.0,561.0,103.0,0.0
499.0,0.0,6.0,33.0,1.0,0.0,0.0,326.0,57.0,0.0
831.0,1.0,19.0,63.0,1.0,0.0,0.0,574.0,92.0,0.0
749.0,0.0,19.0,61.0,1.0,0.0,0.0,512.0,86.0,0.0
817.0,1.0,19.0,65.0,1.0,0.0,0.0,542.0,104.0,0.0
519.0,0.0,6.0,34.0,1.0,0.0,0.0,334.0,67.0,0.0
869.0,1.0,19.0,78.0,2.0,0.0,0.0,562.0,125.0,0.0
633.0,1.0,11.0,43.0,1.0,0.0,0.0,438.0,55.0,0.0
896.0,1.0,19.0,69.0,1.0,0.0,0.0,615.0,106.0,0.0
739.0,0.0,19.0,63.0,1.0,0.0,0.0,500.0,89.0,0.0
504.0,0.0,6.0,33.0,1.0,0.0,0.0,336.0,51.0,0.0
569.0,0.0,11.0,43.0,1.0,0.0,0.0,388.0,55.0,0.0
879.0,1.0,19.0,75.0,4.0,0.0,0.0,593.0,100.0,0.0
586.0,0.0,7.0,53.0,2.0,0.0,0.0,362.0,85.0,0.0
750.0,0.0,19.0,65.0,1.0,0.0,0.0,496.0,100.0,0.0
875.0,1.0,19.0,69.0,1.0,0.0,0.0,572.0,129.0,0.0
747.0,1.0,11.0,58.0,1.0,0.0,0.0,488.0,102.0,0.0
568.0,0.0,11.0,45.0,1.0,0.0,0.0,390.0,50.0,0.0
692.0,1.0,7.0,49.0,1.0,0.0,0.0,451.0,96.0,0.0
821.0,1.0,19.0,63.0,1.0,0.0,0.0,558.0,97.0,0.0
838.0,1.0,19.0,62.0,1.0,0.0,0.0,583.0,86.0,0.0
753.0,0.0,19.0,65.0,1.0,0.0,0.0,502.0,97.0,0.0
839.0,1.0,19.0,64.0,1.0,0.0,0.0,579.0,92.0,0.0
826.0,1.0,19.0,63.0,1.0,0.0,0.0,565.0,96.0,0.0
618.0,1.0,7.0,39.0,1.0,0.0,0.0,421.0,61.0,0.0
641.0,1.0,11.0,45.0,1.0,0.0,0.0,433.0,62.0,0.0
500.0,0.0,6.0,33.0,1.0,0.0,0.0,339.0,45.0,0.0
924.0,0.0,19.0,80.0,1.0,1.0,0.0,621.0,124.0,0.0
648.0,1.0,7.0,47.0,4.0,0.0,0.0,433.0,67.0,0.0
770.0,0.0,19.0,62.0,1.0,0.0,0.0,529.0,85.0,0.0
486.0,0.0,6.0,31.0,1.0,0.0,0.0,323.0,49.0,0.0
753.0,0.0,19.0,61.0,1.0,0.0,0.0,511.0,90.0,0.0
651.0,1.0,11.0,48.0,1.0,0.0,0.0,435.0,69.0,0.0
711.0,1.0,11.0,52.0,1.0,0.0,0.0,461.0,98.0,0.0
811.0,1.0,19.0,63.0,1.0,0.0,0.0,554.0,92.0,0.0
622.0,1.0,7.0,43.0,2.0,0.0,0.0,412.0,68.0,0.0
640.0,1.0,11.0,44.0,1.0,0.0,0.0,445.0,55.0,0.0
718.0,1.0,11.0,56.0,1.0,0.0,0.0,482.0,84.0,0.0
807.0,0.0,19.0,69.0,1.0,0.0,0.0,532.0,117.0,0.0
731.0,0.0,19.0,62.0,1.0,0.0,0.0,501.0,79.0,0.0
518.0,0.0,7.0,35.0,1.0,0.0,0.0,348.0,51.0,0.0
681.0,1.0,9.0,57.0,3.0,0.0,0.0,433.0,92.0,0.0
773.0,0.0,19.0,61.0,1.0,0.0,0.0,532.0,86.0,0.0
629.0,1.0,7.0,38.0,1.0,0.0,0.0,416.0,78.0,0.0
761.0,0.0,19.0,66.0,1.0,0.0,0.0,520.0,86.0,0.0
572.0,0.0,11.0,44.0,1.0,0.0,0.0,391.0,54.0,0.0
703.0,1.0,11.0,57.0,4.0,0.0,0.0,462.0,77.0,0.0
508.0,0.0,6.0,34.0,1.0,0.0,0.0,349.0,42.0,0.0
831.0,1.0,19.0,63.0,1.0,0.0,0.0,568.0,96.0,0.0
819.0,1.0,19.0,62.0,1.0,0.0,0.0,561.0,95.0,0.0
644.0,1.0,11.0,45.0,1.0,0.0,0.0,443.0,57.0,0.0
812.0,0.0,19.0,62.0,1.0,0.0,0.0,555.0,96.0,0.0
768.0,0.0,19.0,62.0,1.0,0.0,0.0,524.0,90.0,0.0
570.0,0.0,11.0,44.0,1.0,0.0,0.0,393.0,50.0,0.0
826.0,1.0,19.0,62.0,1.0,0.0,0.0,565.0,96.0,0.0
483.0,0.0,6.0,31.0,1.0,0.0,0.0,319.0,50.0,0.0
757.0,0.0,19.0,63.0,1.0,0.0,0.0,510.0,94.0,0.0
646.0,0.0,11.0,51.0,1.0,0.0,0.0,425.0,85.0,0.0
504.0,0.0,6.0,33.0,1.0,0.0,0.0,342.0,45.0,0.0
586.0,1.0,7.0,35.0,1.0,0.0,0.0,403.0,51.0,0.0
603.0,1.0,9.0,40.0,1.0,0.0,0.0,403.0,64.0,0.0
628.0,1.0,11.0,44.0,1.0,0.0,0.0,428.0,60.0,0.0
899.0,1.0,19.0,71.0,1.0,0.0,0.0,617.0,104.0,0.0
679.0,1.0,7.0,43.0,1.0,0.0,0.0,447.0,91.0,0.0
763.0,0.0,19.0,61.0,1.0,0.0,0.0,518.0,94.0,0.0
805.0,0.0,19.0,68.0,1.0,0.0,0.0,528.0,119.0,0.0
820.0,1.0,19.0,63.0,1.0,0.0,0.0,563.0,90.0,0.0
566.0,0.0,11.0,44.0,1.0,0.0,0.0,387.0,52.0,0.0
749.0,0.0,19.0,62.0,1.0,0.0,0.0,506.0,91.0,0.0
831.0,1.0,19.0,67.0,1.0,0.0,0.0,554.0,103.0,0.0
576.0,0.0,7.0,50.0,2.0,0.0,0.0,363.0,77.0,0.0
495.0,0.0,6.0,33.0,1.0,0.0,0.0,325.0,54.0,0.0
643.0,1.0,9.0,51.0,5.0,0.0,0.0,420.0,72.0,0.0
649.0,1.0,11.0,48.0,1.0,0.0,0.0,435.0,66.0,0.0
854.0,1.0,19.0,64.0,1.0,0.0,0.0,589.0,94.0,0.0
576.0,0.0,11.0,46.0,1.0,0.0,0.0,386.0,58.0,0.0
508.0,0.0,6.0,34.0,1.0,0.0,0.0,343.0,47.0,0.0
810.0,1.0,19.0,64.0,1.0,0.0,0.0,554.0,90.0,0.0
549.0,0.0,9.0,40.0,2.0,0.0,0.0,366.0,57.0,0.0
691.0,1.0,11.0,47.0,1.0,0.0,0.0,464.0,83.0,0.0
703.0,1.0,11.0,52.0,1.0,0.0,0.0,451.0,101.0,0.0
545.0,0.0,9.0,40.0,2.0,0.0,0.0,365.0,55.0,0.0
525.0,0.0,6.0,35.0,1.0,0.0,0.0,355.0,51.0,0.0
771.0,0.0,19.0,65.0,1.0,0.0,0.0,533.0,81.0,0.0
793.0,0.0,19.0,73.0,1.0,0.0,0.0,525.0,107.0,0.0
835.0,1.0,19.0,60.0,1.0,0.0,0.0,579.0,92.0,0.0
877.0,1.0,19.0,76.0,4.0,0.0,0.0,583.0,107.0,0.0
629.0,1.0,11.0,46.0,1.0,0.0,0.0,422.0,64.0,0.0
632.0,0.0,11.0,43.0,1.0,0.0,0.0,433.0,61.0,0.0
766.0,0.0,19.0,65.0,1.0,0.0,0.0,518.0,92.0,0.0
828.0,1.0,19.0,63.0,1.0,0.0,0.0,570.0,92.0,0.0
701.0,1.0,11.0,49.0,1.0,0.0,0.0,460.0,92.0,0.0
746.0,0.0,19.0,64.0,1.0,0.0,0.0,503.0,89.0,0.0
819.0,1.0,19.0,62.0,1.0,0.0,0.0,559.0,94.0,0.0
627.0,0.0,11.0,43.0,1.0,0.0,0.0,434.0,55.0,0.0
822.0,1.0,19.0,66.0,1.0,0.0,0.0,562.0,93.0,0.0
610.0,1.0,9.0,40.0,2.0,0.0,0.0,416.0,56.0,0.0
828.0,1.0,19.0,66.0,1.0,0.0,0.0,557.0,101.0,0.0
745.0,0.0,19.0,62.0,1.0,0.0,0.0,503.0,91.0,0.0
665.0,1.0,11.0,53.0,2.0,0.0,0.0,438.0,74.0,0.0
777.0,0.0,19.0,62.0,1.0,0.0,0.0,529.0,93.0,0.0
526.0,0.0,7.0,36.0,1.0,0.0,0.0,350.0,55.0,0.0
532.0,0.0,9.0,40.0,1.0,0.0,0.0,353.0,56.0,0.0
548.0,0.0,7.0,45.0,4.0,0.0,0.0,353.0,63.0,0.0
550.0,0.0,7.0,43.0,2.0,0.0,0.0,356.0,65.0,0.0
639.0,0.0,11.0,51.0,1.0,0.0,0.0,421.0,82.0,0.0
607.0,1.0,7.0,36.0,1.0,0.0,0.0,413.0,61.0,0.0
721.0,1.0,9.0,53.0,2.0,0.0,0.0,478.0,92.0,0.0
810.0,1.0,19.0,62.0,1.0,0.0,0.0,544.0,101.0,0.0
519.0,0.0,6.0,35.0,1.0,0.0,0.0,343.0,55.0,0.0
571.0,0.0,11.0,45.0,1.0,0.0,0.0,386.0,54.0,0.0
754.0,0.0,19.0,64.0,1.0,0.0,0.0,506.0,90.0,0.0
766.0,0.0,19.0,63.0,1.0,0.0,0.0,523.0,88.0,0.0
570.0,0.0,11.0,45.0,1.0,0.0,0.0,377.0,62.0,0.0
771.0,0.0,19.0,64.0,1.0,0.0,0.0,520.0,94.0,0.0
638.0,1.0,11.0,43.0,1.0,0.0,0.0,440.0,59.0,0.0
573.0,0.0,11.0,44.0,1.0,0.0,0.0,381.0,62.0,0.0
752.0,0.0,19.0,61.0,1.0,0.0,0.0,514.0,86.0,0.0
571.0,0.0,11.0,43.0,1.0,0.0,0.0,394.0,51.0,0.0
758.0,0.0,19.0,65.0,1.0,0.0,0.0,516.0,87.0,0.0
651.0,1.0,11.0,48.0,1.0,0.0,0.0,443.0,62.0,0.0
809.0,1.0,19.0,63.0,1.0,0.0,0.0,546.0,99.0,0.0
748.0,0.0,19.0,61.0,1.0,0.0,0.0,508.0,90.0,0.0
517.0,0.0,7.0,36.0,1.0,0.0,0.0,342.0,56.0,0.0
755.0,0.0,19.0,62.0,1.0,0.0,0.0,513.0,89.0,0.0
533.0,0.0,7.0,35.0,1.0,0.0,0.0,365.0,49.0,0.0
639.0,1.0,11.0,45.0,1.0,0.0,0.0,433.0,65.0,0.0
500.0,0.0,6.0,34.0,1.0,0.0,0.0,328.0,55.0,0.0
811.0,0.0,19.0,61.0,1.0,0.0,0.0,560.0,90.0,0.0
509.0,0.0,6.0,32.0,1.0,0.0,0.0,319.0,74.0,0.0
772.0,0.0,19.0,65.0,1.0,0.0,0.0,517.0,95.0,0.0
481.0,0.0,6.0,32.0,1.0,0.0,0.0,319.0,47.0,0.0
585.0,0.0,9.0,42.0,2.0,0.0,0.0,377.0,82.0,0.0
572.0,0.0,11.0,45.0,1.0,0.0,0.0,386.0,55.0,0.0
704.0,1.0,11.0,53.0,1.0,0.0,0.0,460.0,95.0,0.0
808.0,0.0,19.0,78.0,2.0,0.0,0.0,520.0,119.0,0.0
526.0,0.0,6.0,34.0,1.0,0.0,0.0,336.0,71.0,0.0
645.0,0.0,11.0,62.0,2.0,0.0,0.0,401.0,93.0,0.0
811.0,1.0,19.0,64.0,1.0,0.0,0.0,559.0,84.0,0.0
631.0,1.0,7.0,44.0,3.0,0.0,0.0,421.0,65.0,0.0
521.0,0.0,6.0,34.0,1.0,0.0,0.0,331.0,73.0,0.0
814.0,1.0,19.0,65.0,1.0,0.0,0.0,559.0,89.0,0.0
749.0,0.0,19.0,64.0,1.0,0.0,0.0,504.0,90.0,0.0
634.0,1.0,11.0,44.0,1.0,0.0,0.0,443.0,51.0,0.0
642.0,1.0,7.0,39.0,1.0,0.0,0.0,430.0,75.0,0.0
558.0,0.0,7.0,47.0,4.0,0.0,0.0,363.0,61.0,0.0
562.0,0.0,7.0,44.0,3.0,0.0,0.0,364.0,66.0,0.0
683.0,1.0,9.0,47.0,2.0,0.0,0.0,456.0,82.0,0.0
685.0,1.0,11.0,47.0,1.0,0.0,0.0,449.0,92.0,0.0
758.0,0.0,19.0,65.0,1.0,0.0,0.0,509.0,95.0,0.0
599.0,1.0,7.0,36.0,1.0,0.0,0.0,409.0,57.0,0.0
766.0,0.0,19.0,65.0,1.0,0.0,0.0,515.0,96.0,0.0
522.0,0.0,6.0,34.0,1.0,0.0,0.0,332.0,72.0,0.0
612.0,1.0,9.0,39.0,2.0,0.0,0.0,420.0,55.0,0.0
567.0,0.0,11.0,43.0,1.0,0.0,0.0,387.0,54.0,0.0
815.0,1.0,19.0,63.0,1.0,0.0,0.0,552.0,96.0,0.0
500.0,0.0,6.0,34.0,1.0,0.0,0.0,333.0,49.0,0.0
608.0,0.0,9.0,47.0,2.0,0.0,0.0,393.0,83.0,0.0
637.0,1.0,11.0,43.0,1.0,0.0,0.0,445.0,53.0,0.0
758.0,0.0,19.0,66.0,1.0,0.0,0.0,508.0,95.0,0.0
819.0,1.0,19.0,63.0,1.0,0.0,0.0,563.0,91.0,0.0
818.0,1.0,19.0,64.0,1.0,0.0,0.0,559.0,91.0,0.0
575.0,0.0,11.0,45.0,1.0,0.0,0.0,386.0,58.0,0.0
832.0,1.0,19.0,66.0,1.0,0.0,0.0,562.0,100.0,0.0
809.0,1.0,19.0,63.0,1.0,0.0,0.0,556.0,88.0,0.0
525.0,0.0,6.0,34.0,1.0,0.0,0.0,347.0,60.0,0.0
780.0,0.0,19.0,65.0,1.0,0.0,0.0,526.0,96.0,0.0
542.0,0.0,7.0,45.0,4.0,0.0,0.0,346.0,64.0,0.0
810.0,1.0,19.0,63.0,1.0,0.0,0.0,555.0,89.0,0.0
536.0,0.0,9.0,39.0,2.0,0.0,0.0,359.0,55.0,0.0
473.0,0.0,6.0,31.0,1.0,0.0,0.0,314.0,46.0,0.0
722.0,1.0,9.0,53.0,2.0,0.0,0.0,470.0,101.0,0.0
823.0,1.0,19.0,63.0,1.0,0.0,0.0,565.0,94.0,0.0
834.0,1.0,19.0,63.0,1.0,0.0,0.0,573.0,92.0,0.0
833.0,1.0,19.0,65.0,1.0,0.0,0.0,573.0,93.0,0.0
521.0,0.0,6.0,34.0,1.0,0.0,0.0,332.0,71.0,0.0
822.0,1.0,19.0,64.0,1.0,0.0,0.0,560.0,96.0,0.0
610.0,0.0,11.0,52.0,2.0,0.0,0.0,398.0,71.0,0.0
734.0,0.0,19.0,63.0,1.0,0.0,0.0,493.0,88.0,0.0
871.0,1.0,19.0,70.0,2.0,0.0,0.0,591.0,103.0,0.0
889.0,1.0,19.0,69.0,1.0,0.0,0.0,581.0,134.0,0.0
507.0,0.0,6.0,33.0,1.0,0.0,0.0,344.0,47.0,0.0
817.0,1.0,19.0,61.0,1.0,0.0,0.0,555.0,98.0,0.0
831.0,1.0,19.0,64.0,1.0,0.0,0.0,566.0,98.0,0.0
666.0,1.0,7.0,56.0,2.0,0.0,0.0,420.0,91.0,0.0
605.0,0.0,7.0,45.0,1.0,0.0,0.0,387.0,89.0,0.0
739.0,0.0,19.0,64.0,1.0,0.0,0.0,488.0,99.0,0.0
560.0,0.0,11.0,45.0,1.0,0.0,0.0,376.0,54.0,0.0
685.0,1.0,11.0,53.0,1.0,0.0,0.0,455.0,80.0,0.0
568.0,0.0,9.0,47.0,2.0,0.0,0.0,370.0,65.0,0.0
796.0,0.0,19.0,66.0,1.0,0.0,0.0,527.0,112.0,0.0
790.0,0.0,19.0,66.0,1.0,0.0,0.0,541.0,91.0,0.0
752.0,0.0,19.0,65.0,1.0,0.0,0.0,503.0,96.0,0.0
808.0,1.0,19.0,64.0,1.0,0.0,0.0,550.0,94.0,0.0
750.0,0.0,19.0,62.0,1.0,0.0,0.0,503.0,95.0,0.0
643.0,1.0,11.0,45.0,1.0,0.0,0.0,434.0,65.0,0.0
486.0,0.0,6.0,32.0,1.0,0.0,0.0,319.0,53.0,0.0
529.0,0.0,7.0,39.0,1.0,0.0,0.0,355.0,52.0,0.0
539.0,0.0,9.0,40.0,2.0,0.0,0.0,363.0,53.0,0.0
602.0,1.0,7.0,39.0,1.0,0.0,0.0,410.0,56.0,0.0
636.0,1.0,11.0,43.0,1.0,0.0,0.0,448.0,49.0,0.0
676.0,1.0,9.0,54.0,3.0,0.0,0.0,437.0,84.0,0.0
632.0,1.0,11.0,43.0,1.0,0.0,0.0,439.0,54.0,0.0
828.0,1.0,19.0,65.0,1.0,0.0,0.0,560.0,101.0,0.0
511.0,0.0,6.0,34.0,1.0,0.0,0.0,344.0,50.0,0.0
820.0,1.0,19.0,65.0,1.0,0.0,0.0,558.0,96.0,0.0
806.0,0.0,19.0,72.0,4.0,0.0,0.0,532.0,104.0,0.0
510.0,0.0,6.0,34.0,1.0,0.0,0.0,340.0,52.0,0.0
644.0,1.0,11.0,48.0,1.0,0.0,0.0,426.0,71.0,0.0
805.0,0.0,19.0,66.0,1.0,0.0,0.0,526.0,121.0,0.0
669.0,0.0,11.0,57.0,1.0,0.0,0.0,434.0,95.0,0.0
749.0,0.0,19.0,63.0,1.0,0.0,0.0,502.0,97.0,0.0
758.0,0.0,19.0,63.0,1.0,0.0,0.0,522.0,85.0,0.0
813.0,1.0,19.0,65.0,1.0,0.0,0.0,555.0,90.0,0.0
643.0,1.0,11.0,44.0,1.0,0.0,0.0,451.0,52.0,0.0
603.0,1.0,7.0,35.0,1.0,0.0,0.0,426.0,45.0,0.0
512.0,0.0,6.0,33.0,1.0,0.0,0.0,349.0,44.0,0.0
500.0,0.0,6.0,33.0,1.0,0.0,0.0,335.0,49.0,0.0
533.0,0.0,7.0,35.0,1.0,0.0,0.0,362.0,52.0,0.0
642.0,1.0,11.0,44.0,1.0,0.0,0.0,435.0,67.0,0.0
777.0,0.0,19.0,63.0,1.0,0.0,0.0,541.0,83.0,0.0
830.0,1.0,19.0,62.0,1.0,0.0,0.0,575.0,90.0,0.0
569.0,0.0,7.0,48.0,4.0,0.0,0.0,366.0,64.0,0.0
546.0,0.0,9.0,40.0,2.0,0.0,0.0,364.0,58.0,0.0
605.0,1.0,9.0,39.0,2.0,0.0,0.0,415.0,55.0,0.0
490.0,0.0,6.0,32.0,1.0,0.0,0.0,329.0,44.0,0.0
808.0,0.0,19.0,76.0,2.0,0.0,0.0,520.0,117.0,0.0
896.0,1.0,19.0,69.0,1.0,0.0,0.0,594.0,127.0,0.0
508.0,0.0,6.0,34.0,2.0,0.0,0.0,343.0,48.0,0.0
632.0,1.0,7.0,47.0,4.0,0.0,0.0,420.0,64.0,0.0
779.0,0.0,19.0,62.0,1.0,0.0,0.0,535.0,89.0,0.0
517.0,0.0,6.0,34.0,1.0,0.0,0.0,345.0,51.0,0.0
534.0,0.0,7.0,35.0,1.0,0.0,0.0,359.0,56.0,0.0
746.0,0.0,19.0,64.0,1.0,0.0,0.0,499.0,92.0,0.0
691.0,1.0,11.0,59.0,2.0,0.0,0.0,441.0,90.0,0.0
480.0,0.0,6.0,31.0,1.0,0.0,0.0,324.0,42.0,0.0
642.0,1.0,7.0,40.0,1.0,0.0,0.0,423.0,82.0,0.0
873.0,1.0,19.0,73.0,4.0,0.0,0.0,582.0,109.0,0.0
558.0,0.0,11.0,43.0,1.0,0.0,0.0,379.0,53.0,0.0
858.0,1.0,19.0,67.0,1.0,0.0,0.0,563.0,124.0,0.0
722.0,1.0,11.0,54.0,1.0,0.0,0.0,479.0,88.0,0.0
740.0,0.0,19.0,62.0,1.0,0.0,0.0,498.0,92.0,0.0
624.0,1.0,7.0,40.0,1.0,0.0,0.0,420.0,65.0,0.0
750.0,0.0,19.0,62.0,1.0,0.0,0.0,508.0,90.0,0.0
648.0,1.0,7.0,41.0,1.0,0.0,0.0,425.0,85.0,0.0
836.0,1.0,19.0,65.0,1.0,0.0,0.0,573.0,94.0,0.0
646.0,1.0,7.0,43.0,1.0,0.0,0.0,443.0,62.0,0.0
878.0,1.0,19.0,74.0,2.0,0.0,0.0,585.0,112.0,0.0
491.0,0.0,6.0,31.0,1.0,0.0,0.0,327.0,48.0,0.0
818.0,0.0,19.0,67.0,1.0,0.0,0.0,537.0,123.0,0.0
567.0,0.0,11.0,45.0,1.0,0.0,0.0,391.0,48.0,0.0
533.0,0.0,7.0,35.0,1.0,0.0,0.0,361.0,53.0,0.0
577.0,0.0,11.0,47.0,1.0,0.0,0.0,381.0,63.0,0.0
582.0,1.0,7.0,35.0,1.0,0.0,0.0,398.0,52.0,0.0
799.0,0.0,19.0,66.0,1.0,0.0,0.0,527.0,115.0,0.0
650.0,0.0,11.0,65.0,2.0,0.0,0.0,405.0,94.0,0.0
846.0,1.0,19.0,65.0,1.0,0.0,0.0,581.0,93.0,0.0
581.0,1.0,7.0,35.0,1.0,0.0,0.0,395.0,55.0,0.0
840.0,1.0,19.0,62.0,1.0,0.0,0.0,579.0,94.0,0.0
633.0,1.0,11.0,44.0,1.0,0.0,0.0,439.0,54.0,0.0
553.0,0.0,9.0,43.0,2.0,0.0,0.0,360.0,67.0,0.0
832.0,1.0,19.0,62.0,1.0,0.0,0.0,572.0,92.0,0.0
473.0,0.0,6.0,31.0,1.0,0.0,0.0,316.0,44.0,0.0
841.0,1.0,19.0,64.0,1.0,0.0,0.0,580.0,93.0,0.0
506.0,0.0,6.0,33.0,1.0,0.0,0.0,346.0,44.0,0.0
811.0,1.0,19.0,63.0,1.0,0.0,0.0,557.0,90.0,0.0
658.0,1.0,7.0,39.0,1.0,0.0,0.0,441.0,80.0,0.0
490.0,0.0,6.0,31.0,1.0,0.0,0.0,324.0,50.0,0.0
573.0,0.0,11.0,44.0,1.0,0.0,0.0,394.0,52.0,0.0
616.0,0.0,11.0,47.0,1.0,0.0,0.0,402.0,83.0,0.0
606.0,0.0,11.0,54.0,4.0,0.0,0.0,392.0,70.0,0.0
635.0,1.0,11.0,43.0,1.0,0.0,0.0,432.0,64.0,0.0
831.0,1.0,19.0,66.0,1.0,0.0,0.0,564.0,96.0,0.0
754.0,0.0,19.0,64.0,1.0,0.0,0.0,512.0,88.0,0.0
890.0,1.0,19.0,68.0,1.0,0.0,0.0,593.0,124.0,0.0
821.0,1.0,19.0,62.0,1.0,0.0,0.0,560.0,95.0,0.0
799.0,1.0,19.0,60.0,1.0,0.0,0.0,552.0,85.0,0.0
574.0,1.0,7.0,36.0,1.0,0.0,0.0,386.0,56.0,0.0
637.0,1.0,11.0,44.0,1.0,0.0,0.0,436.0,61.0,0.0
491.0,0.0,6.0,32.0,1.0,0.0,0.0,330.0,46.0,0.0
648.0,1.0,11.0,46.0,1.0,0.0,0.0,435.0,70.0,0.0
581.0,1.0,7.0,35.0,1.0,0.0,0.0,392.0,58.0,0.0
740.0,0.0,19.0,62.0,1.0,0.0,0.0,505.0,81.0,0.0
766.0,0.0,19.0,64.0,1.0,0.0,0.0,527.0,82.0,0.0
547.0,0.0,9.0,40.0,2.0,0.0,0.0,358.0,64.0,0.0
488.0,0.0,6.0,32.0,1.0,0.0,0.0,330.0,44.0,0.0
783.0,0.0,19.0,63.0,1.0,0.0,0.0,537.0,88.0,0.0
576.0,0.0,11.0,46.0,1.0,0.0,0.0,393.0,54.0,0.0
577.0,0.0,9.0,47.0,3.0,0.0,0.0,376.0,68.0,0.0
836.0,1.0,19.0,64.0,1.0,0.0,0.0,578.0,90.0,0.0
477.0,0.0,6.0,30.0,1.0,0.0,0.0,312.0,52.0,0.0
632.0,1.0,7.0,47.0,4.0,0.0,0.0,413.0,71.0,0.0
564.0,0.0,11.0,43.0,1.0,0.0,0.0,377.0,61.0,0.0
505.0,0.0,6.0,32.0,1.0,0.0,0.0,320.0,69.0,0.0
812.0,1.0,19.0,61.0,1.0,0.0,0.0,557.0,93.0,0.0
973.0,1.0,19.0,80.0,1.0,1.0,0.0,662.0,120.0,0.0
818.0,1.0,19.0,61.0,1.0,0.0,0.0,565.0,89.0,0.0
712.0,1.0,11.0,61.0,2.0,0.0,0.0,468.0,84.0,0.0
643.0,1.0,11.0,45.0,1.0,0.0,0.0,433.0,66.0,0.0
529.0,0.0,6.0,35.0,1.0,0.0,0.0,363.0,47.0,0.0
639.0,1.0,11.0,44.0,1.0,0.0,0.0,440.0,58.0,0.0
763.0,0.0,19.0,64.0,1.0,0.0,0.0,515.0,93.0,0.0
701.0,1.0,11.0,61.0,2.0,0.0,0.0,448.0,93.0,0.0
754.0,0.0,19.0,63.0,1.0,0.0,0.0,511.0,90.0,0.0
639.0,1.0,11.0,44.0,1.0,0.0,0.0,446.0,53.0,0.0
648.0,0.0,11.0,64.0,2.0,0.0,0.0,400.0,98.0,0.0
496.0,0.0,6.0,31.0,1.0,0.0,0.0,312.0,70.0,0.0
691.0,1.0,11.0,48.0,1.0,0.0,0.0,463.0,83.0,0.0
579.0,0.0,7.0,41.0,1.0,0.0,0.0,374.0,80.0,0.0
764.0,0.0,19.0,63.0,1.0,0.0,0.0,517.0,92.0,0.0
605.0,1.0,7.0,36.0,1.0,0.0,0.0,422.0,50.0,0.0
816.0,1.0,19.0,66.0,1.0,0.0,0.0,550.0,98.0,0.0
616.0,0.0,11.0,47.0,1.0,0.0,0.0,397.0,85.0,0.0
725.0,0.0,11.0,63.0,1.0,1.0,0.0,484.0,85.0,0.0
491.0,0.0,6.0,32.0,1.0,0.0,0.0,324.0,50.0,0.0
602.0,1.0,7.0,35.0,1.0,0.0,0.0,421.0,49.0,0.0
627.0,0.0,11.0,49.0,1.0,0.0,0.0,404.0,87.0,0.0
839.0,1.0,19.0,62.0,1.0,0.0,0.0,581.0,91.0,0.0
525.0,0.0,6.0,35.0,1.0,0.0,0.0,352.0,51.0,0.0
923.0,1.0,19.0,76.0,1.0,0.0,0.0,609.0,134.0,0.0
639.0,1.0,11.0,44.0,1.0,0.0,0.0,437.0,62.0,0.0
599.0,1.0,7.0,36.0,1.0,0.0,0.0,408.0,58.0,0.0
865.0,1.0,19.0,72.0,4.0,0.0,0.0,591.0,95.0,0.0
521.0,0.0,6.0,34.0,1.0,0.0,0.0,345.0,55.0,0.0
511.0,0.0,6.0,32.0,1.0,0.0,0.0,351.0,45.0,0.0
538.0,0.0,9.0,39.0,2.0,0.0,0.0,361.0,54.0,0.0
574.0,0.0,7.0,40.0,1.0,0.0,0.0,368.0,82.0,0.0
789.0,0.0,19.0,73.0,4.0,0.0,0.0,517.0,106.0,0.0
833.0,1.0,19.0,65.0,1.0,0.0,0.0,567.0,94.0,0.0
573.0,0.0,7.0,40.0,1.0,0.0,0.0,362.0,87.0,0.0
502.0,0.0,6.0,33.0,1.0,0.0,0.0,333.0,53.0,0.0
643.0,1.0,9.0,51.0,5.0,0.0,0.0,422.0,70.0,0.0
766.0,0.0,19.0,64.0,1.0,0.0,0.0,526.0,87.0,0.0
501.0,0.0,6.0,33.0,1.0,0.0,0.0,343.0,42.0,0.0
760.0,0.0,19.0,66.0,1.0,0.0,0.0,505.0,96.0,0.0
510.0,0.0,6.0,33.0,1.0,0.0,0.0,345.0,49.0,0.0
641.0,1.0,11.0,44.0,1.0,0.0,0.0,442.0,59.0,0.0
778.0,0.0,19.0,75.0,4.0,0.0,0.0,509.0,100.0,0.0
765.0,0.0,19.0,63.0,1.0,0.0,0.0,527.0,84.0,0.0
849.0,1.0,19.0,64.0,1.0,0.0,0.0,582.0,98.0,0.0
631.0,0.0,11.0,50.0,1.0,0.0,0.0,408.0,86.0,0.0
838.0,1.0,19.0,63.0,1.0,0.0,0.0,570.0,98.0,0.0
567.0,0.0,11.0,43.0,1.0,0.0,0.0,379.0,62.0,0.0
767.0,0.0,19.0,65.0,1.0,0.0,0.0,523.0,89.0,0.0
768.0,0.0,19.0,65.0,1.0,0.0,0.0,526.0,86.0,0.0
743.0,0.0,19.0,63.0,1.0,0.0,0.0,506.0,85.0,0.0
823.0,1.0,19.0,62.0,1.0,0.0,0.0,576.0,80.0,0.0
759.0,0.0,19.0,62.0,1.0,0.0,0.0,514.0,92.0,0.0
646.0,1.0,9.0,47.0,3.0,0.0,0.0,433.0,67.0,0.0
626.0,1.0,7.0,38.0,1.0,0.0,0.0,414.0,77.0,0.0
827.0,1.0,19.0,65.0,1.0,0.0,0.0,569.0,92.0,0.0
731.0,0.0,19.0,62.0,1.0,0.0,0.0,492.0,88.0,0.0
1097.0,0.0,7.0,144.0,1.0,0.0,0.0,427.0,440.0,0.0
643.0,1.0,11.0,46.0,1.0,0.0,0.0,441.0,57.0,0.0
862.0,1.0,19.0,71.0,3.0,0.0,0.0,581.0,102.0,0.0
834.0,1.0,19.0,63.0,1.0,0.0,0.0,569.0,97.0,0.0
625.0,1.0,7.0,44.0,3.0,0.0,0.0,415.0,65.0,0.0
746.0,0.0,19.0,67.0,1.0,0.0,0.0,496.0,97.0,0.0
819.0,1.0,19.0,62.0,1.0,0.0,0.0,570.0,85.0,0.0
776.0,0.0,19.0,62.0,1.0,0.0,0.0,533.0,91.0,0.0
854.0,1.0,19.0,62.0,1.0,0.0,0.0,585.0,99.0,0.0
823.0,1.0,19.0,62.0,1.0,0.0,0.0,564.0,95.0,0.0
637.0,1.0,11.0,45.0,1.0,0.0,0.0,434.0,59.0,0.0
811.0,1.0,19.0,68.0,1.0,0.0,0.0,543.0,100.0,0.0
810.0,1.0,19.0,61.0,1.0,0.0,0.0,562.0,86.0,0.0
496.0,0.0,6.0,33.0,1.0,0.0,0.0,329.0,51.0,0.0
517.0,0.0,7.0,36.0,1.0,0.0,0.0,347.0,51.0,0.0
806.0,0.0,19.0,66.0,1.0,0.0,0.0,549.0,96.0,0.0
738.0,0.0,19.0,66.0,1.0,0.0,0.0,489.0,96.0,0.0
614.0,1.0,9.0,40.0,2.0,0.0,0.0,411.0,65.0,0.0
777.0,0.0,19.0,64.0,1.0,0.0,0.0,522.0,99.0,0.0
823.0,1.0,19.0,62.0,1.0,0.0,0.0,563.0,96.0,0.0
579.0,0.0,11.0,47.0,1.0,0.0,0.0,392.0,57.0,0.0
638.0,1.0,11.0,43.0,1.0,0.0,0.0,439.0,59.0,0.0
568.0,0.0,11.0,44.0,1.0,0.0,0.0,390.0,51.0,0.0
836.0,1.0,19.0,63.0,1.0,0.0,0.0,577.0,91.0,0.0
748.0,0.0,19.0,62.0,1.0,0.0,0.0,500.0,94.0,0.0
519.0,0.0,6.0,34.0,1.0,0.0,0.0,329.0,72.0,0.0
658.0,1.0,7.0,45.0,1.0,0.0,0.0,433.0,83.0,0.0
566.0,0.0,7.0,44.0,3.0,0.0,0.0,370.0,64.0,0.0
613.0,1.0,7.0,43.0,2.0,0.0,0.0,404.0,67.0,0.0
592.0,0.0,11.0,45.0,2.0,0.0,0.0,398.0,60.0,0.0
627.0,0.0,11.0,48.0,1.0,0.0,0.0,417.0,78.0,0.0
633.0,1.0,11.0,44.0,1.0,0.0,0.0,438.0,55.0,0.0
561.0,0.0,7.0,45.0,1.0,0.0,0.0,368.0,65.0,0.0
742.0,0.0,19.0,63.0,1.0,0.0,0.0,502.0,89.0,0.0
511.0,0.0,6.0,34.0,1.0,0.0,0.0,340.0,52.0,0.0
635.0,1.0,7.0,44.0,3.0,0.0,0.0,430.0,60.0,0.0
646.0,1.0,11.0,45.0,1.0,0.0,0.0,449.0,55.0,0.0
861.0,1.0,19.0,68.0,1.0,0.0,0.0,583.0,103.0,0.0
836.0,1.0,19.0,65.0,1.0,0.0,0.0,571.0,97.0,0.0
679.0,1.0,11.0,52.0,2.0,0.0,0.0,451.0,77.0,0.0
828.0,1.0,19.0,62.0,1.0,0.0,0.0,572.0,92.0,0.0
750.0,0.0,19.0,61.0,1.0,0.0,0.0,513.0,85.0,0.0
751.0,0.0,19.0,62.0,1.0,0.0,0.0,507.0,92.0,0.0
884.0,1.0,19.0,66.0,3.0,0.0,0.0,601.0,104.0,0.0
493.0,0.0,6.0,33.0,1.0,0.0,0.0,325.0,52.0,0.0
587.0,0.0,11.0,49.0,1.0,0.0,0.0,379.0,71.0,0.0
823.0,1.0,19.0,62.0,1.0,0.0,0.0,564.0,96.0,0.0
837.0,1.0,19.0,63.0,1.0,0.0,0.0,575.0,93.0,0.0
646.0,1.0,11.0,45.0,1.0,0.0,0.0,436.0,69.0,0.0
871.0,1.0,19.0,74.0,4.0,0.0,0.0,573.0,116.0,0.0
907.0,1.0,19.0,75.0,1.0,0.0,0.0,600.0,129.0,0.0
598.0,1.0,7.0,39.0,1.0,0.0,0.0,410.0,53.0,0.0
641.0,0.0,11.0,54.0,1.0,0.0,0.0,412.0,89.0,0.0
803.0,1.0,19.0,61.0,1.0,0.0,0.0,551.0,90.0,0.0
748.0,0.0,19.0,63.0,1.0,0.0,0.0,499.0,92.0,0.0
845.0,1.0,19.0,63.0,1.0,0.0,0.0,583.0,92.0,0.0
601.0,0.0,9.0,54.0,3.0,0.0,0.0,380.0,81.0,0.0
641.0,1.0,7.0,45.0,4.0,0.0,0.0,431.0,64.0,0.0
815.0,1.0,19.0,62.0,1.0,0.0,0.0,560.0,91.0,0.0
754.0,0.0,19.0,61.0,1.0,0.0,0.0,516.0,87.0,0.0
820.0,1.0,19.0,61.0,1.0,0.0,0.0,561.0,93.0,0.0
748.0,0.0,19.0,62.0,1.0,0.0,0.0,512.0,86.0,0.0
498.0,0.0,6.0,33.0,1.0,0.0,0.0,336.0,46.0,0.0
820.0,1.0,19.0,63.0,1.0,0.0,0.0,557.0,97.0,0.0
506.0,0.0,6.0,33.0,1.0,0.0,0.0,337.0,51.0,0.0
554.0,0.0,7.0,43.0,2.0,0.0,0.0,360.0,65.0,0.0
530.0,0.0,6.0,35.0,1.0,0.0,0.0,362.0,49.0,0.0
569.0,0.0,11.0,43.0,1.0,0.0,0.0,387.0,54.0,0.0
539.0,0.0,9.0,39.0,2.0,0.0,0.0,366.0,48.0,0.0
567.0,0.0,11.0,44.0,1.0,0.0,0.0,373.0,64.0,0.0
999.0,1.0,19.0,79.0,1.0,1.0,0.0,686.0,121.0,0.0
573.0,0.0,11.0,45.0,1.0,0.0,0.0,387.0,55.0,0.0
846.0,1.0,19.0,70.0,3.0,0.0,0.0,573.0,97.0,0.0
518.0,0.0,7.0,35.0,1.0,0.0,0.0,346.0,53.0,0.0
735.0,0.0,19.0,61.0,1.0,0.0,0.0,500.0,85.0,0.0
766.0,0.0,19.0,62.0,1.0,0.0,0.0,517.0,92.0,0.0
815.0,1.0,19.0,66.0,1.0,0.0,0.0,551.0,95.0,0.0
739.0,0.0,19.0,62.0,1.0,0.0,0.0,505.0,84.0,0.0
796.0,0.0,19.0,64.0,1.0,0.0,0.0,544.0,93.0,0.0
834.0,1.0,19.0,64.0,1.0,0.0,0.0,571.0,95.0,0.0
588.0,0.0,11.0,49.0,1.0,0.0,0.0,390.0,64.0,0.0
514.0,0.0,6.0,34.0,1.0,0.0,0.0,351.0,45.0,0.0
813.0,1.0,19.0,63.0,1.0,0.0,0.0,551.0,99.0,0.0
749.0,0.0,19.0,64.0,1.0,0.0,0.0,508.0,87.0,0.0
675.0,1.0,9.0,49.0,1.0,0.0,0.0,439.0,89.0,0.0
563.0,0.0,11.0,43.0,1.0,0.0,0.0,382.0,55.0,0.0
834.0,0.0,19.0,69.0,3.0,0.0,0.0,564.0,97.0,0.0
772.0,0.0,19.0,62.0,1.0,0.0,0.0,529.0,89.0,0.0
721.0,1.0,11.0,64.0,2.0,0.0,0.0,458.0,100.0,0.0
744.0,0.0,19.0,62.0,1.0,0.0,0.0,499.0,92.0,0.0
752.0,0.0,19.0,67.0,1.0,0.0,0.0,502.0,94.0,0.0
769.0,0.0,19.0,65.0,1.0,0.0,0.0,517.0,91.0,0.0
575.0,0.0,11.0,46.0,1.0,0.0,0.0,386.0,60.0,0.0
815.0,1.0,19.0,62.0,1.0,0.0,0.0,557.0,90.0,0.0
629.0,1.0,11.0,43.0,1.0,0.0,0.0,439.0,51.0,0.0
561.0,0.0,11.0,45.0,1.0,0.0,0.0,376.0,57.0,0.0
562.0,0.0,11.0,43.0,1.0,0.0,0.0,382.0,53.0,0.0
815.0,1.0,19.0,65.0,1.0,0.0,0.0,557.0,92.0,0.0
820.0,1.0,19.0,65.0,1.0,0.0,0.0,563.0,91.0,0.0
623.0,1.0,7.0,43.0,2.0,0.0,0.0,416.0,65.0,0.0
604.0,0.0,11.0,55.0,4.0,0.0,0.0,393.0,69.0,0.0
770.0,0.0,19.0,65.0,1.0,0.0,0.0,521.0,90.0,0.0
478.0,0.0,6.0,31.0,1.0,0.0,0.0,317.0,48.0,0.0
503.0,0.0,6.0,33.0,1.0,0.0,0.0,334.0,52.0,0.0
693.0,1.0,9.0,51.0,2.0,0.0,0.0,466.0,78.0,0.0
565.0,0.0,7.0,45.0,1.0,0.0,0.0,370.0,67.0,0.0
595.0,0.0,9.0,48.0,4.0,0.0,0.0,394.0,63.0,0.0
558.0,0.0,9.0,43.0,2.0,0.0,0.0,363.0,67.0,0.0
768.0,0.0,19.0,61.0,1.0,0.0,0.0,525.0,92.0,0.0
572.0,0.0,11.0,46.0,1.0,0.0,0.0,389.0,54.0,0.0
742.0,0.0,19.0,62.0,1.0,0.0,0.0,505.0,87.0,0.0
845.0,1.0,19.0,61.0,1.0,0.0,0.0,582.0,92.0,0.0
635.0,1.0,11.0,44.0,1.0,0.0,0.0,431.0,61.0,0.0
746.0,0.0,19.0,63.0,1.0,0.0,0.0,503.0,90.0,0.0
572.0,0.0,11.0,43.0,1.0,0.0,0.0,398.0,48.0,0.0
600.0,1.0,7.0,40.0,1.0,0.0,0.0,398.0,64.0,0.0
813.0,1.0,19.0,60.0,1.0,0.0,0.0,558.0,92.0,0.0
509.0,0.0,6.0,35.0,1.0,0.0,0.0,338.0,53.0,0.0
587.0,1.0,7.0,35.0,1.0,0.0,0.0,400.0,55.0,0.0
740.0,0.0,19.0,61.0,1.0,0.0,0.0,502.0,89.0,0.0
716.0,1.0,11.0,52.0,1.0,0.0,0.0,481.0,85.0,0.0
772.0,0.0,19.0,64.0,1.0,0.0,0.0,532.0,82.0,0.0
823.0,0.0,19.0,77.0,2.0,0.0,0.0,537.0,115.0,0.0
839.0,1.0,19.0,64.0,1.0,0.0,0.0,580.0,88.0,0.0
641.0,1.0,11.0,44.0,1.0,0.0,0.0,446.0,52.0,0.0
515.0,0.0,6.0,34.0,1.0,0.0,0.0,349.0,46.0,0.0
574.0,0.0,11.0,46.0,1.0,0.0,0.0,389.0,56.0,0.0
605.0,1.0,9.0,39.0,2.0,0.0,0.0,411.0,59.0,0.0
803.0,1.0,19.0,63.0,1.0,0.0,0.0,544.0,96.0,0.0
809.0,0.0,19.0,81.0,2.0,0.0,0.0,514.0,121.0,0.0
763.0,0.0,19.0,62.0,1.0,0.0,0.0,514.0,95.0,0.0
789.0,0.0,19.0,67.0,1.0,0.0,0.0,532.0,96.0,0.0
644.0,1.0,11.0,46.0,1.0,0.0,0.0,442.0,57.0,0.0
824.0,1.0,19.0,64.0,1.0,0.0,0.0,565.0,91.0,0.0
513.0,0.0,7.0,35.0,1.0,0.0,0.0,342.0,53.0,0.0
527.0,0.0,6.0,34.0,1.0,0.0,0.0,345.0,64.0,0.0
644.0,1.0,11.0,45.0,1.0,0.0,0.0,439.0,63.0,0.0
852.0,1.0,19.0,67.0,1.0,0.0,0.0,564.0,118.0,0.0
638.0,1.0,11.0,44.0,1.0,0.0,0.0,444.0,54.0,0.0
492.0,0.0,6.0,32.0,1.0,0.0,0.0,323.0,52.0,0.0
637.0,1.0,11.0,44.0,1.0,0.0,0.0,439.0,58.0,0.0
811.0,1.0,19.0,64.0,1.0,0.0,0.0,550.0,95.0,0.0
738.0,0.0,19.0,62.0,1.0,0.0,0.0,505.0,84.0,0.0
697.0,1.0,11.0,56.0,1.0,0.0,0.0,465.0,77.0,0.0
554.0,0.0,11.0,43.0,1.0,0.0,0.0,373.0,54.0,0.0
778.0,0.0,19.0,66.0,1.0,0.0,0.0,529.0,93.0,0.0
757.0,0.0,19.0,62.0,1.0,0.0,0.0,517.0,88.0,0.0
777.0,0.0,19.0,67.0,1.0,0.0,0.0,522.0,97.0,0.0
752.0,0.0,19.0,63.0,1.0,0.0,0.0,503.0,93.0,0.0
756.0,0.0,19.0,65.0,1.0,0.0,0.0,509.0,94.0,0.0
696.0,1.0,11.0,48.0,1.0,0.0,0.0,457.0,91.0,0.0
681.0,1.0,11.0,56.0,4.0,0.0,0.0,450.0,72.0,0.0
503.0,0.0,6.0,33.0,1.0,0.0,0.0,338.0,50.0,0.0
743.0,0.0,19.0,60.0,1.0,0.0,0.0,511.0,84.0,0.0
588.0,0.0,7.0,43.0,1.0,0.0,0.0,369.0,92.0,0.0
508.0,0.0,6.0,33.0,1.0,0.0,0.0,325.0,68.0,0.0
750.0,0.0,19.0,61.0,1.0,0.0,0.0,515.0,84.0,0.0
843.0,1.0,19.0,65.0,1.0,0.0,0.0,580.0,90.0,0.0
510.0,0.0,6.0,34.0,1.0,0.0,0.0,344.0,48.0,0.0
750.0,0.0,19.0,61.0,1.0,0.0,0.0,516.0,85.0,0.0
897.0,1.0,19.0,75.0,4.0,0.0,0.0,607.0,103.0,0.0
486.0,0.0,6.0,31.0,1.0,0.0,0.0,319.0,51.0,0.0
493.0,0.0,6.0,32.0,1.0,0.0,0.0,327.0,51.0,0.0
825.0,1.0,19.0,62.0,1.0,0.0,0.0,569.0,90.0,0.0
822.0,0.0,19.0,78.0,2.0,0.0,0.0,530.0,119.0,0.0
640.0,1.0,11.0,45.0,1.0,0.0,0.0,437.0,59.0,0.0
827.0,0.0,19.0,73.0,1.0,0.0,0.0,548.0,118.0,0.0
733.0,0.0,19.0,62.0,1.0,0.0,0.0,495.0,90.0,0.0
744.0,0.0,19.0,63.0,1.0,0.0,0.0,507.0,86.0,0.0
766.0,0.0,19.0,68.0,1.0,0.0,0.0,521.0,86.0,0.0
734.0,0.0,19.0,64.0,1.0,0.0,0.0,487.0,95.0,0.0
574.0,0.0,11.0,46.0,1.0,0.0,0.0,383.0,58.0,0.0
490.0,0.0,6.0,32.0,1.0,0.0,0.0,323.0,52.0,0.0
857.0,0.0,19.0,72.0,1.0,0.0,0.0,559.0,133.0,0.0
794.0,0.0,19.0,68.0,1.0,0.0,0.0,532.0,96.0,0.0
564.0,0.0,11.0,44.0,1.0,0.0,0.0,387.0,50.0,0.0
788.0,0.0,19.0,67.0,1.0,0.0,0.0,529.0,98.0,0.0
822.0,0.0,19.0,71.0,1.0,0.0,0.0,555.0,102.0,0.0
678.0,1.0,11.0,55.0,1.0,0.0,0.0,446.0,80.0,0.0
838.0,1.0,19.0,64.0,1.0,0.0,0.0,574.0,96.0,0.0
564.0,0.0,11.0,44.0,1.0,0.0,0.0,378.0,59.0,0.0
564.0,0.0,11.0,43.0,1.0,0.0,0.0,390.0,48.0,0.0
743.0,0.0,19.0,64.0,1.0,0.0,0.0,498.0,93.0,0.0
829.0,0.0,19.0,66.0,1.0,0.0,0.0,549.0,119.0,0.0
761.0,0.0,19.0,65.0,1.0,0.0,0.0,509.0,97.0,0.0
835.0,1.0,19.0,63.0,1.0,0.0,0.0,577.0,91.0,0.0
484.0,0.0,6.0,31.0,1.0,0.0,0.0,314.0,56.0,0.0
679.0,1.0,11.0,53.0,2.0,0.0,0.0,452.0,72.0,0.0
807.0,1.0,19.0,61.0,1.0,0.0,0.0,556.0,88.0,0.0
647.0,1.0,11.0,48.0,1.0,0.0,0.0,435.0,66.0,0.0
841.0,1.0,19.0,63.0,1.0,0.0,0.0,577.0,94.0,0.0
1076.0,0.0,7.0,144.0,1.0,0.0,0.0,400.0,447.0,0.0
658.0,1.0,7.0,43.0,1.0,0.0,0.0,428.0,90.0,0.0
635.0,1.0,11.0,43.0,1.0,0.0,0.0,448.0,48.0,0.0
754.0,0.0,19.0,62.0,1.0,0.0,0.0,515.0,89.0,0.0
601.0,0.0,7.0,56.0,2.0,0.0,0.0,364.0,94.0,0.0
639.0,1.0,11.0,44.0,1.0,0.0,0.0,443.0,55.0,0.0
773.0,0.0,19.0,62.0,1.0,0.0,0.0,531.0,90.0,0.0
575.0,0.0,11.0,46.0,1.0,0.0,0.0,387.0,56.0,0.0
772.0,0.0,19.0,65.0,1.0,0.0,0.0,526.0,90.0,0.0
638.0,1.0,11.0,44.0,1.0,0.0,0.0,447.0,49.0,0.0
742.0,0.0,19.0,65.0,1.0,0.0,0.0,497.0,91.0,0.0
891.0,1.0,19.0,71.0,1.0,0.0,0.0,593.0,124.0,0.0
778.0,0.0,19.0,65.0,1.0,0.0,0.0,516.0,109.0,0.0
650.0,0.0,11.0,54.0,1.0,0.0,0.0,409.0,100.0,0.0
663.0,1.0,9.0,49.0,2.0,0.0,0.0,445.0,71.0,0.0
626.0,1.0,7.0,44.0,2.0,0.0,0.0,418.0,65.0,0.0
771.0,0.0,19.0,64.0,1.0,0.0,0.0,521.0,94.0,0.0
492.0,0.0,6.0,31.0,1.0,0.0,0.0,315.0,64.0,0.0
817.0,1.0,19.0,61.0,1.0,0.0,0.0,565.0,87.0,0.0
616.0,1.0,9.0,40.0,2.0,0.0,0.0,420.0,58.0,0.0
758.0,0.0,19.0,63.0,1.0,0.0,0.0,518.0,84.0,0.0
841.0,1.0,19.0,63.0,1.0,0.0,0.0,581.0,92.0,0.0
641.0,1.0,11.0,45.0,1.0,0.0,0.0,449.0,51.0,0.0
734.0,0.0,19.0,62.0,1.0,0.0,0.0,489.0,97.0,0.0
681.0,1.0,11.0,52.0,2.0,0.0,0.0,450.0,77.0,0.0
624.0,1.0,11.0,44.0,1.0,0.0,0.0,426.0,57.0,0.0
737.0,0.0,19.0,63.0,1.0,0.0,0.0,493.0,92.0,0.0
815.0,1.0,19.0,62.0,1.0,0.0,0.0,566.0,86.0,0.0
541.0,0.0,9.0,40.0,2.0,0.0,0.0,361.0,55.0,0.0
820.0,1.0,19.0,60.0,1.0,0.0,0.0,569.0,89.0,0.0
566.0,0.0,11.0,45.0,1.0,0.0,0.0,380.0,55.0,0.0
577.0,0.0,7.0,43.0,1.0,0.0,0.0,386.0,63.0,0.0
836.0,0.0,19.0,80.0,2.0,0.0,0.0,542.0,120.0,0.0
800.0,1.0,19.0,60.0,1.0,0.0,0.0,547.0,90.0,0.0
745.0,0.0,19.0,62.0,1.0,0.0,0.0,512.0,84.0,0.0
661.0,1.0,11.0,45.0,2.0,0.0,0.0,458.0,56.0,0.0
610.0,0.0,11.0,55.0,2.0,0.0,0.0,396.0,73.0,0.0
767.0,0.0,19.0,64.0,1.0,0.0,0.0,513.0,97.0,0.0
746.0,0.0,19.0,61.0,1.0,0.0,0.0,515.0,83.0,0.0
615.0,1.0,9.0,40.0,2.0,0.0,0.0,419.0,58.0,0.0
899.0,1.0,19.0,66.0,1.0,0.0,0.0,602.0,123.0,0.0
531.0,0.0,7.0,40.0,1.0,0.0,0.0,345.0,61.0,0.0
836.0,1.0,19.0,67.0,1.0,0.0,0.0,564.0,99.0,0.0
576.0,0.0,11.0,47.0,1.0,0.0,0.0,381.0,62.0,0.0
727.0,0.0,19.0,63.0,1.0,0.0,0.0,481.0,95.0,0.0
608.0,1.0,9.0,40.0,2.0,0.0,0.0,417.0,55.0,0.0
777.0,0.0,19.0,63.0,1.0,0.0,0.0,535.0,85.0,0.0
733.0,0.0,19.0,64.0,1.0,0.0,0.0,491.0,90.0,0.0
569.0,0.0,7.0,45.0,1.0,0.0,0.0,379.0,61.0,0.0
646.0,0.0,11.0,54.0,1.0,0.0,0.0,419.0,90.0,0.0
1146.0,1.0,7.0,144.0,1.0,0.0,0.0,462.0,442.0,0.0
566.0,0.0,11.0,43.0,1.0,0.0,0.0,385.0,54.0,0.0
829.0,1.0,19.0,63.0,1.0,0.0,0.0,565.0,98.0,0.0
624.0,1.0,9.0,44.0,2.0,0.0,0.0,420.0,62.0,0.0
605.0,1.0,7.0,36.0,1.0,0.0,0.0,417.0,55.0,0.0
770.0,0.0,19.0,64.0,1.0,0.0,0.0,522.0,92.0,0.0
500.0,0.0,6.0,34.0,1.0,0.0,0.0,330.0,53.0,0.0
663.0,1.0,7.0,47.0,1.0,0.0,0.0,442.0,78.0,0.0
496.0,0.0,6.0,31.0,1.0,0.0,0.0,318.0,64.0,0.0
694.0,1.0,11.0,56.0,4.0,0.0,0.0,465.0,69.0,0.0
743.0,0.0,19.0,62.0,1.0,0.0,0.0,500.0,91.0,0.0
568.0,0.0,11.0,45.0,1.0,0.0,0.0,387.0,53.0,0.0
571.0,0.0,11.0,44.0,1.0,0.0,0.0,394.0,50.0,0.0
642.0,1.0,11.0,44.0,1.0,0.0,0.0,444.0,55.0,0.0
589.0,0.0,7.0,45.0,1.0,0.0,0.0,377.0,83.0,0.0
783.0,0.0,19.0,65.0,1.0,0.0,0.0,526.0,98.0,0.0
531.0,0.0,6.0,34.0,1.0,0.0,0.0,337.0,75.0,0.0
824.0,1.0,19.0,64.0,1.0,0.0,0.0,565.0,94.0,0.0
856.0,0.0,19.0,76.0,1.0,0.0,0.0,557.0,133.0,0.0
700.0,1.0,11.0,51.0,1.0,0.0,0.0,484.0,66.0,0.0
670.0,1.0,11.0,53.0,4.0,0.0,0.0,455.0,62.0,0.0
734.0,0.0,19.0,61.0,1.0,0.0,0.0,496.0,88.0,0.0
496.0,0.0,6.0,32.0,1.0,0.0,0.0,327.0,51.0,0.0
746.0,0.0,19.0,65.0,1.0,0.0,0.0,499.0,94.0,0.0
566.0,0.0,11.0,43.0,1.0,0.0,0.0,388.0,52.0,0.0
594.0,0.0,7.0,47.0,1.0,0.0,0.0,387.0,77.0,0.0
633.0,0.0,11.0,58.0,2.0,0.0,0.0,405.0,84.0,0.0
600.0,1.0,9.0,40.0,2.0,0.0,0.0,407.0,57.0,0.0
603.0,1.0,7.0,36.0,2.0,0.0,0.0,414.0,54.0,0.0
820.0,1.0,19.0,62.0,1.0,0.0,0.0,559.0,98.0,0.0
513.0,0.0,7.0,35.0,1.0,0.0,0.0,339.0,56.0,0.0
632.0,0.0,11.0,49.0,1.0,0.0,0.0,414.0,85.0,0.0
579.0,0.0,11.0,47.0,1.0,0.0,0.0,384.0,62.0,0.0
764.0,0.0,19.0,62.0,1.0,0.0,0.0,514.0,96.0,0.0
592.0,0.0,7.0,43.0,1.0,0.0,0.0,389.0,75.0,0.0
521.0,0.0,6.0,35.0,1.0,0.0,0.0,350.0,49.0,0.0
679.0,0.0,7.0,53.0,1.0,1.0,0.0,453.0,81.0,0.0
635.0,1.0,11.0,45.0,1.0,0.0,0.0,431.0,63.0,0.0
698.0,1.0,11.0,58.0,2.0,0.0,0.0,458.0,83.0,0.0
577.0,0.0,11.0,46.0,1.0,0.0,0.0,393.0,55.0,0.0
631.0,1.0,11.0,43.0,1.0,0.0,0.0,442.0,49.0,0.0
521.0,0.0,6.0,34.0,1.0,0.0,0.0,337.0,66.0,0.0
565.0,0.0,7.0,45.0,1.0,0.0,0.0,375.0,62.0,0.0
778.0,0.0,19.0,70.0,1.0,0.0,0.0,518.0,99.0,0.0
576.0,0.0,11.0,46.0,1.0,0.0,0.0,384.0,60.0,0.0
504.0,0.0,6.0,34.0,1.0,0.0,0.0,336.0,50.0,0.0
771.0,0.0,19.0,63.0,1.0,0.0,0.0,528.0,90.0,0.0
823.0,1.0,19.0,64.0,1.0,0.0,0.0,568.0,89.0,0.0
635.0,1.0,11.0,44.0,1.0,0.0,0.0,432.0,62.0,0.0
842.0,1.0,19.0,68.0,1.0,0.0,0.0,569.0,101.0,0.0
843.0,1.0,19.0,63.0,1.0,0.0,0.0,584.0,92.0,0.0
581.0,1.0,7.0,35.0,1.0,0.0,0.0,397.0,53.0,0.0
830.0,1.0,19.0,64.0,1.0,0.0,0.0,567.0,94.0,0.0
519.0,0.0,7.0,39.0,1.0,0.0,0.0,341.0,56.0,0.0
1101.0,0.0,9.0,148.0,2.0,0.0,0.0,424.0,444.0,0.0
826.0,1.0,19.0,64.0,1.0,0.0,0.0,563.0,97.0,0.0
732.0,0.0,19.0,63.0,1.0,0.0,0.0,497.0,84.0,0.0
639.0,1.0,11.0,45.0,1.0,0.0,0.0,431.0,64.0,0.0
811.0,1.0,19.0,61.0,1.0,0.0,0.0,549.0,100.0,0.0
628.0,0.0,11.0,49.0,1.0,0.0,0.0,400.0,92.0,0.0
654.0,1.0,7.0,45.0,1.0,0.0,0.0,441.0,71.0,0.0
583.0,0.0,7.0,43.0,1.0,0.0,0.0,377.0,78.0,0.0
766.0,0.0,19.0,64.0,1.0,0.0,0.0,514.0,95.0,0.0
487.0,0.0,6.0,31.0,1.0,0.0,0.0,322.0,49.0,0.0
749.0,0.0,19.0,65.0,1.0,0.0,0.0,506.0,90.0,0.0
572.0,0.0,9.0,48.0,3.0,0.0,0.0,367.0,71.0,0.0
633.0,1.0,9.0,44.0,2.0,0.0,0.0,422.0,67.0,0.0
525.0,0.0,7.0,40.0,1.0,0.0,0.0,341.0,59.0,0.0
630.0,1.0,7.0,45.0,1.0,0.0,0.0,421.0,68.0,0.0
566.0,0.0,11.0,43.0,1.0,0.0,0.0,382.0,57.0,0.0
836.0,1.0,19.0,65.0,1.0,0.0,0.0,566.0,100.0,0.0
565.0,0.0,11.0,44.0,1.0,0.0,0.0,390.0,48.0,0.0
529.0,0.0,7.0,39.0,1.0,0.0,0.0,353.0,54.0,0.0
758.0,0.0,19.0,64.0,1.0,0.0,0.0,502.0,100.0,0.0
518.0,0.0,6.0,34.0,1.0,0.0,0.0,334.0,67.0,0.0
825.0,1.0,19.0,64.0,1.0,0.0,0.0,560.0,96.0,0.0
581.0,1.0,7.0,36.0,1.0,0.0,0.0,392.0,56.0,0.0
821.0,0.0,19.0,63.0,1.0,0.0,0.0,563.0,93.0,0.0
741.0,0.0,19.0,62.0,1.0,0.0,0.0,498.0,89.0,0.0
634.0,1.0,11.0,44.0,1.0,0.0,0.0,435.0,59.0,0.0
759.0,0.0,19.0,62.0,1.0,0.0,0.0,519.0,87.0,0.0
763.0,0.0,19.0,65.0,1.0,0.0,0.0,514.0,92.0,0.0
534.0,0.0,7.0,40.0,1.0,0.0,0.0,348.0,61.0,0.0
821.0,0.0,19.0,70.0,1.0,0.0,0.0,536.0,122.0,0.0
628.0,1.0,7.0,47.0,4.0,0.0,0.0,412.0,69.0,0.0
785.0,0.0,19.0,66.0,1.0,0.0,0.0,532.0,93.0,0.0
765.0,0.0,19.0,63.0,1.0,0.0,0.0,522.0,90.0,0.0
1147.0,1.0,7.0,144.0,1.0,0.0,0.0,452.0,453.0,0.0
829.0,1.0,19.0,62.0,1.0,0.0,0.0,567.0,96.0,0.0
493.0,0.0,6.0,32.0,1.0,0.0,0.0,329.0,49.0,0.0
652.0,0.0,11.0,65.0,2.0,0.0,0.0,397.0,101.0,0.0
511.0,0.0,6.0,33.0,1.0,0.0,0.0,344.0,50.0,0.0
819.0,0.0,19.0,78.0,2.0,0.0,0.0,529.0,120.0,0.0
828.0,1.0,19.0,64.0,1.0,0.0,0.0,567.0,92.0,0.0
751.0,0.0,19.0,63.0,1.0,0.0,0.0,514.0,81.0,0.0
812.0,1.0,19.0,62.0,1.0,0.0,0.0,552.0,95.0,0.0
534.0,0.0,7.0,35.0,1.0,0.0,0.0,371.0,44.0,0.0
688.0,1.0,11.0,47.0,1.0,0.0,0.0,463.0,81.0,0.0
676.0,1.0,9.0,47.0,2.0,0.0,0.0,460.0,69.0,0.0
576.0,0.0,7.0,43.0,1.0,0.0,0.0,385.0,63.0,0.0
490.0,0.0,6.0,32.0,1.0,0.0,0.0,329.0,46.0,0.0
628.0,1.0,11.0,45.0,1.0,0.0,0.0,423.0,62.0,0.0
635.0,0.0,11.0,59.0,2.0,0.0,0.0,400.0,87.0,0.0
562.0,0.0,11.0,43.0,1.0,0.0,0.0,385.0,51.0,0.0
821.0,0.0,19.0,61.0,1.0,0.0,0.0,566.0,91.0,0.0
772.0,0.0,19.0,63.0,1.0,0.0,0.0,523.0,95.0,0.0
815.0,1.0,19.0,61.0,1.0,0.0,0.0,556.0,97.0,0.0
508.0,0.0,6.0,35.0,1.0,0.0,0.0,342.0,48.0,0.0
815.0,1.0,19.0,61.0,1.0,0.0,0.0,554.0,98.0,0.0
742.0,0.0,19.0,62.0,1.0,0.0,0.0,495.0,95.0,0.0
477.0,0.0,6.0,31.0,1.0,0.0,0.0,314.0,49.0,0.0
577.0,0.0,11.0,47.0,1.0,0.0,0.0,388.0,59.0,0.0
760.0,0.0,19.0,64.0,1.0,0.0,0.0,516.0,92.0,0.0
657.0,1.0,7.0,47.0,1.0,0.0,0.0,433.0,81.0,0.0
644.0,1.0,11.0,47.0,1.0,0.0,0.0,442.0,59.0,0.0
641.0,1.0,9.0,48.0,3.0,0.0,0.0,422.0,72.0,0.0
498.0,0.0,6.0,33.0,1.0,0.0,0.0,331.0,51.0,0.0
523.0,0.0,6.0,34.0,1.0,0.0,0.0,349.0,53.0,0.0
896.0,1.0,19.0,72.0,1.0,0.0,0.0,616.0,102.0,0.0
634.0,1.0,11.0,43.0,1.0,0.0,0.0,451.0,44.0,0.0
688.0,1.0,9.0,60.0,2.0,0.0,0.0,429.0,98.0,0.0
582.0,0.0,11.0,48.0,1.0,0.0,0.0,385.0,62.0,0.0
606.0,1.0,9.0,39.0,2.0,0.0,0.0,415.0,56.0,0.0
635.0,1.0,11.0,44.0,1.0,0.0,0.0,442.0,53.0,0.0
641.0,1.0,7.0,45.0,4.0,0.0,0.0,432.0,63.0,0.0
770.0,0.0,19.0,64.0,1.0,0.0,0.0,520.0,91.0,0.0
885.0,1.0,19.0,71.0,2.0,0.0,0.0,594.0,110.0,0.0
637.0,1.0,11.0,44.0,1.0,0.0,0.0,446.0,51.0,0.0
513.0,0.0,6.0,33.0,1.0,0.0,0.0,347.0,49.0,0.0
671.0,1.0,7.0,56.0,2.0,0.0,0.0,422.0,93.0,0.0
639.0,1.0,11.0,43.0,1.0,0.0,0.0,445.0,55.0,0.0
525.0,0.0,6.0,35.0,1.0,0.0,0.0,358.0,48.0,0.0
573.0,0.0,11.0,44.0,1.0,0.0,0.0,394.0,51.0,0.0
755.0,0.0,19.0,64.0,1.0,0.0,0.0,509.0,90.0,0.0
482.0,0.0,6.0,32.0,1.0,0.0,0.0,316.0,50.0,0.0
574.0,0.0,7.0,40.0,1.0,0.0,0.0,371.0,79.0,0.0
587.0,0.0,7.0,53.0,2.0,0.0,0.0,360.0,88.0,0.0
646.0,1.0,11.0,47.0,1.0,0.0,0.0,440.0,60.0,0.0
520.0,0.0,6.0,34.0,1.0,0.0,0.0,348.0,52.0,0.0
834.0,1.0,19.0,63.0,1.0,0.0,0.0,571.0,93.0,0.0
764.0,0.0,19.0,60.0,1.0,0.0,0.0,519.0,93.0,0.0
813.0,1.0,19.0,64.0,1.0,0.0,0.0,553.0,96.0,0.0
569.0,0.0,11.0,44.0,1.0,0.0,0.0,393.0,49.0,0.0
555.0,0.0,9.0,40.0,2.0,0.0,0.0,377.0,52.0,0.0
476.0,0.0,6.0,30.0,1.0,0.0,0.0,321.0,42.0,0.0
823.0,1.0,19.0,60.0,1.0,0.0,0.0,570.0,90.0,0.0
511.0,0.0,6.0,33.0,1.0,0.0,0.0,340.0,52.0,0.0
582.0,1.0,7.0,35.0,1.0,0.0,0.0,393.0,58.0,0.0
610.0,0.0,11.0,53.0,1.0,0.0,0.0,408.0,66.0,0.0
872.0,1.0,19.0,70.0,2.0,0.0,0.0,593.0,104.0,0.0
779.0,0.0,19.0,65.0,1.0,0.0,0.0,531.0,90.0,0.0
781.0,0.0,19.0,66.0,1.0,0.0,0.0,527.0,95.0,0.0
700.0,1.0,11.0,50.0,1.0,0.0,0.0,460.0,90.0,0.0
612.0,1.0,9.0,39.0,2.0,0.0,0.0,421.0,54.0,0.0
590.0,0.0,9.0,42.0,2.0,0.0,0.0,386.0,76.0,0.0
498.0,0.0,6.0,33.0,1.0,0.0,0.0,327.0,55.0,0.0
608.0,0.0,9.0,39.0,2.0,0.0,0.0,421.0,51.0,0.0
909.0,1.0,19.0,73.0,1.0,0.0,0.0,624.0,105.0,0.0
817.0,1.0,19.0,67.0,1.0,0.0,0.0,551.0,97.0,0.0
614.0,1.0,9.0,40.0,2.0,0.0,0.0,416.0,60.0,0.0
566.0,0.0,7.0,47.0,2.0,0.0,0.0,362.0,71.0,0.0
571.0,0.0,11.0,43.0,1.0,0.0,0.0,383.0,62.0,0.0
577.0,0.0,7.0,44.0,2.0,0.0,0.0,377.0,69.0,0.0
521.0,0.0,7.0,36.0,1.0,0.0,0.0,349.0,52.0,0.0
633.0,0.0,11.0,52.0,1.0,0.0,0.0,395.0,100.0,0.0
751.0,0.0,19.0,62.0,1.0,0.0,0.0,503.0,94.0,0.0
828.0,0.0,19.0,70.0,1.0,0.0,0.0,537.0,129.0,0.0
878.0,1.0,19.0,76.0,2.0,0.0,0.0,577.0,118.0,0.0
794.0,0.0,19.0,71.0,3.0,0.0,0.0,531.0,98.0,0.0
639.0,1.0,11.0,43.0,1.0,0.0,0.0,437.0,63.0,0.0
581.0,0.0,11.0,48.0,1.0,0.0,0.0,378.0,70.0,0.0
866.0,1.0,19.0,66.0,1.0,0.0,0.0,573.0,122.0,0.0
569.0,0.0,11.0,45.0,1.0,0.0,0.0,389.0,49.0,0.0
511.0,0.0,6.0,34.0,1.0,0.0,0.0,341.0,50.0,0.0
522.0,0.0,6.0,35.0,1.0,0.0,0.0,356.0,46.0,0.0
826.0,1.0,19.0,65.0,1.0,0.0,0.0,566.0,94.0,0.0
500.0,0.0,6.0,32.0,1.0,0.0,0.0,312.0,74.0,0.0
752.0,1.0,11.0,60.0,1.0,0.0,0.0,489.0,104.0,0.0
851.0,0.0,19.0,69.0,3.0,0.0,0.0,574.0,103.0,0.0
528.0,0.0,6.0,35.0,1.0,0.0,0.0,342.0,68.0,0.0
645.0,1.0,7.0,43.0,1.0,0.0,0.0,441.0,63.0,0.0
758.0,0.0,19.0,61.0,1.0,0.0,0.0,517.0,91.0,0.0
688.0,1.0,11.0,49.0,1.0,0.0,0.0,448.0,92.0,0.0
616.0,1.0,9.0,40.0,2.0,0.0,0.0,416.0,62.0,0.0
825.0,1.0,19.0,63.0,1.0,0.0,0.0,576.0,84.0,0.0
520.0,0.0,6.0,34.0,1.0,0.0,0.0,336.0,66.0,0.0
642.0,1.0,11.0,44.0,1.0,0.0,0.0,447.0,52.0,0.0
750.0,0.0,19.0,65.0,1.0,0.0,0.0,505.0,90.0,0.0
842.0,1.0,19.0,63.0,1.0,0.0,0.0,584.0,90.0,0.0
821.0,1.0,19.0,61.0,1.0,0.0,0.0,565.0,91.0,0.0
855.0,1.0,19.0,68.0,1.0,0.0,0.0,579.0,103.0,0.0
495.0,0.0,6.0,33.0,1.0,0.0,0.0,328.0,51.0,0.0
641.0,0.0,11.0,54.0,1.0,0.0,0.0,411.0,90.0,0.0
761.0,0.0,19.0,66.0,1.0,0.0,0.0,513.0,91.0,0.0
847.0,1.0,19.0,65.0,1.0,0.0,0.0,583.0,92.0,0.0
751.0,0.0,19.0,62.0,1.0,0.0,0.0,512.0,84.0,0.0
825.0,1.0,19.0,63.0,1.0,0.0,0.0,572.0,87.0,0.0
875.0,1.0,19.0,66.0,1.0,0.0,0.0,587.0,115.0,0.0
565.0,0.0,11.0,43.0,1.0,0.0,0.0,380.0,58.0,0.0
820.0,1.0,19.0,61.0,1.0,0.0,0.0,562.0,92.0,0.0
816.0,1.0,19.0,63.0,1.0,0.0,0.0,553.0,100.0,0.0
817.0,1.0,19.0,61.0,1.0,0.0,0.0,563.0,90.0,0.0
857.0,1.0,19.0,66.0,1.0,0.0,0.0,568.0,122.0,0.0
570.0,0.0,11.0,44.0,1.0,0.0,0.0,385.0,58.0,0.0
606.0,1.0,9.0,39.0,2.0,0.0,0.0,419.0,52.0,0.0
521.0,0.0,6.0,35.0,1.0,0.0,0.0,351.0,49.0,0.0
607.0,0.0,7.0,53.0,2.0,0.0,0.0,391.0,76.0,0.0
633.0,0.0,11.0,44.0,1.0,0.0,0.0,433.0,58.0,0.0
673.0,1.0,9.0,45.0,2.0,0.0,0.0,438.0,93.0,0.0
504.0,0.0,6.0,33.0,1.0,0.0,0.0,333.0,54.0,0.0
828.0,1.0,19.0,61.0,1.0,0.0,0.0,576.0,89.0,0.0
498.0,0.0,6.0,32.0,1.0,0.0,0.0,334.0,47.0,0.0
591.0,1.0,7.0,36.0,1.0,0.0,0.0,406.0,52.0,0.0
823.0,1.0,19.0,61.0,1.0,0.0,0.0,566.0,94.0,0.0
578.0,0.0,11.0,46.0,1.0,0.0,0.0,389.0,60.0,0.0
656.0,1.0,11.0,48.0,1.0,0.0,0.0,442.0,67.0,0.0
499.0,0.0,6.0,33.0,1.0,0.0,0.0,334.0,49.0,0.0
631.0,0.0,11.0,48.0,3.0,0.0,0.0,427.0,61.0,0.0
789.0,0.0,19.0,70.0,4.0,0.0,0.0,526.0,97.0,0.0
772.0,0.0,19.0,65.0,1.0,0.0,0.0,528.0,87.0,0.0
501.0,0.0,6.0,31.0,1.0,0.0,0.0,324.0,62.0,0.0
568.0,0.0,11.0,44.0,1.0,0.0,0.0,385.0,56.0,0.0
902.0,1.0,19.0,71.0,1.0,0.0,0.0,608.0,115.0,0.0
742.0,0.0,19.0,61.0,1.0,0.0,0.0,495.0,95.0,0.0
809.0,0.0,19.0,67.0,3.0,0.0,0.0,551.0,91.0,0.0
815.0,1.0,19.0,63.0,1.0,0.0,0.0,562.0,89.0,0.0
776.0,0.0,19.0,66.0,1.0,0.0,0.0,528.0,91.0,0.0
608.0,0.0,9.0,52.0,5.0,0.0,0.0,396.0,67.0,0.0
668.0,1.0,11.0,53.0,4.0,0.0,0.0,448.0,67.0,0.0
645.0,1.0,7.0,43.0,1.0,0.0,0.0,443.0,61.0,0.0
844.0,1.0,19.0,64.0,1.0,0.0,0.0,584.0,90.0,0.0
775.0,0.0,19.0,63.0,1.0,0.0,0.0,532.0,87.0,0.0
830.0,1.0,19.0,64.0,1.0,0.0,0.0,570.0,93.0,0.0
640.0,1.0,11.0,46.0,1.0,0.0,0.0,435.0,63.0,0.0
752.0,0.0,19.0,62.0,1.0,0.0,0.0,508.0,91.0,0.0
693.0,1.0,7.0,49.0,1.0,0.0,0.0,445.0,103.0,0.0
607.0,1.0,9.0,39.0,2.0,0.0,0.0,423.0,49.0,0.0
506.0,0.0,6.0,33.0,1.0,0.0,0.0,342.0,47.0,0.0
741.0,0.0,19.0,63.0,1.0,0.0,0.0,494.0,92.0,0.0
603.0,0.0,9.0,44.0,2.0,0.0,0.0,387.0,86.0,0.0
819.0,1.0,19.0,63.0,1.0,0.0,0.0,566.0,87.0,0.0
572.0,0.0,11.0,43.0,1.0,0.0,0.0,388.0,57.0,0.0
828.0,1.0,19.0,61.0,1.0,0.0,0.0,574.0,88.0,0.0
750.0,0.0,19.0,62.0,1.0,0.0,0.0,510.0,88.0,0.0
640.0,1.0,11.0,44.0,1.0,0.0,0.0,437.0,60.0,0.0
779.0,0.0,19.0,63.0,1.0,0.0,0.0,533.0,92.0,0.0
687.0,1.0,11.0,54.0,1.0,0.0,0.0,460.0,74.0,0.0
824.0,0.0,19.0,72.0,1.0,0.0,0.0,553.0,109.0,0.0
752.0,0.0,19.0,65.0,1.0,0.0,0.0,504.0,93.0,0.0
632.0,0.0,11.0,49.0,1.0,0.0,0.0,410.0,86.0,0.0
771.0,0.0,19.0,64.0,1.0,0.0,0.0,514.0,100.0,0.0
744.0,0.0,19.0,63.0,1.0,0.0,0.0,503.0,88.0,0.0
520.0,0.0,6.0,34.0,1.0,0.0,0.0,330.0,73.0,0.0
784.0,0.0,19.0,67.0,1.0,0.0,0.0,524.0,102.0,0.0
761.0,0.0,19.0,62.0,1.0,0.0,0.0,519.0,88.0,0.0
619.0,0.0,11.0,48.0,1.0,0.0,0.0,406.0,81.0,0.0
745.0,0.0,19.0,63.0,1.0,0.0,0.0,496.0,97.0,0.0
493.0,0.0,6.0,32.0,1.0,0.0,0.0,319.0,59.0,0.0
538.0,0.0,9.0,39.0,2.0,0.0,0.0,367.0,49.0,0.0
646.0,1.0,7.0,40.0,3.0,0.0,0.0,434.0,64.0,0.0
689.0,1.0,7.0,49.0,1.0,0.0,0.0,442.0,102.0,0.0
572.0,0.0,11.0,45.0,1.0,0.0,0.0,387.0,52.0,0.0
827.0,1.0,19.0,65.0,1.0,0.0,0.0,570.0,90.0,0.0
519.0,0.0,6.0,34.0,1.0,0.0,0.0,344.0,55.0,0.0
896.0,1.0,19.0,72.0,3.0,0.0,0.0,610.0,99.0,0.0
584.0,1.0,7.0,36.0,1.0,0.0,0.0,401.0,51.0,0.0
496.0,0.0,6.0,33.0,1.0,0.0,0.0,331.0,49.0,0.0
803.0,1.0,19.0,64.0,1.0,0.0,0.0,551.0,87.0,0.0
818.0,1.0,19.0,62.0,1.0,0.0,0.0,561.0,92.0,0.0
811.0,1.0,19.0,64.0,1.0,0.0,0.0,548.0,97.0,0.0
665.0,1.0,7.0,56.0,2.0,0.0,0.0,424.0,86.0,0.0
824.0,1.0,19.0,61.0,1.0,0.0,0.0,569.0,89.0,0.0
840.0,1.0,19.0,65.0,1.0,0.0,0.0,573.0,98.0,0.0
646.0,1.0,7.0,53.0,2.0,0.0,0.0,404.0,90.0,0.0
875.0,1.0,19.0,72.0,3.0,0.0,0.0,587.0,106.0,0.0
567.0,0.0,11.0,44.0,1.0,0.0,0.0,393.0,47.0,0.0
637.0,1.0,11.0,43.0,1.0,0.0,0.0,444.0,53.0,0.0
638.0,1.0,7.0,39.0,1.0,0.0,0.0,414.0,88.0,0.0
632.0,1.0,11.0,44.0,1.0,0.0,0.0,442.0,50.0,0.0
737.0,0.0,19.0,61.0,1.0,0.0,0.0,503.0,84.0,0.0
680.0,1.0,11.0,53.0,1.0,0.0,0.0,460.0,71.0,0.0
634.0,1.0,7.0,38.0,1.0,0.0,0.0,422.0,76.0,0.0
645.0,0.0,11.0,51.0,1.0,0.0,0.0,429.0,78.0,0.0
513.0,0.0,6.0,33.0,1.0,0.0,0.0,345.0,51.0,0.0
534.0,0.0,7.0,35.0,1.0,0.0,0.0,372.0,43.0,0.0
672.0,1.0,9.0,44.0,4.0,0.0,0.0,454.0,66.0,0.0
813.0,0.0,19.0,81.0,2.0,0.0,0.0,515.0,125.0,0.0
710.0,1.0,11.0,51.0,1.0,0.0,0.0,482.0,79.0,0.0
650.0,1.0,11.0,48.0,1.0,0.0,0.0,436.0,66.0,0.0
615.0,0.0,11.0,47.0,1.0,0.0,0.0,399.0,85.0,0.0
838.0,0.0,19.0,64.0,1.0,0.0,0.0,575.0,94.0,0.0
637.0,1.0,7.0,39.0,1.0,0.0,0.0,421.0,80.0,0.0
494.0,0.0,6.0,32.0,1.0,0.0,0.0,323.0,54.0,0.0
532.0,0.0,6.0,35.0,1.0,0.0,0.0,359.0,51.0,0.0
634.0,0.0,11.0,44.0,1.0,0.0,0.0,433.0,59.0,0.0
749.0,0.0,19.0,63.0,1.0,0.0,0.0,509.0,88.0,0.0
699.0,1.0,11.0,52.0,1.0,0.0,0.0,477.0,69.0,0.0
569.0,0.0,11.0,46.0,1.0,0.0,0.0,388.0,52.0,0.0
762.0,0.0,19.0,63.0,1.0,0.0,0.0,526.0,82.0,0.0
658.0,1.0,7.0,45.0,1.0,0.0,0.0,428.0,88.0,0.0
540.0,0.0,9.0,40.0,2.0,0.0,0.0,359.0,58.0,0.0
738.0,0.0,19.0,61.0,1.0,0.0,0.0,502.0,87.0,0.0
570.0,0.0,11.0,45.0,1.0,0.0,0.0,384.0,55.0,0.0
494.0,0.0,6.0,31.0,1.0,0.0,0.0,334.0,43.0,0.0
568.0,0.0,7.0,39.0,1.0,0.0,0.0,371.0,74.0,0.0
502.0,0.0,6.0,33.0,1.0,0.0,0.0,331.0,55.0,0.0
821.0,1.0,19.0,62.0,1.0,0.0,0.0,569.0,87.0,0.0
767.0,0.0,19.0,62.0,1.0,0.0,0.0,519.0,95.0,0.0
632.0,1.0,11.0,43.0,1.0,0.0,0.0,440.0,53.0,0.0
565.0,0.0,11.0,43.0,1.0,0.0,0.0,383.0,56.0,0.0
1131.0,0.0,11.0,153.0,1.0,0.0,0.0,439.0,451.0,0.0
569.0,0.0,11.0,44.0,1.0,0.0,0.0,390.0,50.0,0.0
529.0,0.0,6.0,35.0,1.0,0.0,0.0,361.0,49.0,0.0
834.0,1.0,19.0,65.0,1.0,0.0,0.0,580.0,87.0,0.0
563.0,0.0,11.0,43.0,1.0,0.0,0.0,380.0,57.0,0.0
521.0,0.0,6.0,34.0,1.0,0.0,0.0,336.0,68.0,0.0
824.0,1.0,19.0,61.0,1.0,0.0,0.0,570.0,88.0,0.0
839.0,1.0,19.0,62.0,1.0,0.0,0.0,582.0,90.0,0.0
763.0,0.0,19.0,62.0,1.0,0.0,0.0,524.0,85.0,0.0
748.0,0.0,19.0,66.0,1.0,0.0,0.0,502.0,92.0,0.0
525.0,0.0,6.0,34.0,1.0,0.0,0.0,335.0,72.0,0.0
666.0,1.0,7.0,56.0,2.0,0.0,0.0,416.0,95.0,0.0
612.0,1.0,9.0,39.0,2.0,0.0,0.0,419.0,56.0,0.0
636.0,0.0,11.0,48.0,3.0,0.0,0.0,431.0,62.0,0.0
505.0,0.0,6.0,32.0,1.0,0.0,0.0,321.0,68.0,0.0
579.0,0.0,7.0,48.0,4.0,0.0,0.0,373.0,67.0,0.0
613.0,0.0,11.0,52.0,2.0,0.0,0.0,399.0,73.0,0.0
525.0,0.0,7.0,40.0,1.0,0.0,0.0,342.0,58.0,0.0
750.0,0.0,19.0,64.0,1.0,0.0,0.0,509.0,87.0,0.0
610.0,0.0,11.0,54.0,4.0,0.0,0.0,403.0,63.0,0.0
769.0,0.0,19.0,65.0,1.0,0.0,0.0,518.0,96.0,0.0
493.0,0.0,6.0,31.0,1.0,0.0,0.0,316.0,63.0,0.0
802.0,1.0,19.0,63.0,1.0,0.0,0.0,541.0,96.0,0.0
538.0,0.0,9.0,39.0,2.0,0.0,0.0,368.0,48.0,0.0
759.0,0.0,19.0,65.0,1.0,0.0,0.0,513.0,92.0,0.0
579.0,0.0,11.0,49.0,1.0,0.0,0.0,372.0,71.0,0.0
846.0,1.0,19.0,64.0,1.0,0.0,0.0,584.0,91.0,0.0
673.0,1.0,9.0,45.0,2.0,0.0,0.0,439.0,92.0,0.0
473.0,0.0,6.0,31.0,1.0,0.0,0.0,315.0,45.0,0.0
570.0,0.0,7.0,40.0,1.0,0.0,0.0,365.0,81.0,0.0
560.0,0.0,11.0,43.0,1.0,0.0,0.0,386.0,48.0,0.0
517.0,0.0,6.0,34.0,1.0,0.0,0.0,351.0,46.0,0.0
809.0,1.0,19.0,62.0,1.0,0.0,0.0,550.0,94.0,0.0
628.0,1.0,7.0,39.0,1.0,0.0,0.0,411.0,81.0,0.0
821.0,1.0,19.0,63.0,1.0,0.0,0.0,552.0,101.0,0.0
517.0,0.0,6.0,35.0,1.0,0.0,0.0,351.0,45.0,0.0
761.0,0.0,19.0,62.0,1.0,0.0,0.0,525.0,82.0,0.0
813.0,0.0,19.0,75.0,4.0,0.0,0.0,529.0,111.0,0.0
1146.0,1.0,7.0,144.0,1.0,0.0,0.0,460.0,444.0,0.0
647.0,1.0,11.0,47.0,1.0,0.0,0.0,440.0,61.0,0.0
847.0,1.0,19.0,64.0,1.0,0.0,0.0,581.0,91.0,0.0
589.0,0.0,9.0,44.0,2.0,0.0,0.0,371.0,90.0,0.0
694.0,1.0,11.0,49.0,1.0,0.0,0.0,467.0,81.0,0.0
754.0,0.0,19.0,63.0,1.0,0.0,0.0,517.0,86.0,0.0
513.0,0.0,6.0,34.0,1.0,0.0,0.0,349.0,46.0,0.0
607.0,1.0,7.0,36.0,1.0,0.0,0.0,414.0,60.0,0.0
561.0,0.0,11.0,43.0,1.0,0.0,0.0,377.0,58.0,0.0
531.0,0.0,9.0,40.0,2.0,0.0,0.0,357.0,51.0,0.0
642.0,1.0,11.0,44.0,1.0,0.0,0.0,447.0,55.0,0.0
628.0,1.0,7.0,47.0,4.0,0.0,0.0,410.0,71.0,0.0
805.0,1.0,11.0,62.0,1.0,1.0,0.0,545.0,90.0,0.0
522.0,0.0,6.0,34.0,1.0,0.0,0.0,329.0,75.0,0.0
736.0,0.0,19.0,60.0,1.0,0.0,0.0,499.0,87.0,0.0
840.0,1.0,19.0,64.0,1.0,0.0,0.0,572.0,99.0,0.0
605.0,0.0,11.0,51.0,2.0,0.0,0.0,397.0,70.0,0.0
644.0,1.0,11.0,45.0,1.0,0.0,0.0,445.0,55.0,0.0
609.0,0.0,11.0,53.0,1.0,0.0,0.0,410.0,63.0,0.0
823.0,1.0,19.0,63.0,1.0,0.0,0.0,571.0,88.0,0.0
530.0,0.0,7.0,36.0,1.0,0.0,0.0,360.0,50.0,0.0
834.0,1.0,19.0,63.0,1.0,0.0,0.0,574.0,91.0,0.0
491.0,0.0,6.0,32.0,1.0,0.0,0.0,332.0,42.0,0.0
751.0,0.0,19.0,61.0,1.0,0.0,0.0,517.0,82.0,0.0
836.0,1.0,19.0,64.0,1.0,0.0,0.0,579.0,87.0,0.0
616.0,1.0,9.0,40.0,2.0,0.0,0.0,419.0,59.0,0.0
748.0,0.0,19.0,65.0,1.0,0.0,0.0,500.0,94.0,0.0
827.0,1.0,19.0,64.0,1.0,0.0,0.0,563.0,99.0,0.0
784.0,0.0,19.0,63.0,1.0,0.0,0.0,537.0,90.0,0.0
741.0,0.0,19.0,61.0,1.0,0.0,0.0,506.0,84.0,0.0
831.0,1.0,19.0,62.0,1.0,0.0,0.0,566.0,97.0,0.0
734.0,0.0,19.0,63.0,1.0,0.0,0.0,493.0,90.0,0.0
639.0,0.0,11.0,48.0,3.0,0.0,0.0,438.0,56.0,0.0
761.0,0.0,19.0,64.0,1.0,0.0,0.0,521.0,84.0,0.0
757.0,0.0,19.0,62.0,1.0,0.0,0.0,515.0,89.0,0.0
643.0,1.0,11.0,46.0,1.0,0.0,0.0,440.0,61.0,0.0
824.0,1.0,19.0,63.0,1.0,0.0,0.0,566.0,92.0,0.0
587.0,0.0,7.0,56.0,2.0,0.0,0.0,358.0,87.0,0.0
517.0,0.0,7.0,36.0,1.0,0.0,0.0,351.0,47.0,0.0
510.0,0.0,6.0,33.0,1.0,0.0,0.0,343.0,51.0,0.0
905.0,1.0,19.0,69.0,1.0,0.0,0.0,599.0,132.0,0.0
570.0,0.0,11.0,45.0,1.0,0.0,0.0,387.0,52.0,0.0
844.0,1.0,19.0,64.0,1.0,0.0,0.0,579.0,96.0,0.0
498.0,0.0,6.0,32.0,1.0,0.0,0.0,333.0,51.0,0.0
581.0,0.0,7.0,45.0,1.0,0.0,0.0,366.0,87.0,0.0
485.0,0.0,6.0,32.0,1.0,0.0,0.0,315.0,55.0,0.0
642.0,1.0,11.0,45.0,1.0,0.0,0.0,430.0,66.0,0.0
736.0,1.0,11.0,57.0,1.0,0.0,0.0,482.0,101.0,0.0
568.0,0.0,11.0,44.0,1.0,0.0,0.0,386.0,52.0,0.0
638.0,1.0,11.0,44.0,1.0,0.0,0.0,441.0,57.0,0.0
562.0,0.0,11.0,44.0,1.0,0.0,0.0,380.0,55.0,0.0
571.0,0.0,11.0,45.0,1.0,0.0,0.0,389.0,54.0,0.0
830.0,1.0,19.0,62.0,1.0,0.0,0.0,575.0,91.0,0.0
817.0,1.0,19.0,62.0,1.0,0.0,0.0,566.0,86.0,0.0
568.0,0.0,11.0,43.0,1.0,0.0,0.0,396.0,46.0,0.0
641.0,1.0,11.0,45.0,1.0,0.0,0.0,441.0,59.0,0.0
647.0,1.0,11.0,47.0,1.0,0.0,0.0,435.0,66.0,0.0
751.0,0.0,19.0,61.0,1.0,0.0,0.0,512.0,88.0,0.0
574.0,1.0,7.0,36.0,1.0,0.0,0.0,393.0,49.0,0.0
575.0,0.0,7.0,48.0,4.0,0.0,0.0,370.0,66.0,0.0
504.0,0.0,6.0,32.0,1.0,0.0,0.0,321.0,68.0,0.0
816.0,1.0,19.0,65.0,1.0,0.0,0.0,551.0,99.0,0.0
568.0,0.0,11.0,44.0,1.0,0.0,0.0,379.0,59.0,0.0
632.0,0.0,11.0,61.0,2.0,0.0,0.0,398.0,87.0,0.0
803.0,0.0,19.0,62.0,1.0,0.0,0.0,554.0,88.0,0.0
518.0,0.0,7.0,36.0,1.0,0.0,0.0,341.0,58.0,0.0
888.0,1.0,19.0,67.0,1.0,0.0,0.0,591.0,124.0,0.0
830.0,1.0,19.0,63.0,1.0,0.0,0.0,570.0,93.0,0.0
818.0,0.0,19.0,68.0,3.0,0.0,0.0,550.0,99.0,0.0
813.0,0.0,19.0,71.0,2.0,0.0,0.0,544.0,103.0,0.0
508.0,0.0,6.0,35.0,1.0,0.0,0.0,339.0,51.0,0.0
738.0,0.0,19.0,63.0,1.0,0.0,0.0,495.0,93.0,0.0
851.0,1.0,19.0,64.0,1.0,0.0,0.0,585.0,95.0,0.0
705.0,1.0,11.0,62.0,2.0,0.0,0.0,452.0,92.0,0.0
583.0,1.0,7.0,36.0,1.0,0.0,0.0,396.0,55.0,0.0
560.0,0.0,7.0,38.0,1.0,0.0,0.0,365.0,73.0,0.0
592.0,0.0,7.0,43.0,1.0,0.0,0.0,387.0,77.0,0.0
638.0,1.0,7.0,41.0,1.0,0.0,0.0,409.0,91.0,0.0
759.0,0.0,19.0,66.0,1.0,0.0,0.0,498.0,107.0,0.0
811.0,1.0,19.0,64.0,1.0,0.0,0.0,554.0,89.0,0.0
869.0,1.0,19.0,66.0,1.0,0.0,0.0,578.0,121.0,0.0
814.0,1.0,19.0,63.0,1.0,0.0,0.0,559.0,90.0,0.0
602.0,0.0,7.0,47.0,1.0,0.0,0.0,396.0,75.0,0.0
749.0,0.0,19.0,63.0,1.0,0.0,0.0,506.0,92.0,0.0
515.0,0.0,6.0,34.0,1.0,0.0,0.0,328.0,70.0,0.0
809.0,1.0,19.0,62.0,1.0,0.0,0.0,550.0,95.0,0.0
644.0,1.0,7.0,48.0,4.0,0.0,0.0,425.0,67.0,0.0
817.0,0.0,19.0,63.0,1.0,0.0,0.0,566.0,87.0,0.0
684.0,1.0,11.0,54.0,1.0,0.0,0.0,465.0,69.0,0.0
844.0,1.0,19.0,68.0,1.0,0.0,0.0,574.0,97.0,0.0
583.0,1.0,7.0,36.0,1.0,0.0,0.0,392.0,59.0,0.0
763.0,0.0,19.0,67.0,1.0,0.0,0.0,502.0,102.0,0.0
820.0,1.0,19.0,62.0,1.0,0.0,0.0,570.0,87.0,0.0
581.0,1.0,7.0,36.0,1.0,0.0,0.0,398.0,51.0,0.0
542.0,0.0,7.0,36.0,1.0,0.0,0.0,364.0,57.0,0.0
687.0,1.0,9.0,47.0,2.0,0.0,0.0,458.0,84.0,0.0
592.0,0.0,9.0,47.0,2.0,0.0,0.0,393.0,67.0,0.0
750.0,0.0,19.0,62.0,1.0,0.0,0.0,502.0,97.0,0.0
588.0,0.0,9.0,51.0,2.0,0.0,0.0,376.0,73.0,0.0
841.0,1.0,19.0,64.0,1.0,0.0,0.0,578.0,94.0,0.0
761.0,0.0,19.0,68.0,1.0,0.0,0.0,497.0,105.0,0.0
609.0,1.0,9.0,40.0,2.0,0.0,0.0,411.0,62.0,0.0
564.0,0.0,7.0,40.0,1.0,0.0,0.0,360.0,80.0,0.0
750.0,0.0,19.0,63.0,1.0,0.0,0.0,508.0,89.0,0.0
635.0,1.0,11.0,45.0,1.0,0.0,0.0,439.0,55.0,0.0
640.0,1.0,11.0,44.0,1.0,0.0,0.0,434.0,66.0,0.0
557.0,0.0,7.0,44.0,2.0,0.0,0.0,364.0,63.0,0.0
862.0,1.0,19.0,73.0,4.0,0.0,0.0,576.0,107.0,0.0
636.0,1.0,11.0,44.0,1.0,0.0,0.0,434.0,59.0,0.0
570.0,0.0,7.0,40.0,1.0,0.0,0.0,360.0,86.0,0.0
611.0,1.0,7.0,36.0,1.0,0.0,0.0,420.0,57.0,0.0
610.0,1.0,9.0,39.0,2.0,0.0,0.0,415.0,58.0,0.0
607.0,1.0,9.0,39.0,2.0,0.0,0.0,409.0,63.0,0.0
493.0,0.0,6.0,32.0,1.0,0.0,0.0,328.0,48.0,0.0
823.0,1.0,19.0,67.0,1.0,0.0,0.0,559.0,95.0,0.0
632.0,0.0,11.0,43.0,1.0,0.0,0.0,441.0,53.0,0.0
536.0,0.0,9.0,39.0,2.0,0.0,0.0,366.0,48.0,0.0
623.0,1.0,9.0,40.0,2.0,0.0,0.0,429.0,57.0,0.0
610.0,1.0,9.0,39.0,2.0,0.0,0.0,414.0,59.0,0.0
823.0,1.0,19.0,61.0,1.0,0.0,0.0,567.0,92.0,0.0
814.0,0.0,19.0,68.0,3.0,0.0,0.0,544.0,103.0,0.0
835.0,1.0,19.0,61.0,1.0,0.0,0.0,581.0,89.0,0.0
482.0,0.0,6.0,32.0,1.0,0.0,0.0,315.0,52.0,0.0
536.0,0.0,9.0,39.0,2.0,0.0,0.0,362.0,52.0,0.0
750.0,0.0,19.0,63.0,1.0,0.0,0.0,511.0,87.0,0.0
597.0,0.0,7.0,43.0,1.0,0.0,0.0,401.0,67.0,0.0
887.0,1.0,19.0,70.0,1.0,0.0,0.0,593.0,117.0,0.0
513.0,0.0,6.0,33.0,1.0,0.0,0.0,329.0,68.0,0.0
498.0,0.0,6.0,33.0,1.0,0.0,0.0,325.0,57.0,0.0
620.0,0.0,11.0,56.0,2.0,0.0,0.0,401.0,77.0,0.0
805.0,1.0,19.0,64.0,1.0,0.0,0.0,551.0,90.0,0.0
517.0,0.0,7.0,35.0,1.0,0.0,0.0,344.0,54.0,0.0
845.0,1.0,19.0,65.0,1.0,0.0,0.0,577.0,100.0,0.0
499.0,0.0,6.0,33.0,1.0,0.0,0.0,333.0,50.0,0.0
515.0,0.0,6.0,34.0,1.0,0.0,0.0,343.0,52.0,0.0
500.0,0.0,6.0,33.0,1.0,0.0,0.0,330.0,53.0,0.0
822.0,1.0,19.0,63.0,1.0,0.0,0.0,565.0,91.0,0.0
763.0,0.0,19.0,64.0,1.0,0.0,0.0,519.0,86.0,0.0
613.0,1.0,7.0,43.0,2.0,0.0,0.0,402.0,69.0,0.0
872.0,1.0,19.0,71.0,1.0,0.0,0.0,601.0,97.0,0.0
755.0,0.0,19.0,62.0,1.0,0.0,0.0,514.0,91.0,0.0
571.0,0.0,11.0,45.0,1.0,0.0,0.0,382.0,61.0,0.0
811.0,1.0,19.0,60.0,1.0,0.0,0.0,552.0,97.0,0.0
583.0,0.0,7.0,53.0,2.0,0.0,0.0,361.0,83.0,0.0
633.0,1.0,11.0,43.0,1.0,0.0,0.0,434.0,60.0,0.0
490.0,0.0,6.0,31.0,1.0,0.0,0.0,325.0,49.0,0.0
746.0,0.0,19.0,61.0,1.0,0.0,0.0,500.0,96.0,0.0
812.0,1.0,19.0,64.0,1.0,0.0,0.0,552.0,94.0,0.0
770.0,0.0,19.0,62.0,1.0,0.0,0.0,520.0,95.0,0.0
570.0,0.0,11.0,45.0,1.0,0.0,0.0,382.0,57.0,0.0
591.0,1.0,7.0,36.0,1.0,0.0,0.0,404.0,54.0,0.0
528.0,0.0,6.0,35.0,1.0,0.0,0.0,360.0,49.0,0.0
841.0,1.0,19.0,66.0,1.0,0.0,0.0,576.0,93.0,0.0
618.0,1.0,7.0,47.0,4.0,0.0,0.0,400.0,71.0,0.0
563.0,0.0,11.0,44.0,1.0,0.0,0.0,381.0,55.0,0.0
570.0,0.0,11.0,45.0,1.0,0.0,0.0,386.0,56.0,0.0
855.0,1.0,19.0,65.0,1.0,0.0,0.0,591.0,94.0,0.0
622.0,1.0,9.0,43.0,2.0,0.0,0.0,414.0,69.0,0.0
490.0,0.0,6.0,32.0,1.0,0.0,0.0,322.0,53.0,0.0
520.0,0.0,6.0,34.0,1.0,0.0,0.0,335.0,67.0,0.0
747.0,0.0,19.0,62.0,1.0,0.0,0.0,498.0,97.0,0.0
640.0,1.0,11.0,45.0,1.0,0.0,0.0,441.0,57.0,0.0
540.0,0.0,9.0,39.0,2.0,0.0,0.0,363.0,53.0,0.0
566.0,0.0,11.0,45.0,1.0,0.0,0.0,381.0,57.0,0.0
733.0,0.0,19.0,61.0,1.0,0.0,0.0,497.0,86.0,0.0
748.0,0.0,19.0,63.0,1.0,0.0,0.0,512.0,83.0,0.0
753.0,0.0,19.0,63.0,1.0,0.0,0.0,504.0,96.0,0.0
574.0,0.0,11.0,46.0,1.0,0.0,0.0,390.0,52.0,0.0
833.0,1.0,19.0,65.0,1.0,0.0,0.0,566.0,100.0,0.0
566.0,0.0,7.0,47.0,2.0,0.0,0.0,358.0,75.0,0.0
849.0,1.0,19.0,64.0,1.0,0.0,0.0,589.0,89.0,0.0
902.0,1.0,19.0,77.0,4.0,0.0,0.0,601.0,114.0,0.0
657.0,1.0,7.0,43.0,1.0,0.0,0.0,420.0,97.0,0.0
573.0,0.0,11.0,45.0,1.0,0.0,0.0,384.0,56.0,0.0
643.0,1.0,11.0,46.0,1.0,0.0,0.0,436.0,61.0,0.0
643.0,1.0,11.0,47.0,1.0,0.0,0.0,437.0,62.0,0.0
622.0,0.0,11.0,51.0,1.0,0.0,0.0,422.0,64.0,0.0
510.0,0.0,6.0,33.0,1.0,0.0,0.0,344.0,50.0,0.0
875.0,1.0,19.0,73.0,4.0,0.0,0.0,590.0,102.0,0.0
810.0,1.0,19.0,61.0,1.0,0.0,0.0,552.0,95.0,0.0
597.0,0.0,9.0,47.0,2.0,0.0,0.0,404.0,61.0,0.0
812.0,1.0,19.0,64.0,1.0,0.0,0.0,549.0,98.0,0.0
733.0,0.0,19.0,61.0,1.0,0.0,0.0,497.0,85.0,0.0
497.0,0.0,6.0,32.0,1.0,0.0,0.0,333.0,49.0,0.0
499.0,0.0,6.0,33.0,1.0,0.0,0.0,335.0,48.0,0.0
829.0,1.0,19.0,67.0,1.0,0.0,0.0,563.0,98.0,0.0
522.0,0.0,6.0,34.0,1.0,0.0,0.0,334.0,70.0,0.0
645.0,1.0,11.0,45.0,1.0,0.0,0.0,442.0,59.0,0.0
562.0,0.0,11.0,44.0,1.0,0.0,0.0,381.0,54.0,0.0
645.0,0.0,11.0,64.0,2.0,0.0,0.0,400.0,95.0,0.0
537.0,0.0,6.0,35.0,1.0,0.0,0.0,352.0,65.0,0.0
633.0,1.0,11.0,43.0,1.0,0.0,0.0,432.0,62.0,0.0
504.0,0.0,6.0,33.0,1.0,0.0,0.0,331.0,54.0,0.0
827.0,0.0,19.0,64.0,1.0,0.0,0.0,571.0,90.0,0.0
779.0,0.0,19.0,66.0,1.0,0.0,0.0,525.0,97.0,0.0
506.0,0.0,6.0,34.0,1.0,0.0,0.0,337.0,51.0,0.0
646.0,1.0,7.0,50.0,2.0,0.0,0.0,414.0,83.0,0.0
628.0,1.0,11.0,43.0,1.0,0.0,0.0,434.0,54.0,0.0
841.0,0.0,19.0,62.0,1.0,0.0,0.0,580.0,93.0,0.0
588.0,0.0,11.0,45.0,1.0,0.0,0.0,397.0,59.0,0.0
666.0,1.0,7.0,43.0,1.0,0.0,0.0,465.0,59.0,0.0
795.0,0.0,19.0,75.0,2.0,0.0,0.0,515.0,113.0,0.0
712.0,1.0,11.0,55.0,1.0,0.0,0.0,481.0,80.0,0.0
708.0,1.0,11.0,57.0,4.0,0.0,0.0,472.0,72.0,0.0
606.0,1.0,9.0,39.0,2.0,0.0,0.0,423.0,48.0,0.0
601.0,0.0,9.0,47.0,2.0,0.0,0.0,401.0,68.0,0.0
649.0,1.0,11.0,48.0,1.0,0.0,0.0,434.0,67.0,0.0
568.0,0.0,11.0,43.0,1.0,0.0,0.0,397.0,45.0,0.0
748.0,0.0,19.0,61.0,1.0,0.0,0.0,501.0,95.0,0.0
638.0,0.0,11.0,44.0,1.0,0.0,0.0,435.0,61.0,0.0
747.0,0.0,19.0,63.0,1.0,0.0,0.0,506.0,86.0,0.0
1077.0,0.0,7.0,144.0,1.0,0.0,0.0,400.0,448.0,0.0
586.0,1.0,7.0,35.0,1.0,0.0,0.0,398.0,56.0,0.0
821.0,1.0,19.0,62.0,1.0,0.0,0.0,558.0,97.0,0.0
599.0,0.0,7.0,48.0,4.0,0.0,0.0,395.0,64.0,0.0
814.0,1.0,19.0,62.0,1.0,0.0,0.0,557.0,93.0,0.0
490.0,0.0,6.0,33.0,1.0,0.0,0.0,326.0,48.0,0.0
637.0,0.0,11.0,48.0,3.0,0.0,0.0,435.0,59.0,0.0
583.0,0.0,11.0,44.0,2.0,0.0,0.0,399.0,54.0,0.0
556.0,0.0,7.0,44.0,2.0,0.0,0.0,361.0,65.0,0.0
794.0,0.0,19.0,61.0,1.0,0.0,0.0,557.0,83.0,0.0
833.0,1.0,19.0,66.0,1.0,0.0,0.0,562.0,101.0,0.0
652.0,1.0,11.0,44.0,1.0,0.0,0.0,449.0,62.0,0.0
667.0,0.0,11.0,57.0,1.0,0.0,0.0,431.0,96.0,0.0
545.0,0.0,9.0,40.0,2.0,0.0,0.0,357.0,63.0,0.0
826.0,1.0,19.0,62.0,1.0,0.0,0.0,566.0,94.0,0.0
642.0,1.0,11.0,45.0,1.0,0.0,0.0,435.0,63.0,0.0
639.0,1.0,11.0,46.0,1.0,0.0,0.0,442.0,55.0,0.0
540.0,0.0,9.0,40.0,2.0,0.0,0.0,357.0,60.0,0.0
615.0,0.0,11.0,53.0,1.0,0.0,0.0,406.0,72.0,0.0
634.0,0.0,11.0,53.0,1.0,0.0,0.0,414.0,84.0,0.0
756.0,0.0,19.0,66.0,1.0,0.0,0.0,510.0,89.0,0.0
878.0,1.0,19.0,75.0,4.0,0.0,0.0,590.0,101.0,0.0
829.0,1.0,19.0,63.0,1.0,0.0,0.0,564.0,99.0,0.0
880.0,1.0,19.0,72.0,3.0,0.0,0.0,598.0,103.0,0.0
639.0,1.0,11.0,44.0,1.0,0.0,0.0,442.0,57.0,0.0
573.0,0.0,9.0,48.0,2.0,0.0,0.0,368.0,71.0,0.0
583.0,1.0,7.0,36.0,1.0,0.0,0.0,398.0,53.0,0.0
740.0,0.0,19.0,62.0,1.0,0.0,0.0,501.0,88.0,0.0
765.0,0.0,19.0,65.0,1.0,0.0,0.0,528.0,82.0,0.0
483.0,0.0,6.0,31.0,1.0,0.0,0.0,323.0,46.0,0.0
809.0,1.0,19.0,61.0,1.0,0.0,0.0,553.0,94.0,0.0
815.0,1.0,19.0,62.0,1.0,0.0,0.0,560.0,92.0,0.0
895.0,1.0,19.0,70.0,1.0,0.0,0.0,587.0,133.0,0.0
889.0,1.0,19.0,64.0,1.0,0.0,0.0,595.0,122.0,0.0
813.0,0.0,19.0,70.0,1.0,0.0,0.0,532.0,116.0,0.0
611.0,0.0,9.0,44.0,4.0,0.0,0.0,412.0,60.0,0.0
824.0,1.0,19.0,63.0,1.0,0.0,0.0,573.0,86.0,0.0
815.0,1.0,19.0,61.0,1.0,0.0,0.0,555.0,96.0,0.0
602.0,1.0,7.0,35.0,1.0,0.0,0.0,413.0,57.0,0.0
801.0,1.0,19.0,62.0,1.0,0.0,0.0,544.0,95.0,0.0
830.0,1.0,19.0,64.0,1.0,0.0,0.0,573.0,92.0,0.0
818.0,1.0,19.0,61.0,1.0,0.0,0.0,562.0,91.0,0.0
743.0,0.0,19.0,64.0,1.0,0.0,0.0,503.0,87.0,0.0
887.0,1.0,19.0,70.0,1.0,0.0,0.0,610.0,102.0,0.0
517.0,0.0,6.0,34.0,1.0,0.0,0.0,352.0,45.0,0.0
504.0,0.0,6.0,34.0,1.0,0.0,0.0,335.0,52.0,0.0
924.0,1.0,19.0,70.0,1.0,0.0,0.0,609.0,138.0,0.0
648.0,0.0,11.0,54.0,1.0,0.0,0.0,407.0,100.0,0.0
498.0,0.0,6.0,32.0,1.0,0.0,0.0,331.0,50.0,0.0
497.0,0.0,6.0,32.0,1.0,0.0,0.0,335.0,47.0,0.0
841.0,0.0,19.0,62.0,1.0,0.0,0.0,581.0,94.0,0.0
781.0,0.0,19.0,69.0,1.0,0.0,0.0,522.0,99.0,0.0
747.0,0.0,19.0,61.0,1.0,0.0,0.0,507.0,89.0,0.0
735.0,0.0,19.0,63.0,1.0,0.0,0.0,500.0,84.0,0.0
713.0,1.0,7.0,49.0,1.0,0.0,0.0,464.0,103.0,0.0
811.0,1.0,19.0,62.0,1.0,0.0,0.0,559.0,85.0,0.0
517.0,0.0,7.0,36.0,1.0,0.0,0.0,341.0,57.0,0.0
637.0,1.0,11.0,45.0,1.0,0.0,0.0,439.0,57.0,0.0
647.0,1.0,11.0,47.0,1.0,0.0,0.0,442.0,59.0,0.0
497.0,0.0,6.0,33.0,1.0,0.0,0.0,325.0,56.0,0.0
696.0,1.0,11.0,48.0,1.0,0.0,0.0,455.0,96.0,0.0
554.0,0.0,7.0,36.0,2.0,0.0,0.0,380.0,51.0,0.0
624.0,1.0,7.0,45.0,1.0,0.0,0.0,414.0,69.0,0.0
636.0,1.0,9.0,49.0,4.0,0.0,0.0,416.0,71.0,0.0
576.0,1.0,7.0,36.0,1.0,0.0,0.0,387.0,57.0,0.0
843.0,1.0,19.0,64.0,1.0,0.0,0.0,572.0,102.0,0.0
817.0,1.0,19.0,61.0,1.0,0.0,0.0,561.0,89.0,0.0
535.0,0.0,7.0,40.0,1.0,0.0,0.0,345.0,65.0,0.0
579.0,0.0,11.0,47.0,1.0,0.0,0.0,388.0,58.0,0.0
815.0,1.0,19.0,64.0,1.0,0.0,0.0,556.0,94.0,0.0
641.0,1.0,11.0,44.0,1.0,0.0,0.0,437.0,61.0,0.0
750.0,0.0,19.0,61.0,1.0,0.0,0.0,508.0,89.0,0.0
768.0,0.0,19.0,64.0,1.0,0.0,0.0,525.0,87.0,0.0
870.0,1.0,19.0,70.0,1.0,0.0,0.0,597.0,99.0,0.0
754.0,0.0,19.0,62.0,1.0,0.0,0.0,508.0,93.0,0.0
632.0,1.0,11.0,43.0,1.0,0.0,0.0,436.0,57.0,0.0
913.0,0.0,19.0,82.0,1.0,1.0,0.0,607.0,127.0,0.0
816.0,1.0,19.0,62.0,1.0,0.0,0.0,556.0,95.0,0.0
864.0,1.0,19.0,73.0,3.0,0.0,0.0,581.0,104.0,0.0
577.0,0.0,7.0,43.0,1.0,0.0,0.0,385.0,64.0,0.0
827.0,1.0,19.0,63.0,1.0,0.0,0.0,569.0,90.0,0.0
636.0,1.0,7.0,43.0,1.0,0.0,0.0,434.0,61.0,0.0
612.0,1.0,9.0,39.0,2.0,0.0,0.0,421.0,53.0,0.0
885.0,1.0,19.0,76.0,2.0,0.0,0.0,581.0,118.0,0.0
595.0,1.0,7.0,36.0,1.0,0.0,0.0,412.0,50.0,0.0
812.0,1.0,19.0,62.0,1.0,0.0,0.0,548.0,98.0,0.0
742.0,0.0,19.0,63.0,1.0,0.0,0.0,507.0,83.0,0.0
634.0,1.0,7.0,45.0,1.0,0.0,0.0,427.0,66.0,0.0
823.0,1.0,19.0,61.0,1.0,0.0,0.0,569.0,91.0,0.0
891.0,1.0,19.0,72.0,1.0,0.0,0.0,580.0,134.0,0.0
831.0,0.0,19.0,67.0,3.0,0.0,0.0,563.0,98.0,0.0
917.0,1.0,19.0,71.0,1.0,0.0,0.0,614.0,125.0,0.0
508.0,0.0,6.0,32.0,1.0,0.0,0.0,339.0,54.0,0.0
642.0,0.0,11.0,52.0,1.0,0.0,0.0,416.0,90.0,0.0
503.0,0.0,6.0,33.0,1.0,0.0,0.0,334.0,50.0,0.0
518.0,0.0,6.0,34.0,1.0,0.0,0.0,330.0,72.0,0.0
592.0,0.0,7.0,43.0,1.0,0.0,0.0,384.0,80.0,0.0
566.0,0.0,7.0,47.0,2.0,0.0,0.0,366.0,67.0,0.0
573.0,0.0,11.0,46.0,1.0,0.0,0.0,392.0,52.0,0.0
854.0,0.0,19.0,72.0,1.0,0.0,0.0,559.0,125.0,0.0
816.0,1.0,19.0,66.0,1.0,0.0,0.0,555.0,94.0,0.0
798.0,0.0,19.0,70.0,2.0,0.0,0.0,527.0,107.0,0.0
698.0,1.0,11.0,49.0,1.0,0.0,0.0,455.0,94.0,0.0
640.0,1.0,11.0,45.0,1.0,0.0,0.0,434.0,62.0,0.0
713.0,1.0,11.0,62.0,2.0,0.0,0.0,463.0,89.0,0.0
720.0,1.0,11.0,54.0,1.0,0.0,0.0,462.0,104.0,0.0
630.0,0.0,11.0,49.0,1.0,0.0,0.0,406.0,88.0,0.0
667.0,1.0,9.0,54.0,2.0,0.0,0.0,425.0,87.0,0.0
836.0,0.0,19.0,62.0,1.0,0.0,0.0,575.0,94.0,0.0
568.0,0.0,11.0,43.0,1.0,0.0,0.0,386.0,56.0,0.0
851.0,1.0,19.0,64.0,1.0,0.0,0.0,587.0,95.0,0.0
804.0,0.0,19.0,75.0,4.0,0.0,0.0,544.0,86.0,0.0
780.0,0.0,19.0,66.0,1.0,0.0,0.0,525.0,97.0,0.0
793.0,0.0,19.0,65.0,1.0,0.0,0.0,547.0,86.0,0.0
876.0,1.0,19.0,66.0,1.0,0.0,0.0,606.0,96.0,0.0
567.0,0.0,11.0,44.0,1.0,0.0,0.0,380.0,60.0,0.0
769.0,0.0,19.0,62.0,1.0,0.0,0.0,529.0,86.0,0.0
816.0,1.0,19.0,64.0,1.0,0.0,0.0,556.0,92.0,0.0
559.0,0.0,9.0,44.0,2.0,0.0,0.0,362.0,68.0,0.0
690.0,1.0,11.0,49.0,1.0,0.0,0.0,456.0,87.0,0.0
812.0,1.0,19.0,62.0,1.0,0.0,0.0,555.0,94.0,0.0
828.0,1.0,19.0,65.0,1.0,0.0,0.0,572.0,85.0,0.0
534.0,0.0,6.0,34.0,1.0,0.0,0.0,367.0,50.0,0.0
508.0,0.0,6.0,34.0,1.0,0.0,0.0,344.0,47.0,0.0
639.0,1.0,11.0,45.0,1.0,0.0,0.0,429.0,66.0,0.0
746.0,0.0,19.0,64.0,1.0,0.0,0.0,500.0,94.0,0.0
820.0,1.0,19.0,62.0,1.0,0.0,0.0,566.0,91.0,0.0
489.0,0.0,6.0,32.0,1.0,0.0,0.0,329.0,45.0,0.0
827.0,1.0,19.0,64.0,1.0,0.0,0.0,571.0,89.0,0.0
689.0,1.0,11.0,47.0,1.0,0.0,0.0,463.0,82.0,0.0
507.0,0.0,6.0,34.0,1.0,0.0,0.0,335.0,52.0,0.0
740.0,0.0,19.0,65.0,1.0,0.0,0.0,492.0,96.0,0.0
638.0,1.0,7.0,45.0,1.0,0.0,0.0,433.0,63.0,0.0
567.0,0.0,11.0,43.0,1.0,0.0,0.0,390.0,51.0,0.0
481.0,0.0,6.0,31.0,1.0,0.0,0.0,318.0,50.0,0.0
751.0,0.0,19.0,64.0,1.0,0.0,0.0,510.0,89.0,0.0
514.0,0.0,6.0,35.0,1.0,0.0,0.0,341.0,52.0,0.0
666.0,1.0,7.0,50.0,2.0,0.0,0.0,435.0,81.0,0.0
747.0,0.0,19.0,65.0,1.0,0.0,0.0,498.0,93.0,0.0
573.0,0.0,7.0,43.0,1.0,0.0,0.0,380.0,65.0,0.0
766.0,0.0,19.0,69.0,1.0,0.0,0.0,508.0,95.0,0.0
829.0,0.0,19.0,79.0,2.0,0.0,0.0,535.0,121.0,0.0
755.0,0.0,19.0,63.0,1.0,0.0,0.0,512.0,91.0,0.0
837.0,1.0,19.0,64.0,1.0,0.0,0.0,577.0,91.0,0.0
594.0,1.0,7.0,39.0,1.0,0.0,0.0,400.0,59.0,0.0
604.0,0.0,11.0,56.0,4.0,0.0,0.0,384.0,75.0,0.0
573.0,0.0,11.0,47.0,1.0,0.0,0.0,385.0,57.0,0.0
783.0,0.0,19.0,67.0,1.0,0.0,0.0,530.0,91.0,0.0
813.0,0.0,19.0,71.0,1.0,0.0,0.0,566.0,83.0,0.0
827.0,1.0,19.0,62.0,1.0,0.0,0.0,568.0,93.0,0.0
761.0,0.0,19.0,62.0,1.0,0.0,0.0,522.0,87.0,0.0
629.0,1.0,9.0,44.0,2.0,0.0,0.0,420.0,65.0,0.0
672.0,1.0,9.0,57.0,3.0,0.0,0.0,427.0,89.0,0.0
646.0,1.0,7.0,43.0,1.0,0.0,0.0,442.0,63.0,0.0
836.0,1.0,19.0,65.0,1.0,0.0,0.0,571.0,94.0,0.0
704.0,0.0,9.0,57.0,1.0,1.0,0.0,469.0,84.0,0.0
495.0,0.0,6.0,32.0,1.0,0.0,0.0,323.0,54.0,0.0
766.0,0.0,19.0,66.0,1.0,0.0,0.0,517.0,92.0,0.0
506.0,0.0,6.0,33.0,1.0,0.0,0.0,338.0,50.0,0.0
732.0,0.0,19.0,63.0,1.0,0.0,0.0,483.0,98.0,0.0
834.0,1.0,19.0,64.0,1.0,0.0,0.0,564.0,102.0,0.0
633.0,1.0,11.0,44.0,1.0,0.0,0.0,439.0,53.0,0.0
759.0,0.0,19.0,64.0,1.0,0.0,0.0,511.0,90.0,0.0
633.0,1.0,11.0,43.0,1.0,0.0,0.0,436.0,58.0,0.0
764.0,0.0,19.0,62.0,1.0,0.0,0.0,515.0,92.0,0.0
1407.0,1.0,19.0,171.0,1.0,0.0,0.0,644.0,485.0,0.0
739.0,0.0,19.0,62.0,1.0,0.0,0.0,498.0,89.0,0.0
645.0,1.0,11.0,46.0,1.0,0.0,0.0,435.0,68.0,0.0
495.0,0.0,6.0,33.0,1.0,0.0,0.0,335.0,45.0,0.0
538.0,0.0,7.0,36.0,1.0,0.0,0.0,365.0,53.0,0.0
817.0,1.0,19.0,63.0,1.0,0.0,0.0,562.0,91.0,0.0
673.0,0.0,11.0,57.0,1.0,0.0,0.0,431.0,102.0,0.0
881.0,1.0,19.0,73.0,4.0,0.0,0.0,591.0,108.0,0.0
609.0,0.0,11.0,52.0,3.0,0.0,0.0,408.0,61.0,0.0
718.0,1.0,11.0,64.0,2.0,0.0,0.0,462.0,93.0,0.0
803.0,0.0,19.0,73.0,2.0,0.0,0.0,533.0,102.0,0.0
506.0,0.0,6.0,33.0,1.0,0.0,0.0,341.0,47.0,0.0
565.0,0.0,11.0,43.0,1.0,0.0,0.0,379.0,60.0,0.0
765.0,0.0,19.0,62.0,1.0,0.0,0.0,518.0,90.0,0.0
636.0,1.0,11.0,44.0,1.0,0.0,0.0,429.0,64.0,0.0
729.0,1.0,11.0,67.0,2.0,0.0,0.0,459.0,101.0,0.0
603.0,1.0,7.0,35.0,1.0,0.0,0.0,417.0,54.0,0.0
754.0,0.0,19.0,65.0,1.0,0.0,0.0,507.0,92.0,0.0
755.0,0.0,19.0,63.0,1.0,0.0,0.0,515.0,84.0,0.0
806.0,1.0,19.0,61.0,1.0,0.0,0.0,550.0,94.0,0.0
573.0,0.0,11.0,46.0,1.0,0.0,0.0,387.0,56.0,0.0
602.0,1.0,7.0,39.0,1.0,0.0,0.0,411.0,55.0,0.0
831.0,1.0,19.0,64.0,1.0,0.0,0.0,573.0,89.0,0.0
646.0,0.0,11.0,51.0,3.0,0.0,0.0,431.0,66.0,0.0
815.0,1.0,19.0,62.0,1.0,0.0,0.0,555.0,94.0,0.0
827.0,1.0,19.0,65.0,1.0,0.0,0.0,563.0,96.0,0.0
542.0,0.0,9.0,40.0,2.0,0.0,0.0,356.0,63.0,0.0
643.0,1.0,7.0,40.0,1.0,0.0,0.0,417.0,89.0,0.0
662.0,1.0,7.0,43.0,1.0,0.0,0.0,446.0,75.0,0.0
573.0,0.0,11.0,46.0,1.0,0.0,0.0,385.0,56.0,0.0
818.0,1.0,19.0,61.0,1.0,0.0,0.0,561.0,93.0,0.0
579.0,0.0,7.0,48.0,4.0,0.0,0.0,369.0,71.0,0.0
638.0,1.0,11.0,44.0,1.0,0.0,0.0,447.0,51.0,0.0
568.0,0.0,11.0,43.0,1.0,0.0,0.0,386.0,54.0,0.0
857.0,1.0,19.0,66.0,1.0,0.0,0.0,583.0,100.0,0.0
648.0,1.0,11.0,48.0,1.0,0.0,0.0,441.0,61.0,0.0
583.0,0.0,9.0,51.0,5.0,0.0,0.0,371.0,74.0,0.0
732.0,0.0,19.0,60.0,1.0,0.0,0.0,492.0,92.0,0.0
765.0,0.0,19.0,63.0,1.0,0.0,0.0,523.0,85.0,0.0
771.0,0.0,19.0,63.0,1.0,0.0,0.0,520.0,93.0,0.0
715.0,1.0,11.0,64.0,2.0,0.0,0.0,456.0,96.0,0.0
672.0,1.0,11.0,53.0,2.0,0.0,0.0,439.0,79.0,0.0
619.0,1.0,9.0,44.0,2.0,0.0,0.0,409.0,68.0,0.0
813.0,1.0,19.0,61.0,1.0,0.0,0.0,562.0,89.0,0.0
852.0,1.0,19.0,62.0,1.0,0.0,0.0,595.0,87.0,0.0
528.0,0.0,6.0,36.0,1.0,0.0,0.0,356.0,50.0,0.0
520.0,0.0,6.0,34.0,1.0,0.0,0.0,348.0,51.0,0.0
654.0,1.0,11.0,48.0,1.0,0.0,0.0,442.0,66.0,0.0
633.0,0.0,11.0,43.0,1.0,0.0,0.0,443.0,51.0,0.0
845.0,1.0,19.0,65.0,1.0,0.0,0.0,575.0,97.0,0.0
641.0,1.0,11.0,45.0,1.0,0.0,0.0,434.0,63.0,0.0
781.0,0.0,19.0,64.0,1.0,0.0,0.0,537.0,88.0,0.0
767.0,0.0,19.0,66.0,1.0,0.0,0.0,510.0,100.0,0.0
797.0,0.0,19.0,64.0,1.0,0.0,0.0,551.0,86.0,0.0
823.0,0.0,19.0,70.0,1.0,0.0,0.0,548.0,115.0,0.0
750.0,0.0,19.0,64.0,1.0,0.0,0.0,497.0,98.0,0.0
656.0,1.0,7.0,47.0,2.0,0.0,0.0,440.0,69.0,0.0
754.0,0.0,19.0,61.0,1.0,0.0,0.0,508.0,94.0,0.0
642.0,1.0,7.0,43.0,1.0,0.0,0.0,439.0,62.0,0.0
647.0,1.0,11.0,46.0,1.0,0.0,0.0,438.0,67.0,0.0
812.0,1.0,19.0,62.0,1.0,0.0,0.0,561.0,89.0,0.0
822.0,1.0,19.0,62.0,1.0,0.0,0.0,561.0,95.0,0.0
774.0,0.0,19.0,65.0,1.0,0.0,0.0,527.0,88.0,0.0
767.0,0.0,19.0,61.0,1.0,0.0,0.0,527.0,83.0,0.0
765.0,0.0,19.0,66.0,1.0,0.0,0.0,522.0,88.0,0.0
808.0,1.0,11.0,62.0,1.0,1.0,0.0,553.0,85.0,0.0
778.0,0.0,19.0,73.0,4.0,0.0,0.0,510.0,105.0,0.0
781.0,0.0,19.0,65.0,1.0,0.0,0.0,539.0,87.0,0.0
830.0,1.0,19.0,64.0,1.0,0.0,0.0,559.0,103.0,0.0
636.0,1.0,11.0,44.0,1.0,0.0,0.0,440.0,55.0,0.0
632.0,1.0,11.0,43.0,1.0,0.0,0.0,431.0,62.0,0.0
641.0,1.0,11.0,45.0,1.0,0.0,0.0,442.0,55.0,0.0
767.0,0.0,19.0,63.0,1.0,0.0,0.0,520.0,93.0,0.0
570.0,0.0,11.0,44.0,1.0,0.0,0.0,386.0,53.0,0.0
564.0,0.0,11.0,43.0,1.0,0.0,0.0,387.0,51.0,0.0
485.0,0.0,6.0,32.0,1.0,0.0,0.0,317.0,53.0,0.0
494.0,0.0,6.0,32.0,1.0,0.0,0.0,328.0,50.0,0.0
581.0,0.0,11.0,48.0,1.0,0.0,0.0,380.0,66.0,0.0
761.0,0.0,19.0,63.0,1.0,0.0,0.0,523.0,86.0,0.0
897.0,1.0,19.0,70.0,1.0,0.0,0.0,593.0,129.0,0.0
824.0,1.0,19.0,64.0,1.0,0.0,0.0,561.0,92.0,0.0
569.0,0.0,11.0,44.0,1.0,0.0,0.0,390.0,52.0,0.0
642.0,1.0,11.0,44.0,1.0,0.0,0.0,446.0,56.0,0.0
764.0,0.0,19.0,66.0,1.0,0.0,0.0,510.0,95.0,0.0
638.0,1.0,11.0,44.0,1.0,0.0,0.0,448.0,50.0,0.0
655.0,1.0,9.0,48.0,3.0,0.0,0.0,435.0,71.0,0.0
586.0,0.0,7.0,44.0,3.0,0.0,0.0,398.0,55.0,0.0
737.0,0.0,19.0,63.0,1.0,0.0,0.0,494.0,88.0,0.0
830.0,1.0,19.0,64.0,1.0,0.0,0.0,568.0,93.0,0.0
863.0,1.0,19.0,64.0,1.0,0.0,0.0,591.0,100.0,0.0
573.0,0.0,11.0,46.0,1.0,0.0,0.0,383.0,58.0,0.0
806.0,0.0,19.0,74.0,2.0,0.0,0.0,543.0,95.0,0.0
835.0,0.0,19.0,69.0,1.0,0.0,0.0,550.0,124.0,0.0
652.0,1.0,7.0,43.0,1.0,0.0,0.0,425.0,86.0,0.0
683.0,1.0,11.0,56.0,4.0,0.0,0.0,449.0,75.0,0.0
1143.0,1.0,7.0,144.0,1.0,0.0,0.0,455.0,446.0,0.0
603.0,1.0,7.0,36.0,1.0,0.0,0.0,412.0,57.0,0.0
764.0,0.0,19.0,64.0,1.0,0.0,0.0,518.0,93.0,0.0
631.0,0.0,11.0,44.0,1.0,0.0,0.0,441.0,51.0,0.0
820.0,1.0,19.0,61.0,1.0,0.0,0.0,565.0,93.0,0.0
828.0,1.0,19.0,64.0,1.0,0.0,0.0,571.0,90.0,0.0
570.0,0.0,11.0,44.0,1.0,0.0,0.0,388.0,54.0,0.0
684.0,1.0,11.0,46.0,1.0,0.0,0.0,458.0,83.0,0.0
747.0,0.0,19.0,62.0,1.0,0.0,0.0,510.0,85.0,0.0
519.0,0.0,6.0,34.0,1.0,0.0,0.0,331.0,71.0,0.0
772.0,0.0,19.0,64.0,1.0,0.0,0.0,526.0,90.0,0.0
840.0,1.0,19.0,65.0,1.0,0.0,0.0,570.0,100.0,0.0
637.0,1.0,11.0,44.0,1.0,0.0,0.0,445.0,52.0,0.0
922.0,1.0,19.0,75.0,1.0,0.0,0.0,606.0,136.0,0.0
777.0,0.0,19.0,64.0,1.0,0.0,0.0,528.0,95.0,0.0
814.0,1.0,19.0,64.0,1.0,0.0,0.0,558.0,89.0,0.0
715.0,1.0,11.0,52.0,1.0,0.0,0.0,475.0,87.0,0.0
513.0,0.0,6.0,34.0,1.0,0.0,0.0,340.0,55.0,0.0
530.0,0.0,6.0,35.0,1.0,0.0,0.0,360.0,48.0,0.0
511.0,0.0,6.0,34.0,1.0,0.0,0.0,335.0,56.0,0.0
830.0,1.0,19.0,66.0,1.0,0.0,0.0,562.0,98.0,0.0
496.0,0.0,6.0,33.0,1.0,0.0,0.0,328.0,52.0,0.0
745.0,0.0,19.0,66.0,1.0,0.0,0.0,497.0,92.0,0.0
748.0,0.0,19.0,62.0,1.0,0.0,0.0,508.0,90.0,0.0
764.0,0.0,19.0,62.0,1.0,0.0,0.0,527.0,84.0,0.0
897.0,1.0,19.0,83.0,2.0,0.0,0.0,578.0,131.0,0.0
885.0,1.0,19.0,72.0,1.0,0.0,0.0,596.0,112.0,0.0
885.0,1.0,19.0,68.0,1.0,0.0,0.0,588.0,123.0,0.0
612.0,1.0,9.0,40.0,2.0,0.0,0.0,421.0,53.0,0.0
589.0,0.0,7.0,45.0,1.0,0.0,0.0,374.0,86.0,0.0
777.0,0.0,19.0,65.0,1.0,0.0,0.0,529.0,89.0,0.0
533.0,0.0,7.0,36.0,2.0,0.0,0.0,360.0,51.0,0.0
584.0,0.0,7.0,35.0,1.0,0.0,0.0,394.0,59.0,0.0
865.0,1.0,19.0,71.0,1.0,0.0,0.0,574.0,119.0,0.0
826.0,1.0,19.0,63.0,1.0,0.0,0.0,558.0,102.0,0.0
831.0,1.0,19.0,65.0,1.0,0.0,0.0,563.0,99.0,0.0
576.0,1.0,7.0,36.0,1.0,0.0,0.0,390.0,54.0,0.0
764.0,0.0,19.0,65.0,1.0,0.0,0.0,511.0,96.0,0.0
745.0,0.0,19.0,63.0,1.0,0.0,0.0,505.0,87.0,0.0
485.0,0.0,6.0,32.0,1.0,0.0,0.0,318.0,51.0,0.0
571.0,0.0,11.0,45.0,1.0,0.0,0.0,384.0,54.0,0.0
601.0,1.0,9.0,40.0,2.0,0.0,0.0,405.0,60.0,0.0
510.0,0.0,6.0,35.0,1.0,0.0,0.0,343.0,49.0,0.0
833.0,1.0,19.0,63.0,1.0,0.0,0.0,573.0,93.0,0.0
518.0,0.0,6.0,35.0,1.0,0.0,0.0,342.0,55.0,0.0
761.0,0.0,19.0,63.0,1.0,0.0,0.0,517.0,92.0,0.0
569.0,0.0,11.0,43.0,1.0,0.0,0.0,391.0,52.0,0.0
632.0,0.0,11.0,49.0,3.0,0.0,0.0,419.0,67.0,0.0
639.0,1.0,7.0,40.0,1.0,0.0,0.0,420.0,82.0,0.0
630.0,0.0,11.0,52.0,1.0,0.0,0.0,423.0,67.0,0.0
643.0,1.0,11.0,45.0,1.0,0.0,0.0,446.0,55.0,0.0
769.0,0.0,19.0,63.0,1.0,0.0,0.0,526.0,90.0,0.0
911.0,1.0,19.0,74.0,1.0,0.0,0.0,593.0,139.0,0.0
818.0,1.0,19.0,61.0,1.0,0.0,0.0,556.0,96.0,0.0
664.0,1.0,9.0,48.0,4.0,0.0,0.0,443.0,70.0,0.0
586.0,1.0,7.0,36.0,1.0,0.0,0.0,396.0,58.0,0.0
603.0,1.0,7.0,35.0,1.0,0.0,0.0,411.0,60.0,0.0
776.0,0.0,19.0,64.0,1.0,0.0,0.0,527.0,93.0,0.0
526.0,0.0,6.0,34.0,1.0,0.0,0.0,340.0,68.0,0.0
639.0,1.0,11.0,43.0,1.0,0.0,0.0,448.0,52.0,0.0
492.0,0.0,6.0,32.0,1.0,0.0,0.0,332.0,45.0,0.0
573.0,0.0,7.0,50.0,2.0,0.0,0.0,361.0,76.0,0.0
646.0,1.0,11.0,47.0,1.0,0.0,0.0,439.0,61.0,0.0
870.0,1.0,19.0,71.0,3.0,0.0,0.0,589.0,102.0,0.0
867.0,1.0,19.0,71.0,1.0,0.0,0.0,592.0,103.0,0.0
922.0,1.0,19.0,83.0,2.0,0.0,0.0,601.0,130.0,0.0
559.0,0.0,11.0,43.0,1.0,0.0,0.0,380.0,53.0,0.0
751.0,0.0,19.0,66.0,1.0,0.0,0.0,502.0,94.0,0.0
812.0,0.0,19.0,68.0,1.0,0.0,0.0,540.0,115.0,0.0
509.0,0.0,6.0,33.0,1.0,0.0,0.0,336.0,54.0,0.0
571.0,0.0,11.0,45.0,1.0,0.0,0.0,386.0,57.0,0.0
491.0,0.0,6.0,32.0,1.0,0.0,0.0,320.0,55.0,0.0
508.0,0.0,7.0,36.0,1.0,0.0,0.0,332.0,57.0,0.0
647.0,1.0,11.0,47.0,1.0,0.0,0.0,437.0,64.0,0.0
1200.0,1.0,11.0,153.0,1.0,0.0,0.0,501.0,448.0,0.0
820.0,1.0,19.0,61.0,1.0,0.0,0.0,560.0,96.0,0.0
841.0,1.0,19.0,64.0,1.0,0.0,0.0,577.0,97.0,0.0
529.0,0.0,6.0,34.0,1.0,0.0,0.0,360.0,48.0,0.0
764.0,0.0,19.0,64.0,1.0,0.0,0.0,511.0,99.0,0.0
736.0,0.0,19.0,63.0,1.0,0.0,0.0,494.0,93.0,0.0
631.0,0.0,11.0,43.0,1.0,0.0,0.0,438.0,55.0,0.0
556.0,0.0,7.0,44.0,3.0,0.0,0.0,361.0,63.0,0.0
517.0,0.0,7.0,36.0,1.0,0.0,0.0,340.0,58.0,0.0
828.0,1.0,19.0,65.0,1.0,0.0,0.0,562.0,100.0,0.0
817.0,0.0,19.0,70.0,1.0,0.0,0.0,543.0,110.0,0.0
641.0,1.0,11.0,44.0,1.0,0.0,0.0,435.0,64.0,0.0
538.0,0.0,7.0,36.0,1.0,0.0,0.0,367.0,51.0,0.0
633.0,1.0,11.0,44.0,1.0,0.0,0.0,441.0,52.0,0.0
613.0,0.0,9.0,60.0,2.0,0.0,0.0,373.0,94.0,0.0
547.0,0.0,7.0,44.0,2.0,0.0,0.0,349.0,68.0,0.0
779.0,0.0,19.0,69.0,1.0,0.0,0.0,532.0,88.0,0.0
823.0,1.0,19.0,64.0,1.0,0.0,0.0,554.0,103.0,0.0
557.0,0.0,7.0,47.0,2.0,0.0,0.0,358.0,66.0,0.0
779.0,0.0,19.0,65.0,1.0,0.0,0.0,532.0,90.0,0.0
543.0,0.0,9.0,39.0,2.0,0.0,0.0,366.0,53.0,0.0
635.0,1.0,11.0,43.0,1.0,0.0,0.0,440.0,56.0,0.0
838.0,1.0,19.0,61.0,1.0,0.0,0.0,584.0,90.0,0.0
831.0,1.0,19.0,62.0,1.0,0.0,0.0,576.0,90.0,0.0
523.0,0.0,6.0,34.0,1.0,0.0,0.0,339.0,66.0,0.0
739.0,0.0,19.0,62.0,1.0,0.0,0.0,507.0,81.0,0.0
650.0,1.0,7.0,43.0,1.0,0.0,0.0,445.0,63.0,0.0
605.0,0.0,9.0,49.0,1.0,0.0,0.0,382.0,89.0,0.0
636.0,1.0,11.0,44.0,1.0,0.0,0.0,433.0,60.0,0.0
584.0,0.0,11.0,48.0,1.0,0.0,0.0,383.0,67.0,0.0
577.0,0.0,11.0,47.0,1.0,0.0,0.0,379.0,65.0,0.0
473.0,0.0,6.0,30.0,1.0,0.0,0.0,313.0,47.0,0.0
587.0,1.0,7.0,35.0,1.0,0.0,0.0,397.0,58.0,0.0
849.0,1.0,19.0,73.0,2.0,0.0,0.0,559.0,112.0,0.0
828.0,1.0,19.0,61.0,1.0,0.0,0.0,572.0,91.0,0.0
855.0,1.0,19.0,66.0,1.0,0.0,0.0,590.0,94.0,0.0
1391.0,1.0,19.0,171.0,1.0,0.0,0.0,626.0,488.0,0.0
578.0,0.0,11.0,47.0,1.0,0.0,0.0,378.0,67.0,0.0
620.0,1.0,9.0,44.0,1.0,0.0,0.0,407.0,71.0,0.0
941.0,1.0,19.0,87.0,2.0,0.0,0.0,610.0,136.0,0.0
634.0,1.0,11.0,44.0,1.0,0.0,0.0,434.0,60.0,0.0
759.0,0.0,19.0,63.0,1.0,0.0,0.0,515.0,91.0,0.0
635.0,1.0,11.0,45.0,1.0,0.0,0.0,433.0,58.0,0.0
917.0,0.0,19.0,78.0,1.0,1.0,0.0,615.0,124.0,0.0
579.0,0.0,9.0,47.0,3.0,0.0,0.0,383.0,61.0,0.0
840.0,1.0,19.0,62.0,1.0,0.0,0.0,580.0,93.0,0.0
519.0,0.0,6.0,34.0,1.0,0.0,0.0,336.0,65.0,0.0
868.0,1.0,19.0,70.0,2.0,0.0,0.0,577.0,114.0,0.0
583.0,1.0,7.0,36.0,1.0,0.0,0.0,399.0,52.0,0.0
482.0,0.0,6.0,32.0,1.0,0.0,0.0,322.0,45.0,0.0
632.0,1.0,11.0,43.0,1.0,0.0,0.0,435.0,58.0,0.0
533.0,0.0,6.0,35.0,1.0,0.0,0.0,341.0,73.0,0.0
495.0,0.0,6.0,32.0,1.0,0.0,0.0,330.0,47.0,0.0
583.0,0.0,9.0,47.0,3.0,0.0,0.0,383.0,65.0,0.0
927.0,1.0,19.0,72.0,1.0,0.0,0.0,614.0,135.0,0.0
841.0,1.0,19.0,64.0,1.0,0.0,0.0,581.0,93.0,0.0
576.0,0.0,7.0,50.0,2.0,0.0,0.0,365.0,75.0,0.0
632.0,1.0,11.0,43.0,1.0,0.0,0.0,441.0,52.0,0.0
769.0,0.0,19.0,62.0,1.0,0.0,0.0,525.0,91.0,0.0
818.0,1.0,19.0,66.0,1.0,0.0,0.0,555.0,95.0,0.0
837.0,1.0,19.0,65.0,1.0,0.0,0.0,577.0,92.0,0.0
482.0,0.0,6.0,31.0,1.0,0.0,0.0,320.0,48.0,0.0
504.0,0.0,6.0,34.0,1.0,0.0,0.0,340.0,46.0,0.0
491.0,0.0,6.0,31.0,1.0,0.0,0.0,324.0,50.0,0.0
762.0,0.0,19.0,68.0,1.0,0.0,0.0,510.0,95.0,0.0
642.0,1.0,11.0,44.0,1.0,0.0,0.0,436.0,63.0,0.0
825.0,1.0,19.0,64.0,1.0,0.0,0.0,560.0,99.0,0.0
844.0,1.0,19.0,67.0,1.0,0.0,0.0,579.0,92.0,0.0
825.0,1.0,19.0,62.0,1.0,0.0,0.0,567.0,92.0,0.0
624.0,1.0,7.0,47.0,4.0,0.0,0.0,411.0,66.0,0.0
774.0,0.0,19.0,64.0,1.0,0.0,0.0,526.0,92.0,0.0
697.0,1.0,11.0,56.0,4.0,0.0,0.0,467.0,69.0,0.0
829.0,1.0,19.0,62.0,1.0,0.0,0.0,569.0,95.0,0.0
748.0,0.0,19.0,65.0,1.0,0.0,0.0,501.0,91.0,0.0
759.0,0.0,19.0,64.0,1.0,0.0,0.0,501.0,102.0,0.0
809.0,1.0,19.0,63.0,1.0,0.0,0.0,551.0,95.0,0.0
574.0,0.0,9.0,51.0,5.0,0.0,0.0,364.0,72.0,0.0
504.0,0.0,6.0,32.0,1.0,0.0,0.0,320.0,69.0,0.0
883.0,1.0,19.0,71.0,1.0,0.0,0.0,627.0,79.0,0.0
844.0,1.0,19.0,65.0,1.0,0.0,0.0,587.0,90.0,0.0
517.0,0.0,6.0,35.0,1.0,0.0,0.0,344.0,52.0,0.0
819.0,1.0,19.0,62.0,1.0,0.0,0.0,566.0,89.0,0.0
769.0,0.0,19.0,63.0,1.0,0.0,0.0,523.0,93.0,0.0
621.0,0.0,11.0,47.0,1.0,0.0,0.0,407.0,83.0,0.0
832.0,1.0,19.0,63.0,1.0,0.0,0.0,580.0,85.0,0.0
771.0,0.0,19.0,62.0,1.0,0.0,0.0,535.0,80.0,0.0
612.0,0.0,11.0,52.0,2.0,0.0,0.0,400.0,71.0,0.0
569.0,0.0,11.0,44.0,1.0,0.0,0.0,391.0,51.0,0.0
643.0,1.0,11.0,45.0,1.0,0.0,0.0,446.0,53.0,0.0
571.0,0.0,11.0,45.0,1.0,0.0,0.0,390.0,53.0,0.0
750.0,0.0,19.0,63.0,1.0,0.0,0.0,507.0,92.0,0.0
813.0,1.0,19.0,61.0,1.0,0.0,0.0,561.0,90.0,0.0
771.0,0.0,19.0,64.0,1.0,0.0,0.0,526.0,88.0,0.0
662.0,1.0,11.0,45.0,2.0,0.0,0.0,453.0,62.0,0.0
611.0,1.0,9.0,39.0,2.0,0.0,0.0,418.0,56.0,0.0
644.0,1.0,7.0,48.0,4.0,0.0,0.0,424.0,68.0,0.0
631.0,0.0,11.0,57.0,4.0,0.0,0.0,409.0,71.0,0.0
906.0,1.0,19.0,73.0,1.0,0.0,0.0,608.0,121.0,0.0
582.0,1.0,7.0,35.0,1.0,0.0,0.0,403.0,48.0,0.0
847.0,1.0,19.0,65.0,1.0,0.0,0.0,584.0,94.0,0.0
509.0,0.0,6.0,34.0,1.0,0.0,0.0,345.0,47.0,0.0
533.0,0.0,9.0,40.0,2.0,0.0,0.0,347.0,63.0,0.0
836.0,1.0,19.0,66.0,1.0,0.0,0.0,573.0,94.0,0.0
666.0,1.0,7.0,43.0,1.0,0.0,0.0,461.0,63.0,0.0
1391.0,1.0,19.0,172.0,1.0,0.0,0.0,629.0,487.0,0.0
557.0,0.0,7.0,47.0,2.0,0.0,0.0,353.0,71.0,0.0
770.0,0.0,19.0,62.0,1.0,0.0,0.0,534.0,84.0,0.0
566.0,0.0,11.0,45.0,1.0,0.0,0.0,382.0,56.0,0.0
712.0,1.0,11.0,54.0,1.0,0.0,0.0,467.0,92.0,0.0
641.0,1.0,11.0,45.0,1.0,0.0,0.0,437.0,58.0,0.0
512.0,0.0,7.0,36.0,1.0,0.0,0.0,338.0,55.0,0.0
783.0,0.0,19.0,63.0,1.0,0.0,0.0,535.0,93.0,0.0
644.0,1.0,11.0,46.0,1.0,0.0,0.0,437.0,61.0,0.0
809.0,1.0,19.0,61.0,1.0,0.0,0.0,558.0,88.0,0.0
628.0,1.0,7.0,39.0,1.0,0.0,0.0,412.0,80.0,0.0
800.0,1.0,19.0,63.0,1.0,0.0,0.0,548.0,89.0,0.0
818.0,1.0,19.0,63.0,1.0,0.0,0.0,559.0,93.0,0.0
727.0,0.0,19.0,61.0,1.0,0.0,0.0,491.0,87.0,0.0
820.0,1.0,19.0,62.0,1.0,0.0,0.0,562.0,93.0,0.0
631.0,1.0,9.0,40.0,3.0,0.0,0.0,434.0,56.0,0.0
818.0,1.0,19.0,63.0,1.0,0.0,0.0,554.0,98.0,0.0
716.0,1.0,11.0,51.0,1.0,0.0,0.0,482.0,85.0,0.0
1076.0,0.0,7.0,144.0,1.0,0.0,0.0,407.0,440.0,0.0
540.0,0.0,9.0,40.0,2.0,0.0,0.0,367.0,50.0,0.0
800.0,1.0,19.0,61.0,1.0,0.0,0.0,546.0,91.0,0.0
771.0,0.0,19.0,64.0,1.0,0.0,0.0,529.0,85.0,0.0
751.0,0.0,19.0,63.0,1.0,0.0,0.0,506.0,90.0,0.0
562.0,0.0,11.0,44.0,1.0,0.0,0.0,385.0,50.0,0.0
522.0,0.0,6.0,34.0,1.0,0.0,0.0,349.0,52.0,0.0
618.0,0.0,11.0,54.0,1.0,0.0,0.0,408.0,70.0,0.0
760.0,0.0,19.0,65.0,1.0,0.0,0.0,515.0,89.0,0.0
802.0,1.0,19.0,61.0,1.0,0.0,0.0,555.0,85.0,0.0
804.0,0.0,19.0,71.0,1.0,0.0,0.0,514.0,131.0,0.0
562.0,0.0,11.0,43.0,1.0,0.0,0.0,394.0,42.0,0.0
802.0,1.0,19.0,64.0,1.0,0.0,0.0,556.0,81.0,0.0
1067.0,0.0,7.0,144.0,1.0,0.0,0.0,392.0,446.0,0.0
572.0,0.0,11.0,46.0,1.0,0.0,0.0,383.0,60.0,0.0
503.0,0.0,6.0,33.0,1.0,0.0,0.0,335.0,52.0,0.0
522.0,0.0,6.0,34.0,1.0,0.0,0.0,354.0,47.0,0.0
634.0,1.0,7.0,44.0,3.0,0.0,0.0,424.0,65.0,0.0
565.0,0.0,11.0,44.0,1.0,0.0,0.0,388.0,50.0,0.0
760.0,0.0,19.0,64.0,1.0,0.0,0.0,511.0,97.0,0.0
502.0,0.0,6.0,34.0,1.0,0.0,0.0,333.0,51.0,0.0
566.0,0.0,11.0,44.0,1.0,0.0,0.0,385.0,54.0,0.0
582.0,0.0,11.0,48.0,1.0,0.0,0.0,382.0,65.0,0.0
646.0,0.0,11.0,52.0,1.0,0.0,0.0,422.0,84.0,0.0
749.0,0.0,19.0,61.0,1.0,0.0,0.0,509.0,89.0,0.0
835.0,1.0,19.0,63.0,1.0,0.0,0.0,579.0,88.0,0.0
581.0,0.0,9.0,49.0,1.0,0.0,0.0,378.0,71.0,0.0
492.0,0.0,6.0,32.0,1.0,0.0,0.0,324.0,51.0,0.0
501.0,0.0,6.0,33.0,1.0,0.0,0.0,337.0,48.0,0.0
811.0,1.0,19.0,62.0,1.0,0.0,0.0,555.0,92.0,0.0
709.0,1.0,11.0,48.0,3.0,0.0,0.0,488.0,63.0,0.0
643.0,1.0,7.0,40.0,1.0,0.0,0.0,428.0,78.0,0.0
733.0,0.0,19.0,62.0,1.0,0.0,0.0,496.0,88.0,0.0
577.0,0.0,11.0,47.0,1.0,0.0,0.0,386.0,58.0,0.0
763.0,0.0,19.0,63.0,1.0,0.0,0.0,524.0,86.0,0.0
562.0,0.0,11.0,44.0,1.0,0.0,0.0,378.0,57.0,0.0
513.0,0.0,6.0,34.0,1.0,0.0,0.0,343.0,49.0,0.0
712.0,1.0,11.0,62.0,2.0,0.0,0.0,456.0,92.0,0.0
529.0,0.0,6.0,34.0,1.0,0.0,0.0,354.0,54.0,0.0
597.0,0.0,7.0,50.0,2.0,0.0,0.0,384.0,76.0,0.0
498.0,0.0,6.0,33.0,1.0,0.0,0.0,330.0,51.0,0.0
822.0,1.0,19.0,63.0,1.0,0.0,0.0,569.0,88.0,0.0
635.0,1.0,7.0,44.0,3.0,0.0,0.0,427.0,63.0,0.0
521.0,0.0,6.0,34.0,1.0,0.0,0.0,347.0,53.0,0.0
491.0,0.0,6.0,31.0,1.0,0.0,0.0,327.0,47.0,0.0
768.0,0.0,19.0,62.0,1.0,0.0,0.0,528.0,87.0,0.0
882.0,1.0,19.0,68.0,1.0,0.0,0.0,582.0,127.0,0.0
831.0,1.0,19.0,62.0,1.0,0.0,0.0,568.0,95.0,0.0
737.0,0.0,19.0,62.0,1.0,0.0,0.0,492.0,94.0,0.0
585.0,1.0,7.0,36.0,1.0,0.0,0.0,392.0,61.0,0.0
839.0,0.0,19.0,69.0,1.0,0.0,0.0,558.0,118.0,0.0
633.0,1.0,7.0,45.0,1.0,0.0,0.0,426.0,66.0,0.0
551.0,0.0,9.0,44.0,1.0,0.0,0.0,359.0,63.0,0.0
696.0,1.0,11.0,58.0,2.0,0.0,0.0,449.0,90.0,0.0
564.0,0.0,9.0,44.0,2.0,0.0,0.0,368.0,65.0,0.0
812.0,1.0,19.0,66.0,1.0,0.0,0.0,555.0,90.0,0.0
526.0,0.0,6.0,35.0,1.0,0.0,0.0,354.0,51.0,0.0
831.0,1.0,19.0,66.0,1.0,0.0,0.0,566.0,97.0,0.0
490.0,0.0,6.0,32.0,1.0,0.0,0.0,321.0,52.0,0.0
921.0,1.0,19.0,69.0,3.0,0.0,0.0,626.0,108.0,0.0
567.0,0.0,11.0,44.0,1.0,0.0,0.0,390.0,49.0,0.0
747.0,0.0,19.0,62.0,1.0,0.0,0.0,505.0,91.0,0.0
756.0,0.0,19.0,61.0,1.0,0.0,0.0,519.0,86.0,0.0
534.0,0.0,7.0,36.0,2.0,0.0,0.0,357.0,55.0,0.0
739.0,0.0,19.0,60.0,1.0,0.0,0.0,508.0,82.0,0.0
829.0,1.0,19.0,61.0,1.0,0.0,0.0,572.0,91.0,0.0
690.0,1.0,11.0,48.0,1.0,0.0,0.0,457.0,88.0,0.0
816.0,0.0,19.0,74.0,3.0,0.0,0.0,547.0,101.0,0.0
494.0,0.0,6.0,32.0,1.0,0.0,0.0,326.0,52.0,0.0
840.0,1.0,19.0,63.0,1.0,0.0,0.0,577.0,96.0,0.0
495.0,0.0,6.0,33.0,1.0,0.0,0.0,338.0,41.0,0.0
533.0,0.0,9.0,40.0,2.0,0.0,0.0,349.0,61.0,0.0
646.0,1.0,7.0,43.0,1.0,0.0,0.0,436.0,69.0,0.0
758.0,0.0,19.0,60.0,1.0,0.0,0.0,522.0,83.0,0.0
499.0,0.0,6.0,33.0,1.0,0.0,0.0,331.0,50.0,0.0
658.0,1.0,7.0,43.0,1.0,0.0,0.0,424.0,94.0,0.0
550.0,0.0,9.0,44.0,2.0,0.0,0.0,354.0,67.0,0.0
751.0,0.0,19.0,62.0,1.0,0.0,0.0,521.0,79.0,0.0
575.0,0.0,11.0,46.0,1.0,0.0,0.0,387.0,59.0,0.0
843.0,1.0,19.0,61.0,1.0,0.0,0.0,583.0,89.0,0.0
639.0,1.0,11.0,45.0,1.0,0.0,0.0,440.0,58.0,0.0
861.0,1.0,19.0,67.0,1.0,0.0,0.0,596.0,91.0,0.0
566.0,0.0,11.0,43.0,1.0,0.0,0.0,387.0,53.0,0.0
570.0,0.0,11.0,45.0,1.0,0.0,0.0,391.0,48.0,0.0
822.0,1.0,19.0,62.0,1.0,0.0,0.0,560.0,95.0,0.0
752.0,0.0,19.0,64.0,1.0,0.0,0.0,506.0,93.0,0.0
608.0,1.0,9.0,40.0,2.0,0.0,0.0,414.0,58.0,0.0
685.0,1.0,11.0,54.0,2.0,0.0,0.0,458.0,71.0,0.0
572.0,0.0,9.0,48.0,3.0,0.0,0.0,364.0,74.0,0.0
805.0,1.0,19.0,62.0,1.0,0.0,0.0,553.0,88.0,0.0
819.0,0.0,19.0,68.0,1.0,0.0,0.0,539.0,117.0,0.0
561.0,0.0,11.0,43.0,1.0,0.0,0.0,379.0,55.0,0.0
757.0,0.0,19.0,63.0,1.0,0.0,0.0,518.0,85.0,0.0
573.0,0.0,11.0,46.0,1.0,0.0,0.0,384.0,60.0,0.0
566.0,0.0,11.0,44.0,1.0,0.0,0.0,376.0,63.0,0.0
693.0,1.0,11.0,47.0,1.0,0.0,0.0,463.0,86.0,0.0
575.0,0.0,11.0,46.0,1.0,0.0,0.0,381.0,61.0,0.0
587.0,0.0,7.0,56.0,2.0,0.0,0.0,350.0,95.0,0.0
643.0,0.0,11.0,61.0,2.0,0.0,0.0,411.0,85.0,0.0
567.0,0.0,11.0,44.0,1.0,0.0,0.0,386.0,53.0,0.0
812.0,1.0,19.0,65.0,1.0,0.0,0.0,550.0,97.0,0.0
839.0,1.0,19.0,62.0,1.0,0.0,0.0,574.0,96.0,0.0
570.0,0.0,11.0,47.0,1.0,0.0,0.0,385.0,55.0,0.0
560.0,0.0,11.0,43.0,1.0,0.0,0.0,377.0,57.0,0.0
538.0,0.0,7.0,36.0,2.0,0.0,0.0,361.0,54.0,0.0
517.0,0.0,6.0,34.0,1.0,0.0,0.0,341.0,55.0,0.0
801.0,1.0,19.0,61.0,1.0,0.0,0.0,545.0,93.0,0.0
765.0,0.0,19.0,64.0,1.0,0.0,0.0,515.0,96.0,0.0
835.0,1.0,19.0,64.0,1.0,0.0,0.0,572.0,95.0,0.0
542.0,0.0,9.0,40.0,2.0,0.0,0.0,363.0,55.0,0.0
678.0,1.0,9.0,52.0,5.0,0.0,0.0,450.0,70.0,0.0
809.0,1.0,19.0,63.0,1.0,0.0,0.0,552.0,92.0,0.0
765.0,0.0,19.0,64.0,1.0,0.0,0.0,517.0,94.0,0.0
820.0,1.0,19.0,64.0,1.0,0.0,0.0,559.0,92.0,0.0
513.0,0.0,6.0,33.0,1.0,0.0,0.0,334.0,63.0,0.0
636.0,0.0,11.0,54.0,1.0,0.0,0.0,421.0,73.0,0.0
839.0,1.0,19.0,65.0,1.0,0.0,0.0,575.0,92.0,0.0
507.0,0.0,6.0,33.0,1.0,0.0,0.0,339.0,50.0,0.0
662.0,1.0,7.0,43.0,1.0,0.0,0.0,440.0,81.0,0.0
773.0,0.0,19.0,60.0,1.0,0.0,0.0,522.0,96.0,0.0
764.0,0.0,19.0,63.0,1.0,0.0,0.0,523.0,88.0,0.0
632.0,0.0,11.0,57.0,4.0,0.0,0.0,417.0,67.0,0.0
626.0,1.0,7.0,47.0,2.0,0.0,0.0,407.0,73.0,0.0
500.0,0.0,6.0,31.0,1.0,0.0,0.0,321.0,64.0,0.0
586.0,1.0,7.0,36.0,1.0,0.0,0.0,393.0,61.0,0.0
753.0,0.0,19.0,64.0,1.0,0.0,0.0,508.0,92.0,0.0
782.0,0.0,19.0,67.0,1.0,0.0,0.0,513.0,112.0,0.0
760.0,0.0,19.0,62.0,1.0,0.0,0.0,515.0,92.0,0.0
513.0,0.0,6.0,34.0,1.0,0.0,0.0,347.0,48.0,0.0
771.0,0.0,19.0,69.0,2.0,0.0,0.0,513.0,99.0,0.0
574.0,0.0,11.0,46.0,1.0,0.0,0.0,379.0,63.0,0.0
832.0,0.0,19.0,75.0,1.0,0.0,0.0,561.0,102.0,0.0
784.0,0.0,19.0,64.0,2.0,0.0,0.0,533.0,92.0,0.0
562.0,0.0,11.0,43.0,1.0,0.0,0.0,384.0,52.0,0.0
849.0,1.0,19.0,64.0,1.0,0.0,0.0,589.0,91.0,0.0
513.0,0.0,6.0,34.0,1.0,0.0,0.0,344.0,52.0,0.0
561.0,0.0,7.0,45.0,1.0,0.0,0.0,365.0,68.0,0.0
821.0,1.0,19.0,62.0,1.0,0.0,0.0,561.0,96.0,0.0
580.0,0.0,11.0,48.0,1.0,0.0,0.0,378.0,67.0,0.0
647.0,1.0,11.0,47.0,1.0,0.0,0.0,431.0,70.0,0.0
574.0,0.0,11.0,45.0,1.0,0.0,0.0,383.0,60.0,0.0
885.0,1.0,19.0,84.0,2.0,0.0,0.0,569.0,127.0,0.0
513.0,0.0,7.0,35.0,1.0,0.0,0.0,352.0,42.0,0.0
574.0,0.0,7.0,43.0,2.0,0.0,0.0,379.0,65.0,0.0
739.0,0.0,19.0,64.0,1.0,0.0,0.0,493.0,91.0,0.0
609.0,1.0,9.0,40.0,2.0,0.0,0.0,422.0,51.0,0.0
813.0,1.0,19.0,63.0,1.0,0.0,0.0,562.0,85.0,0.0
823.0,1.0,19.0,61.0,1.0,0.0,0.0,559.0,100.0,0.0
824.0,1.0,19.0,62.0,1.0,0.0,0.0,573.0,86.0,0.0
750.0,0.0,19.0,61.0,1.0,0.0,0.0,512.0,87.0,0.0
506.0,0.0,6.0,33.0,1.0,0.0,0.0,340.0,49.0,0.0
517.0,0.0,7.0,36.0,1.0,0.0,0.0,344.0,54.0,0.0
609.0,0.0,11.0,52.0,2.0,0.0,0.0,404.0,67.0,0.0
822.0,1.0,19.0,62.0,1.0,0.0,0.0,565.0,91.0,0.0
637.0,1.0,11.0,43.0,1.0,0.0,0.0,443.0,54.0,0.0
893.0,1.0,19.0,68.0,3.0,0.0,0.0,605.0,104.0,0.0
584.0,0.0,7.0,45.0,1.0,0.0,0.0,372.0,84.0,0.0
808.0,1.0,19.0,63.0,1.0,0.0,0.0,554.0,88.0,0.0
646.0,1.0,11.0,46.0,1.0,0.0,0.0,446.0,58.0,0.0
795.0,0.0,19.0,74.0,2.0,0.0,0.0,522.0,108.0,0.0
829.0,1.0,19.0,64.0,1.0,0.0,0.0,563.0,97.0,0.0
770.0,0.0,19.0,62.0,1.0,0.0,0.0,525.0,90.0,0.0
743.0,0.0,19.0,62.0,1.0,0.0,0.0,504.0,87.0,0.0
648.0,1.0,7.0,43.0,1.0,0.0,0.0,413.0,95.0,0.0
746.0,0.0,19.0,62.0,1.0,0.0,0.0,512.0,82.0,0.0
757.0,0.0,19.0,64.0,2.0,0.0,0.0,503.0,96.0,0.0
629.0,1.0,11.0,43.0,1.0,0.0,0.0,431.0,59.0,0.0
689.0,1.0,11.0,48.0,1.0,0.0,0.0,461.0,83.0,0.0
821.0,0.0,19.0,76.0,4.0,0.0,0.0,547.0,98.0,0.0
660.0,1.0,11.0,48.0,1.0,0.0,0.0,438.0,76.0,0.0
505.0,0.0,6.0,33.0,1.0,0.0,0.0,340.0,48.0,0.0
759.0,0.0,19.0,64.0,1.0,0.0,0.0,509.0,97.0,0.0
589.0,0.0,11.0,47.0,1.0,0.0,0.0,397.0,58.0,0.0
824.0,1.0,19.0,66.0,1.0,0.0,0.0,558.0,98.0,0.0
817.0,1.0,19.0,64.0,1.0,0.0,0.0,563.0,89.0,0.0
572.0,0.0,11.0,44.0,1.0,0.0,0.0,380.0,62.0,0.0
781.0,0.0,19.0,65.0,1.0,0.0,0.0,529.0,95.0,0.0
836.0,1.0,19.0,62.0,1.0,0.0,0.0,581.0,88.0,0.0
604.0,0.0,11.0,55.0,4.0,0.0,0.0,391.0,71.0,0.0
868.0,1.0,19.0,68.0,1.0,0.0,0.0,571.0,124.0,0.0
811.0,1.0,19.0,63.0,1.0,0.0,0.0,551.0,95.0,0.0
738.0,0.0,19.0,64.0,1.0,0.0,0.0,494.0,91.0,0.0
502.0,0.0,6.0,33.0,1.0,0.0,0.0,342.0,44.0,0.0
520.0,0.0,6.0,34.0,1.0,0.0,0.0,350.0,50.0,0.0
684.0,1.0,11.0,48.0,1.0,0.0,0.0,446.0,91.0,0.0
798.0,1.0,19.0,62.0,1.0,0.0,0.0,543.0,92.0,0.0
600.0,1.0,9.0,40.0,2.0,0.0,0.0,405.0,59.0,0.0
563.0,0.0,11.0,44.0,1.0,0.0,0.0,377.0,59.0,0.0
848.0,1.0,19.0,73.0,4.0,0.0,0.0,565.0,107.0,0.0
737.0,0.0,19.0,63.0,1.0,0.0,0.0,500.0,86.0,0.0
632.0,1.0,11.0,43.0,1.0,0.0,0.0,445.0,48.0,0.0
808.0,1.0,19.0,65.0,1.0,0.0,0.0,546.0,95.0,0.0
644.0,1.0,11.0,46.0,1.0,0.0,0.0,445.0,57.0,0.0
529.0,0.0,6.0,35.0,1.0,0.0,0.0,367.0,43.0,0.0
768.0,0.0,19.0,65.0,1.0,0.0,0.0,523.0,88.0,0.0
585.0,1.0,7.0,36.0,1.0,0.0,0.0,394.0,59.0,0.0
526.0,0.0,7.0,36.0,1.0,0.0,0.0,352.0,53.0,0.0
635.0,1.0,11.0,44.0,1.0,0.0,0.0,433.0,62.0,0.0
499.0,0.0,6.0,34.0,1.0,0.0,0.0,332.0,50.0,0.0
843.0,1.0,19.0,64.0,1.0,0.0,0.0,575.0,100.0,0.0
523.0,0.0,6.0,35.0,1.0,0.0,0.0,356.0,47.0,0.0
488.0,0.0,6.0,32.0,1.0,0.0,0.0,323.0,51.0,0.0
673.0,1.0,9.0,45.0,2.0,0.0,0.0,434.0,97.0,0.0
752.0,0.0,19.0,62.0,1.0,0.0,0.0,515.0,86.0,0.0
857.0,1.0,19.0,65.0,1.0,0.0,0.0,570.0,117.0,0.0
792.0,1.0,11.0,61.0,1.0,1.0,0.0,533.0,92.0,0.0
970.0,1.0,19.0,79.0,1.0,1.0,0.0,655.0,125.0,0.0
860.0,1.0,19.0,74.0,2.0,0.0,0.0,573.0,111.0,0.0
506.0,0.0,6.0,34.0,1.0,0.0,0.0,342.0,46.0,0.0
746.0,0.0,19.0,64.0,1.0,0.0,0.0,503.0,90.0,0.0
752.0,0.0,19.0,64.0,1.0,0.0,0.0,511.0,88.0,0.0
847.0,1.0,19.0,64.0,1.0,0.0,0.0,576.0,102.0,0.0
530.0,0.0,6.0,35.0,1.0,0.0,0.0,361.0,50.0,0.0
742.0,0.0,19.0,62.0,1.0,0.0,0.0,495.0,97.0,0.0
707.0,1.0,11.0,50.0,1.0,0.0,0.0,457.0,100.0,0.0
833.0,1.0,19.0,65.0,1.0,0.0,0.0,568.0,93.0,0.0
578.0,0.0,7.0,41.0,1.0,0.0,0.0,365.0,88.0,0.0
821.0,1.0,19.0,62.0,1.0,0.0,0.0,566.0,90.0,0.0
853.0,1.0,19.0,64.0,1.0,0.0,0.0,586.0,96.0,0.0
742.0,0.0,19.0,62.0,1.0,0.0,0.0,503.0,87.0,0.0
875.0,1.0,19.0,61.0,1.0,0.0,0.0,605.0,99.0,0.0
484.0,0.0,6.0,32.0,1.0,0.0,0.0,326.0,44.0,0.0
820.0,0.0,19.0,80.0,2.0,0.0,0.0,526.0,120.0,0.0
639.0,1.0,7.0,44.0,3.0,0.0,0.0,430.0,63.0,0.0
811.0,0.0,19.0,72.0,1.0,0.0,0.0,518.0,129.0,0.0
766.0,0.0,19.0,66.0,1.0,0.0,0.0,514.0,96.0,0.0
746.0,0.0,19.0,65.0,1.0,0.0,0.0,509.0,84.0,0.0
849.0,1.0,19.0,62.0,1.0,0.0,0.0,590.0,93.0,0.0
1116.0,0.0,11.0,152.0,1.0,0.0,0.0,424.0,454.0,0.0
580.0,0.0,11.0,45.0,1.0,0.0,0.0,386.0,62.0,0.0
808.0,1.0,19.0,64.0,1.0,0.0,0.0,549.0,95.0,0.0
518.0,0.0,7.0,36.0,1.0,0.0,0.0,345.0,54.0,0.0
549.0,0.0,7.0,47.0,4.0,0.0,0.0,347.0,68.0,0.0
506.0,0.0,6.0,33.0,1.0,0.0,0.0,342.0,48.0,0.0
826.0,1.0,19.0,62.0,1.0,0.0,0.0,570.0,91.0,0.0
756.0,0.0,19.0,65.0,1.0,0.0,0.0,508.0,95.0,0.0
801.0,0.0,19.0,64.0,1.0,0.0,0.0,545.0,94.0,0.0
844.0,1.0,19.0,63.0,1.0,0.0,0.0,579.0,96.0,0.0
525.0,0.0,6.0,34.0,1.0,0.0,0.0,338.0,69.0,0.0
937.0,1.0,19.0,85.0,2.0,0.0,0.0,603.0,140.0,0.0
836.0,0.0,19.0,65.0,1.0,0.0,0.0,573.0,95.0,0.0
833.0,1.0,19.0,63.0,1.0,0.0,0.0,572.0,95.0,0.0
504.0,0.0,6.0,33.0,1.0,0.0,0.0,334.0,53.0,0.0
762.0,0.0,19.0,61.0,1.0,0.0,0.0,522.0,88.0,0.0
636.0,1.0,11.0,43.0,1.0,0.0,0.0,443.0,54.0,0.0
612.0,1.0,9.0,39.0,2.0,0.0,0.0,412.0,63.0,0.0
578.0,0.0,11.0,47.0,1.0,0.0,0.0,388.0,60.0,0.0
595.0,1.0,7.0,36.0,1.0,0.0,0.0,406.0,55.0,0.0
700.0,1.0,11.0,58.0,2.0,0.0,0.0,454.0,89.0,0.0
843.0,1.0,19.0,64.0,1.0,0.0,0.0,585.0,92.0,0.0
601.0,0.0,7.0,56.0,2.0,0.0,0.0,366.0,92.0,0.0
636.0,1.0,11.0,45.0,1.0,0.0,0.0,441.0,53.0,0.0
550.0,0.0,7.0,36.0,1.0,0.0,0.0,378.0,51.0,0.0
627.0,0.0,11.0,58.0,2.0,0.0,0.0,406.0,77.0,0.0
519.0,0.0,7.0,39.0,1.0,0.0,0.0,346.0,51.0,0.0
737.0,1.0,11.0,58.0,1.0,0.0,0.0,478.0,103.0,0.0
836.0,1.0,19.0,63.0,1.0,0.0,0.0,575.0,94.0,0.0
817.0,1.0,19.0,63.0,1.0,0.0,0.0,561.0,88.0,0.0
770.0,0.0,19.0,64.0,1.0,0.0,0.0,522.0,91.0,0.0
643.0,1.0,11.0,45.0,1.0,0.0,0.0,438.0,61.0,0.0
879.0,1.0,19.0,73.0,3.0,0.0,0.0,601.0,94.0,0.0
506.0,0.0,6.0,32.0,1.0,0.0,0.0,341.0,50.0,0.0
563.0,0.0,11.0,44.0,1.0,0.0,0.0,384.0,52.0,0.0
755.0,0.0,19.0,63.0,1.0,0.0,0.0,506.0,94.0,0.0
699.0,1.0,11.0,51.0,1.0,0.0,0.0,485.0,64.0,0.0
645.0,1.0,11.0,45.0,1.0,0.0,0.0,448.0,56.0,0.0
1170.0,1.0,9.0,148.0,2.0,0.0,0.0,479.0,445.0,0.0
884.0,1.0,19.0,67.0,1.0,0.0,0.0,591.0,120.0,0.0
759.0,0.0,19.0,63.0,1.0,0.0,0.0,511.0,91.0,0.0
564.0,0.0,11.0,44.0,1.0,0.0,0.0,389.0,48.0,0.0
533.0,0.0,7.0,35.0,1.0,0.0,0.0,371.0,43.0,0.0
549.0,0.0,7.0,39.0,1.0,0.0,0.0,374.0,52.0,0.0
830.0,1.0,19.0,63.0,1.0,0.0,0.0,568.0,95.0,0.0
721.0,1.0,11.0,64.0,2.0,0.0,0.0,454.0,104.0,0.0
539.0,0.0,9.0,40.0,2.0,0.0,0.0,356.0,60.0,0.0
689.0,1.0,11.0,54.0,1.0,0.0,0.0,460.0,76.0,0.0
551.0,0.0,11.0,44.0,1.0,0.0,0.0,366.0,57.0,0.0
642.0,1.0,11.0,44.0,1.0,0.0,0.0,445.0,57.0,0.0
589.0,0.0,7.0,45.0,1.0,0.0,0.0,376.0,84.0,0.0
757.0,0.0,19.0,65.0,1.0,0.0,0.0,509.0,95.0,0.0
638.0,1.0,11.0,44.0,1.0,0.0,0.0,447.0,50.0,0.0
575.0,0.0,11.0,45.0,1.0,0.0,0.0,390.0,54.0,0.0
806.0,1.0,19.0,63.0,1.0,0.0,0.0,541.0,101.0,0.0
544.0,0.0,9.0,43.0,2.0,0.0,0.0,354.0,64.0,0.0
623.0,0.0,7.0,49.0,1.0,0.0,0.0,394.0,97.0,0.0
610.0,0.0,11.0,54.0,1.0,0.0,0.0,404.0,67.0,0.0
517.0,0.0,6.0,34.0,1.0,0.0,0.0,352.0,46.0,0.0
714.0,1.0,11.0,56.0,1.0,0.0,0.0,468.0,91.0,0.0
652.0,1.0,7.0,48.0,4.0,0.0,0.0,433.0,66.0,0.0
634.0,0.0,11.0,44.0,1.0,0.0,0.0,436.0,56.0,0.0
831.0,1.0,19.0,65.0,1.0,0.0,0.0,572.0,92.0,0.0
718.0,1.0,11.0,55.0,1.0,0.0,0.0,487.0,80.0,0.0
582.0,1.0,7.0,35.0,1.0,0.0,0.0,399.0,52.0,0.0
637.0,1.0,11.0,44.0,1.0,0.0,0.0,436.0,58.0,0.0
610.0,0.0,11.0,52.0,2.0,0.0,0.0,400.0,69.0,0.0
807.0,0.0,19.0,76.0,4.0,0.0,0.0,540.0,93.0,0.0
640.0,1.0,11.0,45.0,1.0,0.0,0.0,437.0,62.0,0.0
586.0,0.0,9.0,48.0,4.0,0.0,0.0,384.0,66.0,0.0
659.0,0.0,11.0,58.0,1.0,0.0,0.0,428.0,87.0,0.0
693.0,1.0,11.0,48.0,1.0,0.0,0.0,458.0,90.0,0.0
583.0,0.0,7.0,40.0,3.0,0.0,0.0,385.0,63.0,0.0
745.0,0.0,19.0,65.0,1.0,0.0,0.0,499.0,92.0,0.0
810.0,1.0,19.0,63.0,1.0,0.0,0.0,549.0,96.0,0.0
769.0,0.0,19.0,64.0,1.0,0.0,0.0,520.0,92.0,0.0
526.0,0.0,6.0,34.0,1.0,0.0,0.0,339.0,68.0,0.0
506.0,0.0,6.0,33.0,1.0,0.0,0.0,344.0,45.0,0.0
512.0,0.0,6.0,35.0,1.0,0.0,0.0,347.0,47.0,0.0
492.0,0.0,6.0,31.0,1.0,0.0,0.0,308.0,71.0,0.0
812.0,1.0,19.0,61.0,1.0,0.0,0.0,558.0,88.0,0.0
771.0,0.0,19.0,65.0,1.0,0.0,0.0,530.0,84.0,0.0
581.0,0.0,7.0,43.0,1.0,0.0,0.0,384.0,68.0,0.0
508.0,0.0,6.0,32.0,1.0,0.0,0.0,321.0,71.0,0.0
558.0,0.0,7.0,47.0,4.0,0.0,0.0,359.0,65.0,0.0
537.0,0.0,9.0,39.0,2.0,0.0,0.0,359.0,56.0,0.0
810.0,1.0,19.0,62.0,1.0,0.0,0.0,554.0,89.0,0.0
619.0,0.0,11.0,53.0,3.0,0.0,0.0,404.0,71.0,0.0
536.0,0.0,9.0,39.0,2.0,0.0,0.0,353.0,61.0,0.0
493.0,0.0,6.0,32.0,1.0,0.0,0.0,329.0,50.0,0.0
602.0,1.0,7.0,36.0,2.0,0.0,0.0,416.0,51.0,0.0
516.0,0.0,7.0,36.0,1.0,0.0,0.0,342.0,55.0,0.0
636.0,1.0,7.0,47.0,2.0,0.0,0.0,418.0,72.0,0.0
830.0,1.0,19.0,63.0,1.0,0.0,0.0,566.0,98.0,0.0
631.0,0.0,11.0,59.0,2.0,0.0,0.0,396.0,87.0,0.0
517.0,0.0,6.0,34.0,1.0,0.0,0.0,330.0,70.0,0.0
609.0,0.0,7.0,43.0,1.0,0.0,0.0,392.0,89.0,0.0
507.0,0.0,6.0,34.0,1.0,0.0,0.0,342.0,47.0,0.0
842.0,1.0,19.0,68.0,1.0,0.0,0.0,576.0,98.0,0.0
642.0,0.0,11.0,54.0,1.0,0.0,0.0,414.0,88.0,0.0
514.0,0.0,7.0,35.0,1.0,0.0,0.0,338.0,58.0,0.0
815.0,1.0,19.0,63.0,1.0,0.0,0.0,563.0,87.0,0.0
831.0,1.0,19.0,62.0,1.0,0.0,0.0,570.0,92.0,0.0
632.0,0.0,11.0,43.0,1.0,0.0,0.0,446.0,48.0,0.0
809.0,1.0,19.0,61.0,1.0,0.0,0.0,562.0,85.0,0.0
772.0,0.0,19.0,63.0,1.0,0.0,0.0,532.0,84.0,0.0
588.0,1.0,7.0,39.0,1.0,0.0,0.0,390.0,63.0,0.0
594.0,0.0,7.0,40.0,1.0,0.0,0.0,394.0,75.0,0.0
567.0,0.0,11.0,43.0,1.0,0.0,0.0,383.0,57.0,0.0
770.0,0.0,19.0,63.0,1.0,0.0,0.0,526.0,90.0,0.0
537.0,0.0,6.0,35.0,1.0,0.0,0.0,349.0,68.0,0.0
837.0,1.0,19.0,61.0,1.0,0.0,0.0,582.0,89.0,0.0
582.0,1.0,7.0,35.0,1.0,0.0,0.0,401.0,50.0,0.0
533.0,0.0,7.0,35.0,1.0,0.0,0.0,368.0,46.0,0.0
753.0,0.0,19.0,60.0,1.0,0.0,0.0,519.0,83.0,0.0
815.0,1.0,19.0,63.0,1.0,0.0,0.0,564.0,86.0,0.0
508.0,0.0,6.0,34.0,1.0,0.0,0.0,338.0,53.0,0.0
498.0,0.0,6.0,33.0,1.0,0.0,0.0,339.0,43.0,0.0
573.0,0.0,11.0,44.0,1.0,0.0,0.0,393.0,52.0,0.0
568.0,0.0,11.0,43.0,1.0,0.0,0.0,382.0,59.0,0.0
641.0,0.0,11.0,46.0,1.0,0.0,0.0,441.0,56.0,0.0
829.0,1.0,19.0,62.0,1.0,0.0,0.0,576.0,85.0,0.0
858.0,1.0,19.0,67.0,1.0,0.0,0.0,580.0,104.0,0.0
819.0,0.0,19.0,64.0,1.0,0.0,0.0,546.0,114.0,0.0
754.0,0.0,19.0,65.0,1.0,0.0,0.0,509.0,90.0,0.0
513.0,0.0,7.0,35.0,1.0,0.0,0.0,344.0,51.0,0.0
839.0,1.0,19.0,63.0,1.0,0.0,0.0,581.0,91.0,0.0
848.0,1.0,19.0,70.0,1.0,0.0,0.0,569.0,105.0,0.0
825.0,0.0,19.0,68.0,3.0,0.0,0.0,560.0,96.0,0.0
602.0,1.0,9.0,40.0,2.0,0.0,0.0,406.0,60.0,0.0
838.0,1.0,19.0,64.0,1.0,0.0,0.0,567.0,100.0,0.0
502.0,0.0,6.0,33.0,1.0,0.0,0.0,334.0,51.0,0.0
1081.0,0.0,7.0,144.0,1.0,0.0,0.0,409.0,442.0,0.0
618.0,1.0,9.0,44.0,2.0,0.0,0.0,410.0,66.0,0.0
753.0,0.0,19.0,64.0,1.0,0.0,0.0,507.0,93.0,0.0
482.0,0.0,6.0,32.0,1.0,0.0,0.0,318.0,49.0,0.0
841.0,1.0,19.0,62.0,1.0,0.0,0.0,575.0,99.0,0.0
573.0,0.0,11.0,44.0,1.0,0.0,0.0,390.0,53.0,0.0
506.0,0.0,6.0,33.0,1.0,0.0,0.0,341.0,48.0,0.0
538.0,0.0,9.0,40.0,1.0,0.0,0.0,358.0,55.0,0.0
810.0,0.0,19.0,72.0,2.0,0.0,0.0,533.0,111.0,0.0
747.0,0.0,19.0,63.0,1.0,0.0,0.0,511.0,84.0,0.0
636.0,1.0,11.0,44.0,1.0,0.0,0.0,435.0,58.0,0.0
569.0,0.0,11.0,44.0,1.0,0.0,0.0,376.0,63.0,0.0
817.0,1.0,19.0,63.0,1.0,0.0,0.0,560.0,90.0,0.0
519.0,0.0,6.0,34.0,1.0,0.0,0.0,337.0,65.0,0.0
598.0,0.0,9.0,44.0,2.0,0.0,0.0,385.0,85.0,0.0
763.0,0.0,19.0,66.0,1.0,0.0,0.0,511.0,97.0,0.0
735.0,0.0,19.0,64.0,1.0,0.0,0.0,495.0,89.0,0.0
494.0,0.0,6.0,32.0,1.0,0.0,0.0,328.0,52.0,0.0
502.0,0.0,6.0,33.0,1.0,0.0,0.0,334.0,52.0,0.0
656.0,1.0,7.0,56.0,2.0,0.0,0.0,410.0,91.0,0.0
772.0,0.0,19.0,67.0,1.0,0.0,0.0,521.0,95.0,0.0
525.0,0.0,6.0,34.0,1.0,0.0,0.0,353.0,51.0,0.0
852.0,1.0,19.0,66.0,1.0,0.0,0.0,578.0,102.0,0.0
581.0,1.0,7.0,35.0,1.0,0.0,0.0,404.0,46.0,0.0
767.0,0.0,19.0,62.0,1.0,0.0,0.0,520.0,93.0,0.0
606.0,1.0,9.0,39.0,2.0,0.0,0.0,407.0,64.0,0.0
568.0,0.0,11.0,44.0,1.0,0.0,0.0,382.0,56.0,0.0
876.0,1.0,19.0,72.0,3.0,0.0,0.0,585.0,107.0,0.0
822.0,1.0,19.0,62.0,1.0,0.0,0.0,571.0,85.0,0.0
686.0,1.0,11.0,47.0,1.0,0.0,0.0,461.0,81.0,0.0
821.0,1.0,19.0,65.0,1.0,0.0,0.0,563.0,91.0,0.0
552.0,0.0,7.0,45.0,4.0,0.0,0.0,359.0,61.0,0.0
491.0,0.0,6.0,32.0,1.0,0.0,0.0,333.0,43.0,0.0
808.0,0.0,19.0,74.0,2.0,0.0,0.0,533.0,107.0,0.0
589.0,0.0,11.0,49.0,1.0,0.0,0.0,378.0,74.0,0.0
495.0,0.0,6.0,33.0,1.0,0.0,0.0,329.0,50.0,0.0
505.0,0.0,6.0,33.0,1.0,0.0,0.0,340.0,49.0,0.0
767.0,0.0,19.0,65.0,1.0,0.0,0.0,522.0,89.0,0.0
566.0,0.0,7.0,44.0,3.0,0.0,0.0,372.0,62.0,0.0
495.0,0.0,6.0,31.0,1.0,0.0,0.0,324.0,54.0,0.0
829.0,1.0,19.0,61.0,1.0,0.0,0.0,570.0,96.0,0.0
668.0,0.0,11.0,57.0,1.0,0.0,0.0,428.0,100.0,0.0
804.0,1.0,19.0,62.0,1.0,0.0,0.0,550.0,90.0,0.0
751.0,0.0,19.0,63.0,1.0,0.0,0.0,504.0,94.0,0.0
586.0,1.0,7.0,35.0,1.0,0.0,0.0,400.0,54.0,0.0
587.0,1.0,7.0,35.0,1.0,0.0,0.0,399.0,56.0,0.0
507.0,0.0,6.0,33.0,1.0,0.0,0.0,335.0,56.0,0.0
650.0,1.0,7.0,38.0,1.0,0.0,0.0,438.0,76.0,0.0
643.0,1.0,7.0,43.0,2.0,0.0,0.0,432.0,68.0,0.0
820.0,1.0,19.0,64.0,1.0,0.0,0.0,561.0,90.0,0.0
581.0,0.0,7.0,38.0,1.0,0.0,0.0,384.0,74.0,0.0
476.0,0.0,6.0,30.0,1.0,0.0,0.0,319.0,44.0,0.0
508.0,0.0,6.0,32.0,1.0,0.0,0.0,342.0,51.0,0.0
757.0,0.0,19.0,63.0,1.0,0.0,0.0,508.0,95.0,0.0
516.0,0.0,7.0,36.0,1.0,0.0,0.0,345.0,52.0,0.0
648.0,1.0,7.0,47.0,4.0,0.0,0.0,431.0,69.0,0.0
838.0,1.0,19.0,64.0,1.0,0.0,0.0,569.0,99.0,0.0
716.0,1.0,11.0,64.0,2.0,0.0,0.0,454.0,96.0,0.0
645.0,1.0,11.0,46.0,1.0,0.0,0.0,442.0,58.0,0.0
477.0,0.0,6.0,31.0,1.0,0.0,0.0,316.0,47.0,0.0
804.0,1.0,19.0,61.0,1.0,0.0,0.0,548.0,93.0,0.0
812.0,1.0,19.0,62.0,1.0,0.0,0.0,558.0,90.0,0.0
732.0,0.0,19.0,63.0,1.0,0.0,0.0,490.0,92.0,0.0
969.0,1.0,19.0,79.0,1.0,1.0,0.0,658.0,121.0,0.0
819.0,1.0,19.0,62.0,1.0,0.0,0.0,560.0,94.0,0.0
837.0,1.0,19.0,61.0,1.0,0.0,0.0,572.0,95.0,0.0
638.0,1.0,11.0,43.0,1.0,0.0,0.0,448.0,51.0,0.0
637.0,1.0,9.0,47.0,2.0,0.0,0.0,419.0,72.0,0.0
600.0,0.0,9.0,49.0,2.0,0.0,0.0,377.0,91.0,0.0
644.0,1.0,11.0,46.0,1.0,0.0,0.0,447.0,55.0,0.0
844.0,1.0,19.0,64.0,1.0,0.0,0.0,584.0,93.0,0.0
807.0,1.0,19.0,64.0,2.0,0.0,0.0,544.0,96.0,0.0
754.0,0.0,19.0,67.0,1.0,0.0,0.0,511.0,88.0,0.0
503.0,0.0,6.0,33.0,1.0,0.0,0.0,336.0,50.0,0.0
634.0,1.0,7.0,38.0,1.0,0.0,0.0,414.0,84.0,0.0
565.0,0.0,11.0,44.0,1.0,0.0,0.0,378.0,60.0,0.0
539.0,0.0,7.0,40.0,1.0,0.0,0.0,348.0,65.0,0.0
752.0,0.0,19.0,63.0,1.0,0.0,0.0,512.0,89.0,0.0
797.0,0.0,19.0,67.0,1.0,0.0,0.0,540.0,95.0,0.0
821.0,1.0,19.0,66.0,1.0,0.0,0.0,571.0,80.0,0.0
620.0,0.0,11.0,46.0,1.0,0.0,0.0,408.0,82.0,0.0
500.0,0.0,6.0,31.0,1.0,0.0,0.0,314.0,71.0,0.0
639.0,0.0,11.0,44.0,1.0,0.0,0.0,439.0,58.0,0.0
743.0,0.0,19.0,65.0,1.0,0.0,0.0,508.0,80.0,0.0
905.0,1.0,19.0,83.0,2.0,0.0,0.0,584.0,131.0,0.0
520.0,0.0,6.0,34.0,1.0,0.0,0.0,345.0,54.0,0.0
639.0,1.0,11.0,44.0,1.0,0.0,0.0,439.0,60.0,0.0
573.0,0.0,11.0,46.0,1.0,0.0,0.0,387.0,57.0,0.0
520.0,0.0,7.0,36.0,1.0,0.0,0.0,348.0,52.0,0.0
815.0,0.0,19.0,71.0,1.0,0.0,0.0,554.0,100.0,0.0
744.0,0.0,19.0,63.0,1.0,0.0,0.0,501.0,90.0,0.0
620.0,0.0,9.0,60.0,3.0,0.0,0.0,379.0,95.0,0.0
513.0,0.0,7.0,35.0,1.0,0.0,0.0,349.0,46.0,0.0
498.0,0.0,6.0,32.0,1.0,0.0,0.0,339.0,45.0,0.0
764.0,0.0,19.0,62.0,1.0,0.0,0.0,523.0,86.0,0.0
703.0,0.0,7.0,53.0,1.0,1.0,0.0,474.0,83.0,0.0
658.0,1.0,7.0,45.0,1.0,0.0,0.0,431.0,85.0,0.0
636.0,1.0,11.0,44.0,1.0,0.0,0.0,438.0,58.0,0.0
846.0,1.0,19.0,63.0,1.0,0.0,0.0,588.0,89.0,0.0
780.0,0.0,19.0,63.0,1.0,0.0,0.0,533.0,92.0,0.0
874.0,1.0,19.0,77.0,2.0,0.0,0.0,576.0,116.0,0.0
483.0,0.0,6.0,31.0,1.0,0.0,0.0,316.0,53.0,0.0
567.0,0.0,7.0,43.0,1.0,0.0,0.0,374.0,65.0,0.0
766.0,0.0,19.0,67.0,1.0,0.0,0.0,504.0,105.0,0.0
490.0,0.0,6.0,31.0,1.0,0.0,0.0,327.0,47.0,0.0
624.0,1.0,11.0,44.0,1.0,0.0,0.0,421.0,62.0,0.0
501.0,0.0,6.0,32.0,1.0,0.0,0.0,323.0,63.0,0.0
829.0,1.0,19.0,63.0,1.0,0.0,0.0,574.0,87.0,0.0
824.0,1.0,19.0,67.0,1.0,0.0,0.0,558.0,100.0,0.0
629.0,1.0,11.0,43.0,1.0,0.0,0.0,437.0,53.0,0.0
818.0,1.0,19.0,63.0,1.0,0.0,0.0,551.0,97.0,0.0
655.0,1.0,7.0,53.0,2.0,0.0,0.0,416.0,87.0,0.0
543.0,0.0,9.0,39.0,2.0,0.0,0.0,363.0,56.0,0.0
851.0,1.0,19.0,66.0,1.0,0.0,0.0,578.0,101.0,0.0
647.0,1.0,9.0,47.0,3.0,0.0,0.0,431.0,70.0,0.0
513.0,0.0,6.0,34.0,1.0,0.0,0.0,348.0,46.0,0.0
568.0,0.0,11.0,45.0,1.0,0.0,0.0,384.0,56.0,0.0
678.0,1.0,9.0,52.0,5.0,0.0,0.0,446.0,74.0,0.0
706.0,1.0,11.0,51.0,1.0,0.0,0.0,460.0,95.0,0.0
792.0,0.0,19.0,69.0,1.0,0.0,0.0,513.0,124.0,0.0
612.0,0.0,11.0,56.0,4.0,0.0,0.0,398.0,68.0,0.0
821.0,1.0,19.0,62.0,1.0,0.0,0.0,563.0,90.0,0.0
559.0,0.0,11.0,44.0,1.0,0.0,0.0,376.0,56.0,0.0
608.0,0.0,9.0,47.0,2.0,0.0,0.0,397.0,79.0,0.0
829.0,0.0,19.0,69.0,1.0,0.0,0.0,557.0,113.0,0.0
496.0,0.0,6.0,31.0,1.0,0.0,0.0,320.0,62.0,0.0
567.0,0.0,11.0,44.0,1.0,0.0,0.0,381.0,56.0,0.0
835.0,1.0,19.0,64.0,1.0,0.0,0.0,570.0,95.0,0.0
660.0,1.0,7.0,53.0,2.0,0.0,0.0,422.0,85.0,0.0
630.0,0.0,11.0,59.0,2.0,0.0,0.0,400.0,85.0,0.0
635.0,0.0,11.0,51.0,1.0,0.0,0.0,408.0,92.0,0.0
572.0,0.0,11.0,45.0,1.0,0.0,0.0,379.0,60.0,0.0
608.0,0.0,11.0,46.0,1.0,0.0,0.0,397.0,81.0,0.0
767.0,0.0,19.0,64.0,1.0,0.0,0.0,523.0,91.0,0.0
646.0,1.0,9.0,42.0,1.0,0.0,0.0,427.0,80.0,0.0
839.0,1.0,19.0,62.0,1.0,0.0,0.0,576.0,97.0,0.0
800.0,0.0,19.0,62.0,1.0,0.0,0.0,543.0,96.0,0.0
648.0,1.0,9.0,47.0,3.0,0.0,0.0,433.0,67.0,0.0
586.0,1.0,7.0,36.0,1.0,0.0,0.0,404.0,50.0,0.0
742.0,0.0,19.0,62.0,1.0,0.0,0.0,496.0,93.0,0.0
750.0,0.0,19.0,60.0,1.0,0.0,0.0,509.0,88.0,0.0
523.0,0.0,6.0,34.0,1.0,0.0,0.0,352.0,50.0,0.0
490.0,0.0,6.0,32.0,1.0,0.0,0.0,318.0,57.0,0.0
619.0,1.0,7.0,36.0,1.0,0.0,0.0,438.0,47.0,0.0
496.0,0.0,6.0,34.0,1.0,0.0,0.0,326.0,53.0,0.0
832.0,1.0,19.0,63.0,1.0,0.0,0.0,571.0,94.0,0.0
587.0,1.0,7.0,35.0,1.0,0.0,0.0,411.0,44.0,0.0
506.0,0.0,6.0,33.0,1.0,0.0,0.0,340.0,50.0,0.0
824.0,1.0,19.0,67.0,1.0,0.0,0.0,558.0,98.0,0.0
499.0,0.0,6.0,32.0,1.0,0.0,0.0,333.0,49.0,0.0
618.0,0.0,11.0,48.0,1.0,0.0,0.0,400.0,86.0,0.0
844.0,1.0,19.0,62.0,1.0,0.0,0.0,584.0,91.0,0.0
560.0,0.0,11.0,43.0,1.0,0.0,0.0,382.0,52.0,0.0
568.0,0.0,11.0,43.0,1.0,0.0,0.0,381.0,60.0,0.0
755.0,0.0,19.0,63.0,1.0,0.0,0.0,511.0,90.0,0.0
505.0,0.0,6.0,33.0,1.0,0.0,0.0,342.0,47.0,0.0
778.0,0.0,19.0,63.0,1.0,0.0,0.0,532.0,88.0,0.0
893.0,1.0,19.0,72.0,1.0,0.0,0.0,591.0,126.0,0.0
826.0,1.0,19.0,64.0,1.0,0.0,0.0,565.0,92.0,0.0
586.0,1.0,7.0,35.0,1.0,0.0,0.0,396.0,58.0,0.0
586.0,0.0,7.0,53.0,2.0,0.0,0.0,365.0,82.0,0.0
788.0,0.0,19.0,72.0,3.0,0.0,0.0,526.0,97.0,0.0
622.0,0.0,11.0,56.0,4.0,0.0,0.0,409.0,66.0,0.0
490.0,0.0,6.0,32.0,1.0,0.0,0.0,323.0,53.0,0.0
627.0,1.0,7.0,43.0,2.0,0.0,0.0,417.0,67.0,0.0
777.0,1.0,9.0,57.0,2.0,1.0,0.0,533.0,82.0,0.0
816.0,1.0,19.0,66.0,1.0,0.0,0.0,552.0,96.0,0.0
500.0,0.0,6.0,34.0,1.0,0.0,0.0,332.0,50.0,0.0
496.0,0.0,6.0,31.0,1.0,0.0,0.0,315.0,67.0,0.0
898.0,1.0,19.0,70.0,1.0,0.0,0.0,593.0,130.0,0.0
662.0,1.0,7.0,43.0,1.0,0.0,0.0,441.0,80.0,0.0
811.0,1.0,19.0,62.0,1.0,0.0,0.0,562.0,86.0,0.0
652.0,1.0,7.0,41.0,1.0,0.0,0.0,422.0,91.0,0.0
733.0,0.0,19.0,62.0,1.0,0.0,0.0,497.0,85.0,0.0
797.0,0.0,19.0,74.0,4.0,0.0,0.0,528.0,102.0,0.0
577.0,0.0,7.0,44.0,2.0,0.0,0.0,381.0,65.0,0.0
596.0,0.0,7.0,56.0,2.0,0.0,0.0,366.0,88.0,0.0
824.0,1.0,19.0,64.0,1.0,0.0,0.0,562.0,95.0,0.0
764.0,0.0,19.0,64.0,1.0,0.0,0.0,516.0,95.0,0.0
694.0,1.0,11.0,51.0,1.0,0.0,0.0,447.0,98.0,0.0
683.0,0.0,7.0,53.0,1.0,1.0,0.0,457.0,81.0,0.0
635.0,0.0,11.0,44.0,1.0,0.0,0.0,431.0,62.0,0.0
739.0,0.0,19.0,62.0,1.0,0.0,0.0,504.0,86.0,0.0
741.0,0.0,19.0,60.0,1.0,0.0,0.0,508.0,84.0,0.0
821.0,1.0,19.0,64.0,1.0,0.0,0.0,564.0,91.0,0.0
511.0,0.0,6.0,33.0,1.0,0.0,0.0,339.0,53.0,0.0
644.0,1.0,7.0,41.0,1.0,0.0,0.0,424.0,82.0,0.0
659.0,1.0,11.0,45.0,2.0,0.0,0.0,456.0,56.0,0.0
650.0,1.0,11.0,48.0,1.0,0.0,0.0,445.0,57.0,0.0
608.0,1.0,7.0,40.0,1.0,0.0,0.0,407.0,62.0,0.0
684.0,1.0,9.0,49.0,2.0,0.0,0.0,447.0,90.0,0.0
737.0,0.0,19.0,63.0,1.0,0.0,0.0,499.0,86.0,0.0
833.0,1.0,19.0,64.0,1.0,0.0,0.0,574.0,91.0,0.0
497.0,0.0,6.0,31.0,1.0,0.0,0.0,310.0,72.0,0.0
619.0,0.0,7.0,49.0,1.0,0.0,0.0,386.0,101.0,0.0
528.0,0.0,6.0,34.0,1.0,0.0,0.0,339.0,72.0,0.0
621.0,1.0,7.0,45.0,4.0,0.0,0.0,408.0,68.0,0.0
764.0,0.0,19.0,61.0,1.0,0.0,0.0,516.0,95.0,0.0
533.0,0.0,9.0,40.0,2.0,0.0,0.0,352.0,58.0,0.0
758.0,0.0,19.0,62.0,1.0,0.0,0.0,515.0,91.0,0.0
601.0,0.0,11.0,53.0,4.0,0.0,0.0,391.0,69.0,0.0
631.0,1.0,7.0,44.0,3.0,0.0,0.0,426.0,60.0,0.0
814.0,1.0,19.0,61.0,1.0,0.0,0.0,564.0,86.0,0.0
506.0,0.0,7.0,36.0,1.0,0.0,0.0,336.0,51.0,0.0
584.0,0.0,7.0,35.0,1.0,0.0,0.0,396.0,57.0,0.0
820.0,0.0,19.0,62.0,1.0,0.0,0.0,563.0,92.0,0.0
768.0,1.0,9.0,57.0,2.0,1.0,0.0,520.0,86.0,0.0
655.0,1.0,9.0,48.0,4.0,0.0,0.0,439.0,67.0,0.0
817.0,1.0,19.0,65.0,1.0,0.0,0.0,550.0,101.0,0.0
501.0,0.0,6.0,34.0,1.0,0.0,0.0,333.0,51.0,0.0
842.0,1.0,19.0,63.0,1.0,0.0,0.0,582.0,95.0,0.0
652.0,1.0,11.0,45.0,1.0,0.0,0.0,446.0,61.0,0.0
751.0,0.0,19.0,65.0,1.0,0.0,0.0,502.0,94.0,0.0
853.0,1.0,19.0,66.0,1.0,0.0,0.0,586.0,96.0,0.0
526.0,0.0,6.0,34.0,1.0,0.0,0.0,356.0,50.0,0.0
636.0,1.0,7.0,43.0,1.0,0.0,0.0,428.0,67.0,0.0
637.0,0.0,11.0,50.0,1.0,0.0,0.0,413.0,90.0,0.0
825.0,0.0,19.0,70.0,1.0,0.0,0.0,559.0,104.0,0.0
555.0,0.0,7.0,40.0,1.0,0.0,0.0,369.0,60.0,0.0
828.0,1.0,19.0,64.0,1.0,0.0,0.0,569.0,92.0,0.0
859.0,1.0,19.0,73.0,4.0,0.0,0.0,576.0,104.0,0.0
754.0,0.0,19.0,62.0,1.0,0.0,0.0,510.0,90.0,0.0
737.0,0.0,19.0,61.0,1.0,0.0,0.0,498.0,90.0,0.0
846.0,1.0,19.0,63.0,1.0,0.0,0.0,589.0,88.0,0.0
672.0,1.0,7.0,47.0,1.0,0.0,0.0,444.0,84.0,0.0
589.0,0.0,7.0,43.0,1.0,0.0,0.0,385.0,76.0,0.0
834.0,1.0,19.0,61.0,1.0,0.0,0.0,578.0,91.0,0.0
571.0,0.0,11.0,45.0,1.0,0.0,0.0,388.0,54.0,0.0
585.0,1.0,7.0,36.0,1.0,0.0,0.0,396.0,57.0,0.0
824.0,0.0,19.0,66.0,1.0,0.0,0.0,544.0,120.0,0.0
639.0,0.0,11.0,62.0,2.0,0.0,0.0,406.0,84.0,0.0
571.0,0.0,11.0,45.0,1.0,0.0,0.0,376.0,62.0,0.0
829.0,1.0,19.0,62.0,1.0,0.0,0.0,570.0,93.0,0.0
644.0,1.0,7.0,45.0,1.0,0.0,0.0,416.0,87.0,0.0
805.0,0.0,19.0,69.0,1.0,0.0,0.0,524.0,120.0,0.0
772.0,0.0,19.0,62.0,1.0,0.0,0.0,525.0,92.0,0.0
820.0,1.0,19.0,61.0,1.0,0.0,0.0,565.0,91.0,0.0
881.0,1.0,19.0,76.0,4.0,0.0,0.0,589.0,108.0,0.0
573.0,0.0,11.0,44.0,1.0,0.0,0.0,387.0,59.0,0.0
476.0,0.0,6.0,30.0,1.0,0.0,0.0,310.0,53.0,0.0
608.0,1.0,9.0,40.0,1.0,0.0,0.0,408.0,62.0,0.0
628.0,1.0,9.0,40.0,2.0,0.0,0.0,433.0,56.0,0.0
735.0,0.0,11.0,62.0,1.0,1.0,0.0,496.0,82.0,0.0
620.0,0.0,11.0,49.0,1.0,0.0,0.0,400.0,84.0,0.0
673.0,1.0,9.0,52.0,5.0,0.0,0.0,447.0,70.0,0.0
661.0,1.0,11.0,45.0,2.0,0.0,0.0,452.0,62.0,0.0
1407.0,1.0,19.0,173.0,1.0,0.0,0.0,636.0,489.0,0.0
638.0,1.0,7.0,45.0,1.0,0.0,0.0,429.0,67.0,0.0
838.0,1.0,19.0,62.0,1.0,0.0,0.0,579.0,93.0,0.0
688.0,1.0,11.0,54.0,1.0,0.0,0.0,464.0,71.0,0.0
645.0,1.0,11.0,47.0,1.0,0.0,0.0,444.0,58.0,0.0
849.0,1.0,19.0,62.0,1.0,0.0,0.0,593.0,87.0,0.0
851.0,1.0,19.0,72.0,2.0,0.0,0.0,567.0,107.0,0.0
500.0,0.0,6.0,33.0,1.0,0.0,0.0,329.0,54.0,0.0
621.0,1.0,11.0,44.0,1.0,0.0,0.0,416.0,64.0,0.0
731.0,0.0,19.0,60.0,1.0,0.0,0.0,496.0,88.0,0.0
917.0,1.0,19.0,76.0,1.0,0.0,0.0,618.0,120.0,0.0
778.0,0.0,19.0,63.0,1.0,0.0,0.0,535.0,89.0,0.0
587.0,1.0,7.0,35.0,1.0,0.0,0.0,396.0,59.0,0.0
681.0,1.0,9.0,44.0,4.0,0.0,0.0,460.0,69.0,0.0
716.0,0.0,19.0,61.0,1.0,0.0,0.0,482.0,87.0,0.0
842.0,1.0,19.0,64.0,1.0,0.0,0.0,580.0,93.0,0.0
634.0,1.0,11.0,43.0,1.0,0.0,0.0,443.0,52.0,0.0
489.0,0.0,6.0,33.0,1.0,0.0,0.0,325.0,49.0,0.0
629.0,0.0,11.0,43.0,1.0,0.0,0.0,435.0,56.0,0.0
657.0,1.0,11.0,49.0,1.0,0.0,0.0,443.0,67.0,0.0
920.0,1.0,19.0,85.0,2.0,0.0,0.0,593.0,133.0,0.0
745.0,0.0,19.0,64.0,1.0,0.0,0.0,496.0,96.0,0.0
756.0,0.0,19.0,64.0,1.0,0.0,0.0,512.0,90.0,0.0
504.0,0.0,6.0,32.0,1.0,0.0,0.0,326.0,63.0,0.0
838.0,1.0,19.0,64.0,1.0,0.0,0.0,579.0,90.0,0.0
604.0,1.0,9.0,39.0,2.0,0.0,0.0,414.0,55.0,0.0
827.0,1.0,19.0,63.0,1.0,0.0,0.0,563.0,96.0,0.0
639.0,1.0,11.0,43.0,1.0,0.0,0.0,444.0,55.0,0.0
842.0,0.0,19.0,83.0,2.0,0.0,0.0,533.0,130.0,0.0
801.0,0.0,19.0,76.0,2.0,0.0,0.0,513.0,121.0,0.0
810.0,0.0,19.0,72.0,2.0,0.0,0.0,538.0,104.0,0.0
825.0,1.0,19.0,62.0,1.0,0.0,0.0,562.0,98.0,0.0
540.0,0.0,9.0,40.0,2.0,0.0,0.0,365.0,52.0,0.0
483.0,0.0,6.0,31.0,1.0,0.0,0.0,324.0,45.0,0.0
742.0,0.0,19.0,63.0,1.0,0.0,0.0,504.0,86.0,0.0
635.0,1.0,7.0,47.0,2.0,0.0,0.0,414.0,75.0,0.0
769.0,0.0,19.0,64.0,1.0,0.0,0.0,517.0,97.0,0.0
633.0,1.0,11.0,44.0,1.0,0.0,0.0,436.0,57.0,0.0
760.0,0.0,19.0,64.0,1.0,0.0,0.0,516.0,89.0,0.0
841.0,1.0,19.0,66.0,1.0,0.0,0.0,578.0,90.0,0.0
639.0,0.0,11.0,54.0,1.0,0.0,0.0,403.0,96.0,0.0
500.0,0.0,6.0,32.0,1.0,0.0,0.0,318.0,68.0,0.0
760.0,0.0,19.0,62.0,1.0,0.0,0.0,518.0,88.0,0.0
492.0,0.0,6.0,32.0,1.0,0.0,0.0,334.0,43.0,0.0
520.0,0.0,6.0,34.0,1.0,0.0,0.0,346.0,54.0,0.0
756.0,0.0,19.0,65.0,1.0,0.0,0.0,511.0,90.0,0.0
486.0,0.0,6.0,31.0,1.0,0.0,0.0,318.0,52.0,0.0
650.0,1.0,7.0,45.0,1.0,0.0,0.0,418.0,91.0,0.0
848.0,1.0,19.0,64.0,1.0,0.0,0.0,584.0,94.0,0.0
545.0,0.0,9.0,40.0,2.0,0.0,0.0,362.0,58.0,0.0
523.0,0.0,6.0,35.0,1.0,0.0,0.0,359.0,45.0,0.0
721.0,1.0,11.0,65.0,2.0,0.0,0.0,457.0,97.0,0.0
826.0,1.0,19.0,63.0,1.0,0.0,0.0,565.0,92.0,0.0
740.0,0.0,19.0,61.0,1.0,0.0,0.0,496.0,93.0,0.0
632.0,0.0,11.0,44.0,1.0,0.0,0.0,441.0,52.0,0.0
1147.0,1.0,7.0,144.0,1.0,0.0,0.0,458.0,447.0,0.0
506.0,0.0,6.0,33.0,1.0,0.0,0.0,341.0,49.0,0.0
583.0,0.0,11.0,47.0,1.0,0.0,0.0,385.0,64.0,0.0
687.0,1.0,11.0,55.0,2.0,0.0,0.0,448.0,82.0,0.0
766.0,0.0,19.0,66.0,1.0,0.0,0.0,520.0,90.0,0.0
543.0,0.0,9.0,39.0,2.0,0.0,0.0,370.0,49.0,0.0
637.0,1.0,11.0,43.0,1.0,0.0,0.0,439.0,59.0,0.0
631.0,0.0,11.0,59.0,2.0,0.0,0.0,395.0,88.0,0.0
543.0,0.0,9.0,40.0,1.0,0.0,0.0,359.0,58.0,0.0
842.0,0.0,19.0,65.0,1.0,0.0,0.0,579.0,95.0,0.0
812.0,1.0,19.0,63.0,1.0,0.0,0.0,557.0,90.0,0.0
646.0,1.0,11.0,45.0,1.0,0.0,0.0,437.0,65.0,0.0
832.0,1.0,19.0,62.0,1.0,0.0,0.0,576.0,89.0,0.0
559.0,0.0,11.0,43.0,1.0,0.0,0.0,382.0,51.0,0.0
814.0,1.0,19.0,65.0,1.0,0.0,0.0,553.0,95.0,0.0
745.0,0.0,19.0,61.0,1.0,0.0,0.0,512.0,81.0,0.0
771.0,0.0,19.0,65.0,1.0,0.0,0.0,522.0,93.0,0.0
821.0,1.0,19.0,62.0,1.0,0.0,0.0,562.0,93.0,0.0
568.0,0.0,11.0,43.0,1.0,0.0,0.0,392.0,50.0,0.0
531.0,0.0,6.0,34.0,1.0,0.0,0.0,344.0,69.0,0.0
534.0,0.0,6.0,34.0,1.0,0.0,0.0,365.0,52.0,0.0
704.0,1.0,11.0,61.0,2.0,0.0,0.0,451.0,93.0,0.0
583.0,1.0,7.0,36.0,1.0,0.0,0.0,393.0,58.0,0.0
562.0,0.0,11.0,43.0,1.0,0.0,0.0,373.0,63.0,0.0
569.0,0.0,11.0,45.0,1.0,0.0,0.0,383.0,58.0,0.0
509.0,0.0,6.0,35.0,1.0,0.0,0.0,341.0,50.0,0.0
611.0,1.0,9.0,39.0,2.0,0.0,0.0,424.0,50.0,0.0
843.0,1.0,19.0,68.0,1.0,0.0,0.0,557.0,113.0,0.0
808.0,1.0,19.0,63.0,1.0,0.0,0.0,554.0,89.0,0.0
717.0,1.0,11.0,51.0,3.0,0.0,0.0,484.0,71.0,0.0
838.0,1.0,19.0,62.0,1.0,0.0,0.0,580.0,91.0,0.0
643.0,1.0,11.0,46.0,1.0,0.0,0.0,435.0,63.0,0.0
523.0,0.0,6.0,35.0,2.0,0.0,0.0,353.0,51.0,0.0
776.0,0.0,19.0,64.0,1.0,0.0,0.0,509.0,113.0,0.0
567.0,0.0,7.0,47.0,2.0,0.0,0.0,362.0,72.0,0.0
542.0,0.0,9.0,39.0,2.0,0.0,0.0,366.0,52.0,0.0
755.0,0.0,19.0,63.0,1.0,0.0,0.0,509.0,92.0,0.0
930.0,1.0,19.0,76.0,1.0,0.0,0.0,612.0,139.0,0.0
497.0,0.0,6.0,33.0,1.0,0.0,0.0,338.0,44.0,0.0
641.0,0.0,11.0,64.0,2.0,0.0,0.0,398.0,93.0,0.0
748.0,0.0,19.0,61.0,1.0,0.0,0.0,506.0,91.0,0.0
742.0,0.0,19.0,60.0,1.0,0.0,0.0,505.0,90.0,0.0
1281.0,0.0,19.0,170.0,1.0,0.0,0.0,540.0,479.0,0.0
835.0,1.0,19.0,63.0,1.0,0.0,0.0,570.0,98.0,0.0
852.0,1.0,19.0,68.0,1.0,0.0,0.0,588.0,94.0,0.0
564.0,0.0,11.0,44.0,1.0,0.0,0.0,373.0,64.0,0.0
824.0,1.0,19.0,61.0,1.0,0.0,0.0,563.0,96.0,0.0
627.0,1.0,7.0,47.0,4.0,0.0,0.0,416.0,64.0,0.0
604.0,0.0,9.0,39.0,2.0,0.0,0.0,407.0,63.0,0.0
520.0,0.0,6.0,35.0,2.0,0.0,0.0,355.0,46.0,0.0
690.0,1.0,11.0,48.0,1.0,0.0,0.0,459.0,86.0,0.0
561.0,0.0,7.0,44.0,2.0,0.0,0.0,365.0,65.0,0.0
516.0,0.0,6.0,33.0,1.0,0.0,0.0,328.0,71.0,0.0
758.0,0.0,19.0,62.0,1.0,0.0,0.0,512.0,90.0,0.0
828.0,1.0,19.0,63.0,1.0,0.0,0.0,561.0,100.0,0.0
640.0,1.0,11.0,44.0,1.0,0.0,0.0,435.0,62.0,0.0
851.0,1.0,19.0,69.0,1.0,0.0,0.0,575.0,103.0,0.0
754.0,0.0,19.0,64.0,1.0,0.0,0.0,512.0,89.0,0.0
569.0,0.0,7.0,39.0,1.0,0.0,0.0,362.0,84.0,0.0
764.0,0.0,19.0,64.0,1.0,0.0,0.0,516.0,90.0,0.0
711.0,1.0,11.0,53.0,1.0,0.0,0.0,472.0,90.0,0.0
493.0,0.0,6.0,32.0,1.0,0.0,0.0,330.0,49.0,0.0
508.0,0.0,6.0,34.0,1.0,0.0,0.0,337.0,54.0,0.0
823.0,0.0,19.0,72.0,1.0,0.0,0.0,535.0,125.0,0.0
766.0,0.0,19.0,63.0,1.0,0.0,0.0,532.0,79.0,0.0
608.0,1.0,9.0,40.0,2.0,0.0,0.0,418.0,54.0,0.0
534.0,0.0,7.0,36.0,2.0,0.0,0.0,359.0,53.0,0.0
515.0,0.0,6.0,34.0,1.0,0.0,0.0,348.0,48.0,0.0
826.0,0.0,19.0,75.0,3.0,0.0,0.0,548.0,106.0,0.0
570.0,0.0,11.0,48.0,1.0,0.0,0.0,366.0,70.0,0.0
837.0,1.0,19.0,66.0,1.0,0.0,0.0,569.0,100.0,0.0
505.0,0.0,6.0,33.0,1.0,0.0,0.0,336.0,52.0,0.0
848.0,1.0,19.0,65.0,1.0,0.0,0.0,577.0,98.0,0.0
842.0,1.0,19.0,65.0,1.0,0.0,0.0,579.0,96.0,0.0
542.0,0.0,9.0,40.0,2.0,0.0,0.0,358.0,61.0,0.0
496.0,0.0,6.0,31.0,1.0,0.0,0.0,311.0,71.0,0.0
847.0,1.0,19.0,65.0,1.0,0.0,0.0,587.0,90.0,0.0
559.0,0.0,7.0,39.0,1.0,0.0,0.0,356.0,80.0,0.0
644.0,1.0,11.0,45.0,1.0,0.0,0.0,442.0,58.0,0.0
817.0,0.0,19.0,69.0,1.0,0.0,0.0,549.0,112.0,0.0
631.0,1.0,11.0,43.0,1.0,0.0,0.0,435.0,56.0,0.0
520.0,0.0,6.0,34.0,1.0,0.0,0.0,352.0,47.0,0.0
865.0,1.0,19.0,75.0,2.0,0.0,0.0,567.0,118.0,0.0
643.0,0.0,11.0,52.0,1.0,0.0,0.0,405.0,99.0,0.0
632.0,1.0,7.0,47.0,2.0,0.0,0.0,413.0,73.0,0.0
609.0,0.0,9.0,47.0,2.0,0.0,0.0,388.0,90.0,0.0
488.0,0.0,6.0,33.0,1.0,0.0,0.0,322.0,51.0,0.0
750.0,0.0,19.0,61.0,1.0,0.0,0.0,508.0,90.0,0.0
803.0,0.0,19.0,73.0,4.0,0.0,0.0,532.0,102.0,0.0
513.0,0.0,6.0,34.0,1.0,0.0,0.0,340.0,53.0,0.0
632.0,1.0,11.0,45.0,1.0,0.0,0.0,433.0,58.0,0.0
837.0,1.0,19.0,62.0,1.0,0.0,0.0,582.0,90.0,0.0
640.0,1.0,11.0,43.0,1.0,0.0,0.0,446.0,55.0,0.0
749.0,0.0,19.0,64.0,1.0,0.0,0.0,504.0,91.0,0.0
508.0,0.0,6.0,34.0,1.0,0.0,0.0,335.0,54.0,0.0
760.0,0.0,19.0,63.0,1.0,0.0,0.0,508.0,100.0,0.0
778.0,0.0,19.0,66.0,1.0,0.0,0.0,527.0,95.0,0.0
647.0,1.0,11.0,49.0,1.0,0.0,0.0,426.0,72.0,0.0
593.0,0.0,7.0,56.0,2.0,0.0,0.0,362.0,89.0,0.0
874.0,1.0,19.0,74.0,1.0,0.0,0.0,589.0,110.0,0.0
555.0,0.0,7.0,45.0,1.0,0.0,0.0,362.0,65.0,0.0
758.0,0.0,19.0,66.0,1.0,0.0,0.0,507.0,93.0,0.0
815.0,1.0,19.0,61.0,1.0,0.0,0.0,561.0,89.0,0.0
797.0,1.0,19.0,63.0,1.0,0.0,0.0,543.0,92.0,0.0
568.0,0.0,11.0,45.0,1.0,0.0,0.0,382.0,58.0,0.0
521.0,0.0,6.0,34.0,1.0,0.0,0.0,336.0,67.0,0.0
573.0,0.0,11.0,46.0,1.0,0.0,0.0,391.0,53.0,0.0
484.0,0.0,6.0,31.0,1.0,0.0,0.0,319.0,51.0,0.0
738.0,0.0,19.0,62.0,1.0,0.0,0.0,503.0,84.0,0.0
637.0,1.0,11.0,44.0,1.0,0.0,0.0,434.0,63.0,0.0
822.0,1.0,19.0,63.0,1.0,0.0,0.0,564.0,91.0,0.0
606.0,0.0,11.0,52.0,2.0,0.0,0.0,397.0,68.0,0.0
841.0,1.0,19.0,61.0,1.0,0.0,0.0,582.0,88.0,0.0
751.0,0.0,19.0,64.0,1.0,0.0,0.0,508.0,90.0,0.0
598.0,0.0,9.0,54.0,2.0,0.0,0.0,374.0,82.0,0.0
608.0,1.0,9.0,40.0,1.0,0.0,0.0,414.0,56.0,0.0
650.0,1.0,7.0,50.0,2.0,0.0,0.0,416.0,84.0,0.0
799.0,1.0,19.0,64.0,1.0,0.0,0.0,557.0,77.0,0.0
598.0,0.0,7.0,47.0,1.0,0.0,0.0,393.0,75.0,0.0
611.0,1.0,9.0,39.0,2.0,0.0,0.0,419.0,55.0,0.0
658.0,1.0,7.0,45.0,1.0,0.0,0.0,429.0,87.0,0.0
477.0,0.0,6.0,30.0,1.0,0.0,0.0,321.0,43.0,0.0
759.0,0.0,19.0,61.0,1.0,0.0,0.0,521.0,85.0,0.0
753.0,0.0,19.0,60.0,1.0,0.0,0.0,517.0,86.0,0.0
603.0,1.0,7.0,35.0,1.0,0.0,0.0,424.0,47.0,0.0
676.0,1.0,9.0,54.0,3.0,0.0,0.0,433.0,88.0,0.0
830.0,1.0,19.0,64.0,1.0,0.0,0.0,567.0,93.0,0.0
773.0,0.0,19.0,62.0,1.0,0.0,0.0,535.0,84.0,0.0
821.0,1.0,19.0,63.0,1.0,0.0,0.0,562.0,90.0,0.0
756.0,0.0,19.0,63.0,1.0,0.0,0.0,507.0,94.0,0.0
1202.0,1.0,11.0,152.0,1.0,0.0,0.0,501.0,451.0,0.0
583.0,0.0,9.0,51.0,5.0,0.0,0.0,370.0,75.0,0.0
493.0,0.0,6.0,31.0,1.0,0.0,0.0,314.0,65.0,0.0
644.0,1.0,7.0,45.0,1.0,0.0,0.0,415.0,88.0,0.0
493.0,0.0,6.0,32.0,1.0,0.0,0.0,334.0,45.0,0.0
746.0,0.0,19.0,63.0,1.0,0.0,0.0,507.0,89.0,0.0
808.0,1.0,19.0,61.0,1.0,0.0,0.0,556.0,88.0,0.0
824.0,1.0,19.0,61.0,1.0,0.0,0.0,572.0,87.0,0.0
580.0,0.0,11.0,47.0,1.0,0.0,0.0,379.0,68.0,0.0
896.0,1.0,19.0,71.0,1.0,0.0,0.0,613.0,109.0,0.0
812.0,1.0,19.0,63.0,1.0,0.0,0.0,550.0,95.0,0.0
560.0,0.0,11.0,44.0,1.0,0.0,0.0,382.0,51.0,0.0
826.0,1.0,19.0,63.0,1.0,0.0,0.0,570.0,90.0,0.0
874.0,1.0,19.0,69.0,1.0,0.0,0.0,593.0,105.0,0.0
500.0,0.0,6.0,34.0,1.0,0.0,0.0,334.0,48.0,0.0
726.0,0.0,19.0,62.0,1.0,0.0,0.0,487.0,89.0,0.0
728.0,0.0,19.0,60.0,1.0,0.0,0.0,491.0,88.0,0.0
578.0,0.0,7.0,40.0,1.0,0.0,0.0,377.0,76.0,0.0
822.0,1.0,19.0,64.0,1.0,0.0,0.0,561.0,94.0,0.0
638.0,1.0,11.0,44.0,1.0,0.0,0.0,442.0,55.0,0.0
492.0,0.0,6.0,33.0,1.0,0.0,0.0,331.0,45.0,0.0
509.0,0.0,6.0,32.0,1.0,0.0,0.0,330.0,63.0,0.0
744.0,0.0,19.0,63.0,1.0,0.0,0.0,493.0,99.0,0.0
845.0,1.0,19.0,61.0,1.0,0.0,0.0,590.0,87.0,0.0
864.0,1.0,19.0,71.0,3.0,0.0,0.0,584.0,102.0,0.0
607.0,0.0,9.0,44.0,4.0,0.0,0.0,407.0,61.0,0.0
807.0,1.0,19.0,63.0,1.0,0.0,0.0,549.0,95.0,0.0
746.0,0.0,19.0,63.0,1.0,0.0,0.0,504.0,90.0,0.0
636.0,1.0,11.0,44.0,1.0,0.0,0.0,436.0,60.0,0.0
830.0,1.0,19.0,61.0,1.0,0.0,0.0,569.0,94.0,0.0
753.0,0.0,19.0,63.0,1.0,0.0,0.0,501.0,97.0,0.0
751.0,0.0,19.0,63.0,1.0,0.0,0.0,508.0,89.0,0.0
614.0,0.0,11.0,47.0,1.0,0.0,0.0,391.0,89.0,0.0
736.0,0.0,19.0,62.0,1.0,0.0,0.0,498.0,88.0,0.0
776.0,0.0,19.0,65.0,1.0,0.0,0.0,529.0,89.0,0.0
611.0,0.0,11.0,56.0,4.0,0.0,0.0,395.0,70.0,0.0
496.0,0.0,6.0,33.0,1.0,0.0,0.0,324.0,55.0,0.0
557.0,0.0,7.0,47.0,2.0,0.0,0.0,355.0,69.0,0.0
801.0,0.0,19.0,66.0,1.0,0.0,0.0,545.0,94.0,0.0
582.0,1.0,7.0,35.0,1.0,0.0,0.0,392.0,59.0,0.0
560.0,0.0,11.0,44.0,1.0,0.0,0.0,384.0,49.0,0.0
759.0,0.0,19.0,62.0,1.0,0.0,0.0,513.0,94.0,0.0
478.0,0.0,6.0,31.0,1.0,0.0,0.0,315.0,50.0,0.0
641.0,1.0,11.0,45.0,1.0,0.0,0.0,436.0,64.0,0.0
766.0,0.0,19.0,62.0,1.0,0.0,0.0,527.0,88.0,0.0
520.0,0.0,6.0,35.0,1.0,0.0,0.0,348.0,51.0,0.0
812.0,1.0,19.0,61.0,1.0,0.0,0.0,557.0,90.0,0.0
600.0,0.0,11.0,53.0,4.0,0.0,0.0,394.0,66.0,0.0
704.0,1.0,11.0,50.0,1.0,0.0,0.0,455.0,99.0,0.0
599.0,1.0,7.0,36.0,2.0,0.0,0.0,412.0,52.0,0.0
567.0,0.0,7.0,47.0,2.0,0.0,0.0,363.0,71.0,0.0
739.0,0.0,19.0,60.0,1.0,0.0,0.0,498.0,92.0,0.0
809.0,1.0,19.0,62.0,1.0,0.0,0.0,547.0,98.0,0.0
760.0,0.0,19.0,64.0,1.0,0.0,0.0,514.0,92.0,0.0
633.0,1.0,7.0,40.0,1.0,0.0,0.0,412.0,84.0,0.0
745.0,0.0,19.0,62.0,1.0,0.0,0.0,510.0,85.0,0.0
762.0,0.0,19.0,64.0,1.0,0.0,0.0,512.0,94.0,0.0
740.0,0.0,19.0,61.0,1.0,0.0,0.0,498.0,93.0,0.0
485.0,0.0,6.0,31.0,1.0,0.0,0.0,319.0,52.0,0.0
606.0,1.0,9.0,39.0,2.0,0.0,0.0,414.0,57.0,0.0
843.0,1.0,19.0,63.0,1.0,0.0,0.0,589.0,86.0,0.0
591.0,1.0,7.0,36.0,1.0,0.0,0.0,401.0,57.0,0.0
831.0,1.0,19.0,66.0,1.0,0.0,0.0,567.0,93.0,0.0
763.0,0.0,19.0,61.0,1.0,0.0,0.0,522.0,91.0,0.0
1124.0,0.0,11.0,153.0,1.0,0.0,0.0,435.0,451.0,0.0
758.0,0.0,19.0,63.0,1.0,0.0,0.0,514.0,94.0,0.0
773.0,0.0,19.0,65.0,1.0,0.0,0.0,524.0,90.0,0.0
786.0,0.0,19.0,66.0,1.0,0.0,0.0,534.0,93.0,0.0
667.0,1.0,9.0,43.0,2.0,0.0,0.0,435.0,90.0,0.0
565.0,0.0,11.0,43.0,1.0,0.0,0.0,381.0,58.0,0.0
757.0,0.0,19.0,62.0,1.0,0.0,0.0,508.0,96.0,0.0
514.0,0.0,6.0,35.0,1.0,0.0,0.0,337.0,56.0,0.0
501.0,0.0,6.0,34.0,1.0,0.0,0.0,333.0,50.0,0.0
828.0,1.0,19.0,65.0,1.0,0.0,0.0,569.0,92.0,0.0
641.0,1.0,11.0,44.0,1.0,0.0,0.0,447.0,53.0,0.0
637.0,1.0,11.0,45.0,1.0,0.0,0.0,441.0,55.0,0.0
764.0,0.0,19.0,64.0,1.0,0.0,0.0,514.0,95.0,0.0
764.0,0.0,19.0,63.0,1.0,0.0,0.0,522.0,86.0,0.0
603.0,0.0,9.0,44.0,2.0,0.0,0.0,383.0,90.0,0.0
517.0,0.0,6.0,34.0,1.0,0.0,0.0,340.0,56.0,0.0
820.0,1.0,19.0,63.0,1.0,0.0,0.0,560.0,95.0,0.0
609.0,0.0,7.0,43.0,1.0,0.0,0.0,387.0,94.0,0.0
829.0,1.0,19.0,62.0,1.0,0.0,0.0,575.0,88.0,0.0
792.0,0.0,19.0,62.0,1.0,0.0,0.0,544.0,92.0,0.0
591.0,0.0,11.0,47.0,1.0,0.0,0.0,396.0,61.0,0.0
766.0,0.0,19.0,65.0,1.0,0.0,0.0,519.0,90.0,0.0
512.0,0.0,6.0,33.0,1.0,0.0,0.0,341.0,54.0,0.0
788.0,0.0,19.0,65.0,1.0,0.0,0.0,535.0,95.0,0.0
848.0,1.0,19.0,63.0,1.0,0.0,0.0,587.0,94.0,0.0
635.0,1.0,7.0,47.0,2.0,0.0,0.0,410.0,79.0,0.0
547.0,0.0,7.0,44.0,2.0,0.0,0.0,347.0,70.0,0.0
504.0,0.0,6.0,32.0,1.0,0.0,0.0,324.0,65.0,0.0
917.0,1.0,19.0,82.0,2.0,0.0,0.0,601.0,126.0,0.0
585.0,0.0,7.0,45.0,1.0,0.0,0.0,392.0,64.0,0.0
516.0,0.0,6.0,34.0,1.0,0.0,0.0,345.0,51.0,0.0
829.0,1.0,19.0,64.0,1.0,0.0,0.0,569.0,95.0,0.0
1337.0,0.0,19.0,171.0,1.0,0.0,0.0,582.0,490.0,0.0
918.0,1.0,19.0,75.0,1.0,0.0,0.0,600.0,142.0,0.0
812.0,1.0,11.0,64.0,1.0,1.0,0.0,550.0,90.0,0.0
738.0,0.0,19.0,64.0,1.0,0.0,0.0,496.0,91.0,0.0
832.0,1.0,19.0,65.0,1.0,0.0,0.0,564.0,99.0,0.0
844.0,1.0,19.0,63.0,1.0,0.0,0.0,576.0,98.0,0.0
623.0,1.0,9.0,40.0,2.0,0.0,0.0,423.0,63.0,0.0
577.0,0.0,11.0,47.0,1.0,0.0,0.0,390.0,57.0,0.0
512.0,0.0,6.0,33.0,1.0,0.0,0.0,324.0,72.0,0.0
562.0,0.0,11.0,43.0,1.0,0.0,0.0,379.0,57.0,0.0
528.0,0.0,6.0,34.0,1.0,0.0,0.0,340.0,69.0,0.0
572.0,0.0,11.0,44.0,1.0,0.0,0.0,379.0,63.0,0.0
604.0,1.0,7.0,40.0,1.0,0.0,0.0,402.0,64.0,0.0
605.0,0.0,11.0,53.0,4.0,0.0,0.0,396.0,69.0,0.0
742.0,0.0,19.0,64.0,1.0,0.0,0.0,504.0,86.0,0.0
513.0,0.0,7.0,35.0,1.0,0.0,0.0,344.0,50.0,0.0
761.0,0.0,19.0,66.0,1.0,0.0,0.0,514.0,89.0,0.0
572.0,0.0,11.0,44.0,1.0,0.0,0.0,389.0,53.0,0.0
622.0,0.0,11.0,48.0,1.0,0.0,0.0,405.0,85.0,0.0
647.0,1.0,7.0,41.0,1.0,0.0,0.0,426.0,83.0,0.0
746.0,0.0,19.0,62.0,1.0,0.0,0.0,504.0,91.0,0.0
824.0,1.0,19.0,61.0,1.0,0.0,0.0,566.0,93.0,0.0
742.0,0.0,19.0,63.0,1.0,0.0,0.0,494.0,94.0,0.0
648.0,1.0,7.0,48.0,4.0,0.0,0.0,429.0,67.0,0.0
526.0,0.0,6.0,34.0,1.0,0.0,0.0,351.0,55.0,0.0
834.0,1.0,19.0,66.0,1.0,0.0,0.0,569.0,97.0,0.0
560.0,0.0,11.0,43.0,1.0,0.0,0.0,378.0,55.0,0.0
756.0,0.0,19.0,62.0,1.0,0.0,0.0,509.0,93.0,0.0
583.0,1.0,7.0,36.0,1.0,0.0,0.0,403.0,48.0,0.0
806.0,1.0,19.0,63.0,1.0,0.0,0.0,554.0,90.0,0.0
508.0,0.0,6.0,34.0,1.0,0.0,0.0,338.0,52.0,0.0
820.0,1.0,19.0,64.0,1.0,0.0,0.0,553.0,101.0,0.0
815.0,1.0,19.0,64.0,1.0,0.0,0.0,553.0,96.0,0.0
825.0,1.0,19.0,63.0,1.0,0.0,0.0,561.0,97.0,0.0
1171.0,1.0,9.0,148.0,2.0,0.0,0.0,470.0,455.0,0.0
884.0,1.0,19.0,71.0,2.0,0.0,0.0,587.0,115.0,0.0
830.0,1.0,19.0,65.0,1.0,0.0,0.0,572.0,92.0,0.0
746.0,0.0,19.0,64.0,1.0,0.0,0.0,505.0,87.0,0.0
809.0,1.0,19.0,61.0,1.0,0.0,0.0,558.0,89.0,0.0
636.0,1.0,11.0,43.0,1.0,0.0,0.0,433.0,64.0,0.0
904.0,1.0,19.0,83.0,2.0,0.0,0.0,588.0,126.0,0.0
509.0,0.0,6.0,34.0,1.0,0.0,0.0,352.0,40.0,0.0
559.0,0.0,7.0,39.0,1.0,0.0,0.0,358.0,78.0,0.0
494.0,0.0,6.0,32.0,1.0,0.0,0.0,332.0,46.0,0.0
820.0,1.0,19.0,65.0,1.0,0.0,0.0,556.0,97.0,0.0
634.0,1.0,11.0,43.0,1.0,0.0,0.0,437.0,58.0,0.0
650.0,1.0,11.0,45.0,1.0,0.0,0.0,446.0,63.0,0.0
531.0,0.0,6.0,34.0,1.0,0.0,0.0,342.0,71.0,0.0
574.0,0.0,11.0,46.0,1.0,0.0,0.0,383.0,59.0,0.0
773.0,0.0,19.0,62.0,1.0,0.0,0.0,529.0,90.0,0.0
633.0,0.0,11.0,43.0,1.0,0.0,0.0,436.0,59.0,0.0
493.0,0.0,6.0,32.0,1.0,0.0,0.0,325.0,54.0,0.0
765.0,0.0,19.0,64.0,1.0,0.0,0.0,516.0,91.0,0.0
547.0,0.0,9.0,40.0,2.0,0.0,0.0,360.0,62.0,0.0
593.0,1.0,7.0,36.0,2.0,0.0,0.0,403.0,55.0,0.0
567.0,0.0,11.0,44.0,1.0,0.0,0.0,374.0,63.0,0.0
829.0,0.0,19.0,63.0,1.0,0.0,0.0,571.0,92.0,0.0
634.0,1.0,11.0,43.0,1.0,0.0,0.0,438.0,57.0,0.0
791.0,0.0,19.0,67.0,1.0,0.0,0.0,533.0,97.0,0.0
908.0,1.0,19.0,73.0,1.0,0.0,0.0,599.0,131.0,0.0
813.0,0.0,19.0,61.0,1.0,0.0,0.0,561.0,91.0,0.0
760.0,0.0,19.0,64.0,1.0,0.0,0.0,507.0,96.0,0.0
741.0,0.0,19.0,61.0,1.0,0.0,0.0,499.0,91.0,0.0
761.0,0.0,19.0,61.0,1.0,0.0,0.0,523.0,85.0,0.0
567.0,0.0,11.0,44.0,1.0,0.0,0.0,385.0,52.0,0.0
500.0,0.0,6.0,31.0,1.0,0.0,0.0,319.0,66.0,0.0
763.0,0.0,19.0,64.0,1.0,0.0,0.0,516.0,91.0,0.0
565.0,0.0,11.0,43.0,1.0,0.0,0.0,385.0,52.0,0.0
762.0,0.0,19.0,67.0,1.0,0.0,0.0,518.0,90.0,0.0
503.0,0.0,6.0,33.0,1.0,0.0,0.0,338.0,49.0,0.0
741.0,0.0,19.0,64.0,1.0,0.0,0.0,501.0,85.0,0.0
764.0,0.0,19.0,63.0,1.0,0.0,0.0,524.0,85.0,0.0
482.0,0.0,6.0,32.0,1.0,0.0,0.0,312.0,54.0,0.0
577.0,0.0,11.0,47.0,1.0,0.0,0.0,387.0,57.0,0.0
812.0,1.0,19.0,63.0,1.0,0.0,0.0,557.0,91.0,0.0
748.0,0.0,19.0,60.0,1.0,0.0,0.0,512.0,87.0,0.0
513.0,0.0,6.0,34.0,1.0,0.0,0.0,346.0,47.0,0.0
517.0,0.0,7.0,35.0,1.0,0.0,0.0,346.0,52.0,0.0
758.0,0.0,19.0,62.0,1.0,0.0,0.0,513.0,94.0,0.0
758.0,0.0,19.0,64.0,1.0,0.0,0.0,514.0,88.0,0.0
780.0,0.0,19.0,63.0,1.0,0.0,0.0,528.0,95.0,0.0
768.0,0.0,19.0,63.0,1.0,0.0,0.0,521.0,93.0,0.0
568.0,0.0,11.0,45.0,1.0,0.0,0.0,382.0,55.0,0.0
731.0,0.0,19.0,63.0,1.0,0.0,0.0,490.0,92.0,0.0
746.0,0.0,19.0,63.0,1.0,0.0,0.0,498.0,98.0,0.0
758.0,0.0,19.0,65.0,1.0,0.0,0.0,506.0,98.0,0.0
756.0,0.0,19.0,63.0,1.0,0.0,0.0,511.0,92.0,0.0
496.0,0.0,6.0,34.0,1.0,0.0,0.0,330.0,49.0,0.0
628.0,1.0,7.0,47.0,4.0,0.0,0.0,411.0,70.0,0.0
834.0,1.0,19.0,64.0,1.0,0.0,0.0,576.0,89.0,0.0
561.0,0.0,11.0,44.0,1.0,0.0,0.0,376.0,58.0,0.0
864.0,1.0,19.0,73.0,2.0,0.0,0.0,567.0,117.0,0.0
649.0,0.0,11.0,51.0,3.0,0.0,0.0,430.0,70.0,0.0
619.0,0.0,11.0,56.0,2.0,0.0,0.0,402.0,72.0,0.0
604.0,1.0,7.0,40.0,1.0,0.0,0.0,404.0,62.0,0.0
575.0,0.0,11.0,45.0,1.0,0.0,0.0,394.0,53.0,0.0
866.0,1.0,19.0,72.0,3.0,0.0,0.0,584.0,103.0,0.0
567.0,0.0,11.0,44.0,1.0,0.0,0.0,388.0,49.0,0.0
619.0,1.0,9.0,40.0,2.0,0.0,0.0,428.0,54.0,0.0
831.0,1.0,19.0,65.0,1.0,0.0,0.0,565.0,98.0,0.0
742.0,0.0,19.0,64.0,1.0,0.0,0.0,499.0,93.0,0.0
514.0,0.0,7.0,35.0,1.0,0.0,0.0,346.0,50.0,0.0
805.0,1.0,19.0,62.0,1.0,0.0,0.0,559.0,83.0,0.0
531.0,0.0,6.0,34.0,1.0,0.0,0.0,346.0,67.0,0.0
737.0,0.0,19.0,62.0,1.0,0.0,0.0,493.0,91.0,0.0
833.0,1.0,19.0,63.0,1.0,0.0,0.0,568.0,99.0,0.0
714.0,1.0,11.0,52.0,1.0,0.0,0.0,459.0,103.0,0.0
613.0,0.0,7.0,46.0,1.0,0.0,0.0,426.0,54.0,0.0
694.0,1.0,11.0,51.0,1.0,0.0,0.0,474.0,70.0,0.0
529.0,0.0,6.0,34.0,1.0,0.0,0.0,336.0,74.0,0.0
536.0,0.0,9.0,39.0,2.0,0.0,0.0,361.0,53.0,0.0
700.0,1.0,11.0,57.0,4.0,0.0,0.0,462.0,74.0,0.0
756.0,0.0,19.0,64.0,1.0,0.0,0.0,511.0,91.0,0.0
740.0,0.0,19.0,62.0,1.0,0.0,0.0,495.0,93.0,0.0
817.0,0.0,19.0,70.0,1.0,0.0,0.0,557.0,98.0,0.0
594.0,0.0,7.0,47.0,1.0,0.0,0.0,382.0,82.0,0.0
533.0,0.0,7.0,36.0,2.0,0.0,0.0,353.0,58.0,0.0
648.0,1.0,11.0,47.0,1.0,0.0,0.0,436.0,66.0,0.0
1135.0,0.0,11.0,153.0,1.0,0.0,0.0,442.0,452.0,0.0
823.0,1.0,19.0,64.0,1.0,0.0,0.0,562.0,92.0,0.0
866.0,1.0,19.0,66.0,1.0,0.0,0.0,579.0,122.0,0.0
556.0,0.0,7.0,45.0,4.0,0.0,0.0,363.0,60.0,0.0
533.0,0.0,7.0,35.0,1.0,0.0,0.0,363.0,51.0,0.0
828.0,1.0,19.0,64.0,1.0,0.0,0.0,563.0,98.0,0.0
570.0,0.0,7.0,44.0,3.0,0.0,0.0,382.0,55.0,0.0
856.0,1.0,19.0,63.0,1.0,0.0,0.0,594.0,91.0,0.0
864.0,1.0,19.0,68.0,3.0,0.0,0.0,587.0,98.0,0.0
811.0,1.0,11.0,62.0,1.0,1.0,0.0,551.0,90.0,0.0
577.0,0.0,7.0,53.0,2.0,0.0,0.0,356.0,82.0,0.0
784.0,0.0,19.0,64.0,1.0,0.0,0.0,532.0,95.0,0.0
783.0,0.0,19.0,61.0,1.0,0.0,0.0,540.0,88.0,0.0
902.0,1.0,19.0,69.0,1.0,0.0,0.0,596.0,131.0,0.0
638.0,1.0,7.0,41.0,1.0,0.0,0.0,411.0,89.0,0.0
513.0,0.0,7.0,35.0,1.0,0.0,0.0,336.0,59.0,0.0
573.0,0.0,11.0,44.0,1.0,0.0,0.0,388.0,55.0,0.0
817.0,0.0,19.0,74.0,3.0,0.0,0.0,548.0,98.0,0.0
755.0,0.0,19.0,62.0,1.0,0.0,0.0,509.0,94.0,0.0
759.0,0.0,19.0,64.0,1.0,0.0,0.0,515.0,92.0,0.0
823.0,0.0,19.0,70.0,3.0,0.0,0.0,554.0,99.0,0.0
756.0,0.0,19.0,62.0,1.0,0.0,0.0,512.0,92.0,0.0
703.0,1.0,11.0,56.0,4.0,0.0,0.0,473.0,70.0,0.0
642.0,1.0,7.0,50.0,2.0,0.0,0.0,416.0,77.0,0.0
548.0,0.0,7.0,45.0,4.0,0.0,0.0,362.0,54.0,0.0
763.0,0.0,19.0,66.0,1.0,0.0,0.0,514.0,91.0,0.0
683.0,1.0,11.0,56.0,4.0,0.0,0.0,448.0,76.0,0.0
593.0,0.0,7.0,43.0,1.0,0.0,0.0,384.0,81.0,0.0
842.0,1.0,19.0,65.0,1.0,0.0,0.0,581.0,91.0,0.0
602.0,0.0,9.0,44.0,4.0,0.0,0.0,401.0,62.0,0.0
577.0,0.0,11.0,45.0,1.0,0.0,0.0,386.0,60.0,0.0
644.0,1.0,11.0,45.0,1.0,0.0,0.0,441.0,62.0,0.0
497.0,0.0,6.0,34.0,1.0,0.0,0.0,327.0,52.0,0.0
579.0,0.0,7.0,35.0,1.0,0.0,0.0,402.0,47.0,0.0
841.0,1.0,19.0,62.0,1.0,0.0,0.0,576.0,97.0,0.0
619.0,1.0,7.0,43.0,2.0,0.0,0.0,413.0,64.0,0.0
687.0,1.0,11.0,56.0,4.0,0.0,0.0,452.0,76.0,0.0
647.0,1.0,7.0,48.0,4.0,0.0,0.0,430.0,65.0,0.0
696.0,1.0,11.0,55.0,3.0,0.0,0.0,464.0,73.0,0.0
729.0,0.0,19.0,60.0,1.0,0.0,0.0,493.0,87.0,0.0
587.0,0.0,7.0,53.0,2.0,0.0,0.0,364.0,84.0,0.0
813.0,1.0,19.0,62.0,1.0,0.0,0.0,556.0,93.0,0.0
745.0,0.0,19.0,63.0,1.0,0.0,0.0,504.0,89.0,0.0
575.0,0.0,11.0,45.0,1.0,0.0,0.0,381.0,63.0,0.0
804.0,1.0,19.0,62.0,1.0,0.0,0.0,550.0,91.0,0.0
767.0,0.0,19.0,61.0,1.0,0.0,0.0,521.0,91.0,0.0
841.0,1.0,19.0,61.0,1.0,0.0,0.0,588.0,89.0,0.0
613.0,0.0,11.0,56.0,4.0,0.0,0.0,392.0,75.0,0.0
500.0,0.0,6.0,34.0,1.0,0.0,0.0,329.0,53.0,0.0
637.0,1.0,11.0,44.0,1.0,0.0,0.0,440.0,57.0,0.0
842.0,0.0,19.0,78.0,4.0,0.0,0.0,560.0,101.0,0.0
832.0,1.0,19.0,64.0,1.0,0.0,0.0,571.0,93.0,0.0
526.0,0.0,6.0,34.0,1.0,0.0,0.0,359.0,47.0,0.0
572.0,0.0,11.0,45.0,1.0,0.0,0.0,386.0,57.0,0.0
641.0,1.0,11.0,45.0,1.0,0.0,0.0,442.0,58.0,0.0
821.0,1.0,19.0,64.0,1.0,0.0,0.0,567.0,87.0,0.0
659.0,1.0,11.0,48.0,1.0,0.0,0.0,433.0,80.0,0.0
630.0,1.0,11.0,43.0,1.0,0.0,0.0,442.0,49.0,0.0
578.0,0.0,11.0,49.0,1.0,0.0,0.0,375.0,67.0,0.0
531.0,0.0,7.0,40.0,1.0,0.0,0.0,343.0,63.0,0.0
527.0,0.0,6.0,34.0,1.0,0.0,0.0,337.0,71.0,0.0
568.0,0.0,11.0,44.0,1.0,0.0,0.0,391.0,50.0,0.0
485.0,0.0,6.0,32.0,1.0,0.0,0.0,322.0,47.0,0.0
748.0,0.0,19.0,61.0,1.0,0.0,0.0,510.0,87.0,0.0
636.0,1.0,11.0,43.0,1.0,0.0,0.0,437.0,60.0,0.0
809.0,0.0,19.0,69.0,3.0,0.0,0.0,550.0,89.0,0.0
840.0,1.0,19.0,62.0,1.0,0.0,0.0,588.0,85.0,0.0
629.0,1.0,11.0,45.0,1.0,0.0,0.0,429.0,57.0,0.0
565.0,0.0,11.0,43.0,1.0,0.0,0.0,383.0,55.0,0.0
840.0,1.0,19.0,64.0,1.0,0.0,0.0,582.0,88.0,0.0
522.0,0.0,6.0,35.0,1.0,0.0,0.0,351.0,50.0,0.0
573.0,0.0,7.0,39.0,1.0,0.0,0.0,365.0,84.0,0.0
498.0,0.0,6.0,33.0,1.0,0.0,0.0,336.0,47.0,0.0
834.0,1.0,19.0,63.0,1.0,0.0,0.0,574.0,94.0,0.0
571.0,0.0,11.0,44.0,1.0,0.0,0.0,392.0,51.0,0.0
776.0,0.0,19.0,69.0,1.0,0.0,0.0,514.0,104.0,0.0
765.0,0.0,19.0,64.0,1.0,0.0,0.0,518.0,91.0,0.0
827.0,1.0,19.0,63.0,1.0,0.0,0.0,569.0,92.0,0.0
510.0,0.0,6.0,33.0,1.0,0.0,0.0,328.0,66.0,0.0
499.0,0.0,6.0,33.0,1.0,0.0,0.0,325.0,57.0,0.0
512.0,0.0,7.0,36.0,1.0,0.0,0.0,337.0,56.0,0.0
622.0,1.0,9.0,43.0,2.0,0.0,0.0,421.0,62.0,0.0
834.0,1.0,19.0,64.0,1.0,0.0,0.0,569.0,97.0,0.0
569.0,0.0,11.0,44.0,1.0,0.0,0.0,380.0,62.0,0.0
762.0,0.0,19.0,63.0,1.0,0.0,0.0,515.0,93.0,0.0
575.0,0.0,7.0,41.0,1.0,0.0,0.0,365.0,85.0,0.0
767.0,0.0,19.0,62.0,1.0,0.0,0.0,524.0,90.0,0.0
634.0,0.0,11.0,61.0,2.0,0.0,0.0,395.0,92.0,0.0
701.0,1.0,11.0,57.0,4.0,0.0,0.0,464.0,73.0,0.0
683.0,0.0,7.0,53.0,1.0,1.0,0.0,456.0,82.0,0.0
508.0,0.0,6.0,35.0,1.0,0.0,0.0,343.0,47.0,0.0
494.0,0.0,6.0,33.0,1.0,0.0,0.0,324.0,54.0,0.0
607.0,1.0,7.0,36.0,1.0,0.0,0.0,418.0,56.0,0.0
598.0,1.0,7.0,39.0,1.0,0.0,0.0,401.0,62.0,0.0
820.0,1.0,19.0,64.0,1.0,0.0,0.0,558.0,96.0,0.0
1186.0,1.0,11.0,152.0,1.0,0.0,0.0,479.0,456.0,0.0
529.0,0.0,6.0,34.0,1.0,0.0,0.0,343.0,67.0,0.0
556.0,0.0,7.0,44.0,3.0,0.0,0.0,364.0,60.0,0.0
838.0,1.0,19.0,62.0,1.0,0.0,0.0,579.0,90.0,0.0
911.0,1.0,19.0,80.0,2.0,0.0,0.0,601.0,123.0,0.0
774.0,0.0,19.0,63.0,1.0,0.0,0.0,523.0,95.0,0.0
800.0,0.0,19.0,70.0,1.0,0.0,0.0,513.0,129.0,0.0
540.0,0.0,9.0,40.0,2.0,0.0,0.0,366.0,51.0,0.0
570.0,0.0,11.0,44.0,1.0,0.0,0.0,382.0,61.0,0.0
581.0,0.0,11.0,48.0,1.0,0.0,0.0,379.0,67.0,0.0
649.0,1.0,11.0,48.0,1.0,0.0,0.0,437.0,64.0,0.0
800.0,0.0,19.0,66.0,3.0,0.0,0.0,542.0,92.0,0.0
614.0,1.0,9.0,40.0,2.0,0.0,0.0,413.0,63.0,0.0
835.0,1.0,19.0,62.0,1.0,0.0,0.0,574.0,93.0,0.0
508.0,0.0,6.0,35.0,1.0,0.0,0.0,344.0,46.0,0.0
861.0,1.0,19.0,68.0,1.0,0.0,0.0,584.0,101.0,0.0
519.0,0.0,6.0,34.0,1.0,0.0,0.0,335.0,66.0,0.0
550.0,0.0,9.0,40.0,2.0,0.0,0.0,374.0,52.0,0.0
833.0,1.0,19.0,63.0,1.0,0.0,0.0,574.0,95.0,0.0
641.0,1.0,11.0,45.0,1.0,0.0,0.0,440.0,60.0,0.0
560.0,0.0,7.0,38.0,1.0,0.0,0.0,359.0,79.0,0.0
622.0,0.0,9.0,47.0,2.0,0.0,0.0,405.0,83.0,0.0
629.0,0.0,11.0,52.0,1.0,0.0,0.0,425.0,64.0,0.0
760.0,0.0,19.0,64.0,1.0,0.0,0.0,515.0,90.0,0.0
813.0,1.0,19.0,63.0,1.0,0.0,0.0,560.0,88.0,0.0
898.0,1.0,19.0,77.0,2.0,0.0,0.0,592.0,121.0,0.0
632.0,0.0,11.0,43.0,1.0,0.0,0.0,439.0,54.0,0.0
626.0,0.0,11.0,48.0,1.0,0.0,0.0,411.0,80.0,0.0
830.0,1.0,19.0,63.0,1.0,0.0,0.0,564.0,99.0,0.0
580.0,0.0,11.0,49.0,1.0,0.0,0.0,374.0,70.0,0.0
764.0,0.0,19.0,65.0,1.0,0.0,0.0,525.0,85.0,0.0
648.0,0.0,11.0,55.0,1.0,0.0,0.0,429.0,81.0,0.0
559.0,0.0,11.0,43.0,1.0,0.0,0.0,385.0,48.0,0.0
827.0,1.0,19.0,64.0,1.0,0.0,0.0,564.0,95.0,0.0
570.0,0.0,11.0,46.0,1.0,0.0,0.0,389.0,52.0,0.0
651.0,1.0,11.0,46.0,1.0,0.0,0.0,454.0,54.0,0.0
753.0,0.0,19.0,62.0,1.0,0.0,0.0,514.0,84.0,0.0
845.0,1.0,19.0,62.0,1.0,0.0,0.0,575.0,96.0,0.0
610.0,1.0,9.0,40.0,2.0,0.0,0.0,418.0,54.0,0.0
643.0,1.0,9.0,49.0,5.0,0.0,0.0,426.0,68.0,0.0
570.0,0.0,11.0,44.0,1.0,0.0,0.0,386.0,56.0,0.0
520.0,0.0,6.0,35.0,1.0,0.0,0.0,346.0,53.0,0.0
481.0,0.0,6.0,31.0,1.0,0.0,0.0,315.0,52.0,0.0
578.0,0.0,7.0,40.0,1.0,0.0,0.0,375.0,78.0,0.0
566.0,0.0,11.0,44.0,1.0,0.0,0.0,384.0,55.0,0.0
608.0,1.0,7.0,40.0,1.0,0.0,0.0,408.0,61.0,0.0
641.0,1.0,11.0,45.0,1.0,0.0,0.0,435.0,65.0,0.0
669.0,1.0,9.0,44.0,2.0,0.0,0.0,439.0,87.0,0.0
619.0,0.0,11.0,49.0,1.0,0.0,0.0,391.0,93.0,0.0
858.0,1.0,19.0,65.0,1.0,0.0,0.0,588.0,99.0,0.0
531.0,0.0,6.0,35.0,1.0,0.0,0.0,357.0,52.0,0.0
839.0,1.0,19.0,64.0,1.0,0.0,0.0,585.0,88.0,0.0
762.0,0.0,19.0,63.0,1.0,0.0,0.0,519.0,88.0,0.0
1073.0,0.0,7.0,144.0,1.0,0.0,0.0,400.0,444.0,0.0
649.0,0.0,11.0,52.0,1.0,0.0,0.0,421.0,88.0,0.0
679.0,1.0,7.0,43.0,1.0,0.0,0.0,439.0,99.0,0.0
543.0,0.0,9.0,39.0,2.0,0.0,0.0,369.0,50.0,0.0
1304.0,0.0,19.0,172.0,1.0,0.0,0.0,558.0,484.0,0.0
585.0,0.0,7.0,43.0,1.0,0.0,0.0,365.0,93.0,0.0
587.0,0.0,7.0,53.0,2.0,0.0,0.0,366.0,82.0,0.0
745.0,0.0,19.0,61.0,1.0,0.0,0.0,506.0,89.0,0.0
702.0,1.0,11.0,49.0,1.0,0.0,0.0,461.0,92.0,0.0
641.0,1.0,11.0,45.0,1.0,0.0,0.0,439.0,60.0,0.0
636.0,1.0,11.0,44.0,1.0,0.0,0.0,438.0,55.0,0.0
766.0,0.0,19.0,63.0,1.0,0.0,0.0,526.0,87.0,0.0
491.0,0.0,6.0,31.0,1.0,0.0,0.0,326.0,49.0,0.0
829.0,1.0,19.0,64.0,1.0,0.0,0.0,567.0,95.0,0.0
801.0,1.0,19.0,63.0,1.0,0.0,0.0,547.0,91.0,0.0
898.0,1.0,19.0,75.0,2.0,0.0,0.0,607.0,109.0,0.0
697.0,1.0,7.0,49.0,1.0,0.0,0.0,449.0,102.0,0.0
570.0,0.0,11.0,45.0,1.0,0.0,0.0,378.0,61.0,0.0
752.0,0.0,19.0,64.0,1.0,0.0,0.0,507.0,92.0,0.0
767.0,0.0,19.0,64.0,1.0,0.0,0.0,526.0,88.0,0.0
573.0,0.0,11.0,44.0,1.0,0.0,0.0,379.0,64.0,0.0
731.0,0.0,19.0,62.0,1.0,0.0,0.0,488.0,94.0,0.0
584.0,1.0,7.0,36.0,1.0,0.0,0.0,399.0,53.0,0.0
975.0,1.0,19.0,82.0,1.0,1.0,0.0,663.0,119.0,0.0
804.0,1.0,19.0,65.0,1.0,0.0,0.0,543.0,95.0,0.0
836.0,1.0,19.0,65.0,1.0,0.0,0.0,574.0,91.0,0.0
542.0,0.0,9.0,39.0,2.0,0.0,0.0,360.0,58.0,0.0
561.0,0.0,11.0,44.0,1.0,0.0,0.0,378.0,56.0,0.0
644.0,1.0,11.0,46.0,1.0,0.0,0.0,453.0,49.0,0.0
662.0,1.0,9.0,54.0,2.0,0.0,0.0,426.0,83.0,0.0
556.0,0.0,11.0,44.0,1.0,0.0,0.0,364.0,64.0,0.0
558.0,0.0,9.0,40.0,3.0,0.0,0.0,376.0,56.0,0.0
630.0,0.0,11.0,43.0,1.0,0.0,0.0,431.0,61.0,0.0
512.0,0.0,7.0,36.0,1.0,0.0,0.0,339.0,54.0,0.0
751.0,0.0,19.0,63.0,1.0,0.0,0.0,510.0,88.0,0.0
816.0,1.0,19.0,62.0,1.0,0.0,0.0,562.0,89.0,0.0
836.0,1.0,19.0,64.0,1.0,0.0,0.0,576.0,93.0,0.0
826.0,0.0,19.0,73.0,1.0,0.0,0.0,546.0,117.0,0.0
646.0,1.0,7.0,44.0,2.0,0.0,0.0,432.0,70.0,0.0
802.0,1.0,19.0,61.0,1.0,0.0,0.0,552.0,88.0,0.0
523.0,0.0,6.0,34.0,1.0,0.0,0.0,337.0,67.0,0.0
630.0,1.0,7.0,38.0,1.0,0.0,0.0,418.0,77.0,0.0
812.0,1.0,19.0,62.0,1.0,0.0,0.0,557.0,90.0,0.0
513.0,0.0,6.0,33.0,1.0,0.0,0.0,325.0,72.0,0.0
701.0,1.0,11.0,57.0,4.0,0.0,0.0,463.0,74.0,0.0
614.0,1.0,9.0,40.0,2.0,0.0,0.0,425.0,51.0,0.0
619.0,1.0,7.0,43.0,2.0,0.0,0.0,409.0,68.0,0.0
630.0,1.0,11.0,43.0,1.0,0.0,0.0,440.0,51.0,0.0
1171.0,1.0,9.0,148.0,2.0,0.0,0.0,467.0,458.0,0.0
517.0,0.0,7.0,36.0,1.0,0.0,0.0,346.0,52.0,0.0
693.0,1.0,11.0,57.0,4.0,0.0,0.0,457.0,73.0,0.0
810.0,1.0,19.0,61.0,1.0,0.0,0.0,559.0,88.0,0.0
494.0,0.0,6.0,33.0,1.0,0.0,0.0,329.0,49.0,0.0
1197.0,1.0,11.0,152.0,1.0,0.0,0.0,503.0,444.0,0.0
815.0,0.0,19.0,67.0,1.0,0.0,0.0,534.0,121.0,0.0
556.0,0.0,11.0,44.0,1.0,0.0,0.0,376.0,53.0,0.0
594.0,1.0,7.0,39.0,1.0,0.0,0.0,398.0,61.0,0.0
612.0,0.0,11.0,53.0,2.0,0.0,0.0,390.0,80.0,0.0
764.0,0.0,19.0,62.0,1.0,0.0,0.0,523.0,89.0,0.0
585.0,1.0,7.0,36.0,1.0,0.0,0.0,400.0,53.0,0.0
497.0,0.0,6.0,33.0,1.0,0.0,0.0,337.0,44.0,0.0
637.0,1.0,11.0,44.0,1.0,0.0,0.0,441.0,56.0,0.0
586.0,1.0,7.0,36.0,1.0,0.0,0.0,399.0,55.0,0.0
655.0,1.0,7.0,44.0,3.0,0.0,0.0,447.0,62.0,0.0
790.0,0.0,19.0,71.0,2.0,0.0,0.0,517.0,109.0,0.0
754.0,0.0,19.0,63.0,1.0,0.0,0.0,504.0,98.0,0.0
829.0,1.0,19.0,63.0,1.0,0.0,0.0,567.0,92.0,0.0
770.0,0.0,19.0,64.0,1.0,0.0,0.0,517.0,96.0,0.0
488.0,0.0,6.0,32.0,1.0,0.0,0.0,319.0,54.0,0.0
517.0,0.0,6.0,33.0,1.0,0.0,0.0,338.0,62.0,0.0
643.0,1.0,11.0,45.0,1.0,0.0,0.0,439.0,60.0,0.0
647.0,1.0,11.0,46.0,1.0,0.0,0.0,437.0,68.0,0.0
893.0,1.0,19.0,69.0,3.0,0.0,0.0,607.0,103.0,0.0
614.0,0.0,11.0,52.0,3.0,0.0,0.0,410.0,64.0,0.0
820.0,1.0,19.0,63.0,1.0,0.0,0.0,565.0,90.0,0.0
843.0,0.0,19.0,75.0,1.0,0.0,0.0,552.0,128.0,0.0
776.0,0.0,19.0,70.0,3.0,0.0,0.0,523.0,90.0,0.0
513.0,0.0,6.0,34.0,1.0,0.0,0.0,343.0,52.0,0.0
543.0,0.0,9.0,39.0,2.0,0.0,0.0,364.0,54.0,0.0
893.0,0.0,19.0,79.0,1.0,1.0,0.0,606.0,114.0,0.0
656.0,1.0,7.0,47.0,2.0,0.0,0.0,435.0,74.0,0.0
898.0,1.0,19.0,69.0,1.0,0.0,0.0,591.0,131.0,0.0
851.0,1.0,19.0,65.0,1.0,0.0,0.0,584.0,94.0,0.0
507.0,0.0,6.0,34.0,1.0,0.0,0.0,339.0,49.0,0.0
537.0,0.0,9.0,39.0,2.0,0.0,0.0,365.0,50.0,0.0
480.0,0.0,6.0,31.0,1.0,0.0,0.0,316.0,50.0,0.0
884.0,1.0,19.0,68.0,1.0,0.0,0.0,586.0,125.0,0.0
780.0,0.0,19.0,70.0,1.0,0.0,0.0,526.0,91.0,0.0
744.0,0.0,19.0,62.0,1.0,0.0,0.0,496.0,96.0,0.0
513.0,0.0,6.0,34.0,1.0,0.0,0.0,349.0,45.0,0.0
779.0,0.0,19.0,64.0,1.0,0.0,0.0,527.0,97.0,0.0
551.0,0.0,7.0,45.0,4.0,0.0,0.0,361.0,58.0,0.0
909.0,1.0,19.0,66.0,3.0,0.0,0.0,625.0,100.0,0.0
828.0,1.0,19.0,63.0,1.0,0.0,0.0,574.0,89.0,0.0
607.0,1.0,9.0,39.0,2.0,0.0,0.0,415.0,57.0,0.0
751.0,0.0,19.0,65.0,1.0,0.0,0.0,500.0,96.0,0.0
638.0,1.0,7.0,41.0,1.0,0.0,0.0,412.0,88.0,0.0
749.0,0.0,19.0,60.0,1.0,0.0,0.0,507.0,92.0,0.0
528.0,0.0,6.0,36.0,1.0,0.0,0.0,352.0,54.0,0.0
486.0,0.0,6.0,32.0,1.0,0.0,0.0,321.0,50.0,0.0
578.0,0.0,7.0,41.0,1.0,0.0,0.0,369.0,84.0,0.0
538.0,0.0,9.0,40.0,2.0,0.0,0.0,363.0,52.0,0.0
667.0,0.0,11.0,57.0,1.0,0.0,0.0,437.0,90.0,0.0
818.0,1.0,19.0,61.0,1.0,0.0,0.0,557.0,101.0,0.0
640.0,1.0,11.0,44.0,1.0,0.0,0.0,429.0,68.0,0.0
681.0,1.0,11.0,47.0,1.0,0.0,0.0,458.0,79.0,0.0
743.0,0.0,19.0,60.0,1.0,0.0,0.0,507.0,87.0,0.0
671.0,1.0,11.0,53.0,4.0,0.0,0.0,452.0,66.0,0.0
539.0,0.0,7.0,40.0,1.0,0.0,0.0,352.0,61.0,0.0
671.0,1.0,9.0,44.0,2.0,0.0,0.0,442.0,86.0,0.0
747.0,0.0,19.0,62.0,1.0,0.0,0.0,510.0,86.0,0.0
760.0,0.0,19.0,64.0,1.0,0.0,0.0,511.0,94.0,0.0
598.0,1.0,7.0,36.0,1.0,0.0,0.0,411.0,54.0,0.0
708.0,1.0,9.0,53.0,2.0,0.0,0.0,456.0,103.0,0.0
628.0,1.0,9.0,44.0,2.0,0.0,0.0,423.0,63.0,0.0
679.0,1.0,9.0,47.0,2.0,0.0,0.0,434.0,101.0,0.0
673.0,1.0,9.0,44.0,2.0,0.0,0.0,441.0,89.0,0.0
813.0,1.0,19.0,61.0,1.0,0.0,0.0,562.0,87.0,0.0
630.0,1.0,7.0,44.0,2.0,0.0,0.0,419.0,67.0,0.0
572.0,0.0,7.0,45.0,4.0,0.0,0.0,376.0,63.0,0.0
645.0,1.0,7.0,43.0,1.0,0.0,0.0,438.0,66.0,0.0
639.0,1.0,11.0,45.0,1.0,0.0,0.0,442.0,56.0,0.0
855.0,1.0,19.0,67.0,1.0,0.0,0.0,578.0,102.0,0.0
567.0,0.0,11.0,43.0,1.0,0.0,0.0,382.0,59.0,0.0
564.0,0.0,11.0,44.0,1.0,0.0,0.0,383.0,54.0,0.0
637.0,1.0,11.0,44.0,1.0,0.0,0.0,443.0,51.0,0.0
813.0,1.0,19.0,61.0,1.0,0.0,0.0,559.0,92.0,0.0
630.0,1.0,11.0,44.0,1.0,0.0,0.0,434.0,56.0,0.0
626.0,0.0,11.0,48.0,3.0,0.0,0.0,418.0,64.0,0.0
738.0,1.0,11.0,57.0,1.0,0.0,0.0,480.0,105.0,0.0
754.0,0.0,19.0,63.0,1.0,0.0,0.0,515.0,85.0,0.0
634.0,1.0,11.0,44.0,1.0,0.0,0.0,441.0,52.0,0.0
638.0,0.0,9.0,53.0,2.0,0.0,0.0,403.0,99.0,0.0
763.0,0.0,19.0,64.0,1.0,0.0,0.0,521.0,85.0,0.0
598.0,1.0,7.0,39.0,1.0,0.0,0.0,405.0,58.0,0.0
581.0,1.0,7.0,35.0,1.0,0.0,0.0,398.0,52.0,0.0
712.0,1.0,11.0,55.0,1.0,0.0,0.0,482.0,79.0,0.0
825.0,1.0,19.0,63.0,1.0,0.0,0.0,569.0,89.0,0.0
837.0,1.0,19.0,62.0,1.0,0.0,0.0,582.0,91.0,0.0
777.0,0.0,19.0,66.0,1.0,0.0,0.0,527.0,92.0,0.0
601.0,1.0,9.0,40.0,1.0,0.0,0.0,404.0,61.0,0.0
781.0,0.0,19.0,63.0,1.0,0.0,0.0,531.0,94.0,0.0
581.0,1.0,7.0,36.0,1.0,0.0,0.0,394.0,55.0,0.0
810.0,1.0,19.0,63.0,1.0,0.0,0.0,546.0,98.0,0.0
760.0,0.0,19.0,63.0,1.0,0.0,0.0,513.0,94.0,0.0
817.0,1.0,19.0,61.0,1.0,0.0,0.0,563.0,91.0,0.0
821.0,1.0,19.0,64.0,1.0,0.0,0.0,561.0,92.0,0.0
609.0,0.0,9.0,39.0,2.0,0.0,0.0,415.0,58.0,0.0
823.0,1.0,19.0,62.0,1.0,0.0,0.0,568.0,89.0,0.0
750.0,0.0,19.0,60.0,1.0,0.0,0.0,510.0,87.0,0.0
812.0,1.0,19.0,63.0,1.0,0.0,0.0,561.0,87.0,0.0
776.0,0.0,19.0,63.0,1.0,0.0,0.0,526.0,94.0,0.0
645.0,1.0,11.0,45.0,1.0,0.0,0.0,435.0,66.0,0.0
831.0,1.0,19.0,63.0,1.0,0.0,0.0,573.0,91.0,0.0
860.0,1.0,19.0,71.0,1.0,0.0,0.0,589.0,98.0,0.0
513.0,0.0,7.0,35.0,1.0,0.0,0.0,335.0,60.0,0.0
753.0,0.0,19.0,64.0,1.0,0.0,0.0,512.0,87.0,0.0
752.0,0.0,19.0,63.0,1.0,0.0,0.0,514.0,87.0,0.0
503.0,0.0,6.0,33.0,1.0,0.0,0.0,342.0,45.0,0.0
538.0,0.0,7.0,36.0,1.0,0.0,0.0,368.0,50.0,0.0
569.0,0.0,7.0,45.0,1.0,0.0,0.0,376.0,64.0,0.0
508.0,0.0,6.0,32.0,1.0,0.0,0.0,325.0,67.0,0.0
754.0,0.0,19.0,62.0,1.0,0.0,0.0,512.0,90.0,0.0
636.0,1.0,7.0,43.0,1.0,0.0,0.0,435.0,60.0,0.0
768.0,0.0,19.0,64.0,1.0,0.0,0.0,525.0,86.0,0.0
536.0,0.0,7.0,36.0,1.0,0.0,0.0,370.0,46.0,0.0
822.0,1.0,19.0,62.0,1.0,0.0,0.0,563.0,93.0,0.0
520.0,0.0,6.0,35.0,1.0,0.0,0.0,347.0,51.0,0.0
484.0,0.0,6.0,31.0,1.0,0.0,0.0,326.0,44.0,0.0
758.0,0.0,19.0,62.0,1.0,0.0,0.0,518.0,84.0,0.0
572.0,0.0,11.0,44.0,1.0,0.0,0.0,382.0,61.0,0.0
487.0,0.0,6.0,32.0,1.0,0.0,0.0,321.0,51.0,0.0
824.0,1.0,19.0,62.0,1.0,0.0,0.0,558.0,100.0,0.0
522.0,0.0,6.0,35.0,1.0,0.0,0.0,347.0,53.0,0.0
706.0,1.0,11.0,48.0,3.0,0.0,0.0,484.0,66.0,0.0
812.0,0.0,19.0,75.0,4.0,0.0,0.0,543.0,99.0,0.0
824.0,1.0,19.0,63.0,1.0,0.0,0.0,563.0,97.0,0.0
829.0,0.0,19.0,79.0,2.0,0.0,0.0,532.0,122.0,0.0
646.0,1.0,11.0,46.0,1.0,0.0,0.0,444.0,59.0,0.0
524.0,0.0,6.0,34.0,1.0,0.0,0.0,335.0,70.0,0.0
561.0,0.0,11.0,43.0,1.0,0.0,0.0,385.0,50.0,0.0
814.0,1.0,19.0,63.0,1.0,0.0,0.0,557.0,91.0,0.0
770.0,0.0,19.0,62.0,1.0,0.0,0.0,524.0,93.0,0.0
654.0,1.0,11.0,48.0,1.0,0.0,0.0,438.0,69.0,0.0
745.0,0.0,19.0,62.0,1.0,0.0,0.0,500.0,90.0,0.0
621.0,0.0,11.0,56.0,2.0,0.0,0.0,399.0,77.0,0.0
593.0,0.0,9.0,44.0,1.0,0.0,0.0,375.0,88.0,0.0
820.0,1.0,19.0,62.0,1.0,0.0,0.0,564.0,93.0,0.0
566.0,0.0,11.0,43.0,1.0,0.0,0.0,388.0,51.0,0.0
890.0,1.0,19.0,81.0,2.0,0.0,0.0,581.0,121.0,0.0
680.0,1.0,11.0,47.0,1.0,0.0,0.0,448.0,88.0,0.0
773.0,0.0,19.0,68.0,1.0,0.0,0.0,505.0,108.0,0.0
829.0,1.0,19.0,64.0,1.0,0.0,0.0,561.0,102.0,0.0
618.0,1.0,7.0,47.0,4.0,0.0,0.0,405.0,66.0,0.0
647.0,1.0,7.0,40.0,1.0,0.0,0.0,421.0,88.0,0.0
498.0,0.0,6.0,33.0,1.0,0.0,0.0,335.0,47.0,0.0
572.0,0.0,11.0,45.0,1.0,0.0,0.0,383.0,60.0,0.0
801.0,1.0,19.0,62.0,1.0,0.0,0.0,556.0,81.0,0.0
832.0,1.0,19.0,64.0,1.0,0.0,0.0,566.0,97.0,0.0
486.0,0.0,6.0,31.0,1.0,0.0,0.0,332.0,39.0,0.0
849.0,1.0,19.0,63.0,1.0,0.0,0.0,591.0,91.0,0.0
744.0,0.0,19.0,65.0,1.0,0.0,0.0,501.0,90.0,0.0
594.0,1.0,7.0,40.0,1.0,0.0,0.0,388.0,68.0,0.0
650.0,1.0,11.0,44.0,1.0,0.0,0.0,448.0,61.0,0.0
824.0,1.0,19.0,64.0,1.0,0.0,0.0,561.0,98.0,0.0
529.0,0.0,6.0,35.0,1.0,0.0,0.0,343.0,68.0,0.0
796.0,1.0,19.0,62.0,1.0,0.0,0.0,541.0,92.0,0.0
516.0,0.0,7.0,36.0,1.0,0.0,0.0,343.0,54.0,0.0
834.0,1.0,19.0,62.0,1.0,0.0,0.0,575.0,91.0,0.0
939.0,1.0,19.0,78.0,1.0,0.0,0.0,624.0,136.0,0.0
732.0,0.0,19.0,64.0,1.0,0.0,0.0,483.0,95.0,0.0
819.0,1.0,19.0,64.0,1.0,0.0,0.0,560.0,91.0,0.0
574.0,0.0,11.0,45.0,1.0,0.0,0.0,392.0,54.0,0.0
588.0,1.0,7.0,39.0,1.0,0.0,0.0,391.0,62.0,0.0
833.0,1.0,19.0,64.0,1.0,0.0,0.0,562.0,104.0,0.0
734.0,0.0,19.0,63.0,1.0,0.0,0.0,492.0,92.0,0.0
826.0,1.0,19.0,63.0,1.0,0.0,0.0,575.0,84.0,0.0
525.0,0.0,6.0,34.0,1.0,0.0,0.0,340.0,66.0,0.0
637.0,1.0,11.0,43.0,1.0,0.0,0.0,440.0,56.0,0.0
742.0,0.0,19.0,61.0,1.0,0.0,0.0,492.0,101.0,0.0
549.0,0.0,7.0,39.0,1.0,0.0,0.0,368.0,58.0,0.0
644.0,1.0,7.0,41.0,1.0,0.0,0.0,415.0,91.0,0.0
841.0,1.0,19.0,66.0,1.0,0.0,0.0,579.0,91.0,0.0
575.0,0.0,11.0,44.0,1.0,0.0,0.0,394.0,54.0,0.0
638.0,0.0,11.0,54.0,1.0,0.0,0.0,403.0,95.0,0.0
570.0,0.0,11.0,45.0,1.0,0.0,0.0,380.0,59.0,0.0
523.0,0.0,6.0,35.0,1.0,0.0,0.0,351.0,50.0,0.0
831.0,1.0,19.0,66.0,1.0,0.0,0.0,569.0,95.0,0.0
845.0,1.0,19.0,63.0,1.0,0.0,0.0,586.0,90.0,0.0
848.0,1.0,19.0,75.0,4.0,0.0,0.0,558.0,110.0,0.0
840.0,1.0,19.0,64.0,1.0,0.0,0.0,576.0,94.0,0.0
504.0,0.0,6.0,33.0,1.0,0.0,0.0,332.0,54.0,0.0
697.0,1.0,11.0,58.0,2.0,0.0,0.0,456.0,84.0,0.0
500.0,0.0,6.0,32.0,1.0,0.0,0.0,330.0,54.0,0.0
531.0,0.0,7.0,40.0,1.0,0.0,0.0,347.0,59.0,0.0
581.0,0.0,7.0,38.0,1.0,0.0,0.0,386.0,72.0,0.0
811.0,1.0,19.0,62.0,1.0,0.0,0.0,551.0,98.0,0.0
493.0,0.0,6.0,32.0,1.0,0.0,0.0,332.0,47.0,0.0
565.0,0.0,11.0,43.0,1.0,0.0,0.0,384.0,55.0,0.0
837.0,1.0,19.0,66.0,1.0,0.0,0.0,573.0,95.0,0.0
758.0,0.0,19.0,62.0,1.0,0.0,0.0,520.0,83.0,0.0
633.0,1.0,11.0,43.0,1.0,0.0,0.0,439.0,55.0,0.0
487.0,0.0,6.0,31.0,1.0,0.0,0.0,323.0,48.0,0.0
561.0,0.0,11.0,43.0,1.0,0.0,0.0,384.0,50.0,0.0
732.0,0.0,19.0,61.0,1.0,0.0,0.0,497.0,86.0,0.0
866.0,1.0,19.0,63.0,1.0,0.0,0.0,601.0,94.0,0.0
765.0,0.0,19.0,62.0,1.0,0.0,0.0,527.0,83.0,0.0
890.0,1.0,19.0,84.0,2.0,0.0,0.0,578.0,124.0,0.0
560.0,0.0,11.0,43.0,1.0,0.0,0.0,384.0,50.0,0.0
678.0,1.0,9.0,52.0,5.0,0.0,0.0,445.0,75.0,0.0
878.0,1.0,19.0,76.0,4.0,0.0,0.0,588.0,106.0,0.0
678.0,1.0,9.0,44.0,3.0,0.0,0.0,460.0,64.0,0.0
636.0,0.0,11.0,51.0,1.0,0.0,0.0,404.0,94.0,0.0
609.0,0.0,9.0,49.0,2.0,0.0,0.0,381.0,96.0,0.0
584.0,0.0,7.0,35.0,1.0,0.0,0.0,400.0,53.0,0.0
510.0,0.0,6.0,35.0,1.0,0.0,0.0,342.0,50.0,0.0
832.0,1.0,19.0,61.0,1.0,0.0,0.0,570.0,96.0,0.0
749.0,0.0,19.0,65.0,1.0,0.0,0.0,497.0,95.0,0.0
530.0,0.0,7.0,36.0,1.0,0.0,0.0,355.0,55.0,0.0
547.0,0.0,9.0,40.0,2.0,0.0,0.0,367.0,54.0,0.0
565.0,0.0,11.0,43.0,1.0,0.0,0.0,390.0,49.0,0.0
547.0,0.0,9.0,40.0,2.0,0.0,0.0,364.0,58.0,0.0
611.0,1.0,9.0,39.0,2.0,0.0,0.0,420.0,54.0,0.0
603.0,1.0,7.0,36.0,1.0,0.0,0.0,411.0,58.0,0.0
701.0,1.0,11.0,62.0,2.0,0.0,0.0,447.0,91.0,0.0
739.0,0.0,19.0,62.0,1.0,0.0,0.0,499.0,89.0,0.0
613.0,0.0,7.0,46.0,1.0,0.0,0.0,419.0,61.0,0.0
636.0,1.0,11.0,44.0,1.0,0.0,0.0,439.0,54.0,0.0
512.0,0.0,6.0,34.0,1.0,0.0,0.0,341.0,51.0,0.0
515.0,0.0,7.0,36.0,1.0,0.0,0.0,345.0,51.0,0.0
559.0,0.0,9.0,40.0,2.0,0.0,0.0,380.0,53.0,0.0
711.0,1.0,11.0,52.0,1.0,0.0,0.0,456.0,103.0,0.0
660.0,1.0,7.0,40.0,3.0,0.0,0.0,456.0,55.0,0.0
836.0,1.0,19.0,68.0,1.0,0.0,0.0,557.0,106.0,0.0
642.0,1.0,7.0,40.0,1.0,0.0,0.0,417.0,88.0,0.0
506.0,0.0,6.0,33.0,1.0,0.0,0.0,337.0,52.0,0.0
864.0,1.0,19.0,61.0,1.0,0.0,0.0,612.0,85.0,0.0
568.0,0.0,11.0,43.0,1.0,0.0,0.0,384.0,58.0,0.0
742.0,0.0,19.0,61.0,1.0,0.0,0.0,505.0,85.0,0.0
765.0,0.0,19.0,64.0,1.0,0.0,0.0,516.0,95.0,0.0
566.0,0.0,7.0,44.0,3.0,0.0,0.0,371.0,63.0,0.0
573.0,0.0,11.0,44.0,1.0,0.0,0.0,386.0,57.0,0.0
863.0,1.0,19.0,75.0,4.0,0.0,0.0,570.0,111.0,0.0
750.0,0.0,19.0,61.0,1.0,0.0,0.0,511.0,88.0,0.0
836.0,1.0,19.0,65.0,1.0,0.0,0.0,575.0,91.0,0.0
504.0,0.0,6.0,32.0,1.0,0.0,0.0,317.0,72.0,0.0
823.0,1.0,19.0,66.0,1.0,0.0,0.0,562.0,93.0,0.0
569.0,0.0,7.0,41.0,1.0,0.0,0.0,360.0,84.0,0.0
757.0,0.0,19.0,64.0,1.0,0.0,0.0,507.0,98.0,0.0
772.0,0.0,19.0,64.0,2.0,0.0,0.0,514.0,100.0,0.0
494.0,0.0,6.0,32.0,1.0,0.0,0.0,327.0,50.0,0.0
749.0,0.0,19.0,62.0,1.0,0.0,0.0,509.0,89.0,0.0
641.0,1.0,11.0,43.0,1.0,0.0,0.0,442.0,59.0,0.0
816.0,1.0,19.0,64.0,1.0,0.0,0.0,547.0,100.0,0.0
512.0,0.0,6.0,33.0,1.0,0.0,0.0,321.0,75.0,0.0
828.0,1.0,19.0,62.0,1.0,0.0,0.0,567.0,95.0,0.0
747.0,0.0,19.0,66.0,1.0,0.0,0.0,496.0,96.0,0.0
832.0,1.0,19.0,63.0,1.0,0.0,0.0,563.0,104.0,0.0
606.0,0.0,9.0,47.0,2.0,0.0,0.0,404.0,68.0,0.0
738.0,0.0,11.0,62.0,1.0,1.0,0.0,502.0,82.0,0.0
849.0,1.0,19.0,64.0,1.0,0.0,0.0,585.0,90.0,0.0
563.0,0.0,9.0,40.0,3.0,0.0,0.0,378.0,57.0,0.0
914.0,1.0,19.0,69.0,1.0,0.0,0.0,617.0,121.0,0.0
642.0,1.0,11.0,46.0,1.0,0.0,0.0,439.0,58.0,0.0
490.0,0.0,6.0,32.0,1.0,0.0,0.0,326.0,50.0,0.0
643.0,1.0,11.0,45.0,1.0,0.0,0.0,444.0,55.0,0.0
637.0,1.0,7.0,39.0,1.0,0.0,0.0,414.0,87.0,0.0
656.0,1.0,11.0,48.0,1.0,0.0,0.0,445.0,64.0,0.0
836.0,1.0,19.0,64.0,1.0,0.0,0.0,563.0,106.0,0.0
645.0,1.0,11.0,47.0,1.0,0.0,0.0,444.0,55.0,0.0
822.0,1.0,19.0,60.0,1.0,0.0,0.0,561.0,96.0,0.0
646.0,1.0,11.0,47.0,1.0,0.0,0.0,433.0,67.0,0.0
820.0,1.0,19.0,60.0,1.0,0.0,0.0,563.0,91.0,0.0
821.0,0.0,19.0,72.0,1.0,0.0,0.0,526.0,131.0,0.0
639.0,1.0,7.0,40.0,1.0,0.0,0.0,416.0,86.0,0.0
536.0,0.0,7.0,36.0,1.0,0.0,0.0,366.0,50.0,0.0
744.0,0.0,19.0,62.0,1.0,0.0,0.0,502.0,90.0,0.0
827.0,1.0,19.0,63.0,1.0,0.0,0.0,571.0,90.0,0.0
654.0,1.0,7.0,45.0,1.0,0.0,0.0,421.0,92.0,0.0
529.0,0.0,6.0,35.0,1.0,0.0,0.0,344.0,67.0,0.0
604.0,0.0,11.0,52.0,2.0,0.0,0.0,399.0,67.0,0.0
752.0,0.0,19.0,61.0,1.0,0.0,0.0,514.0,88.0,0.0
635.0,1.0,11.0,43.0,1.0,0.0,0.0,448.0,47.0,0.0
636.0,1.0,11.0,43.0,1.0,0.0,0.0,436.0,61.0,0.0
763.0,0.0,19.0,63.0,1.0,0.0,0.0,523.0,87.0,0.0
574.0,0.0,11.0,46.0,1.0,0.0,0.0,384.0,58.0,0.0
586.0,1.0,7.0,36.0,1.0,0.0,0.0,397.0,57.0,0.0
579.0,0.0,11.0,45.0,1.0,0.0,0.0,397.0,53.0,0.0
539.0,0.0,9.0,40.0,2.0,0.0,0.0,362.0,54.0,0.0
692.0,1.0,11.0,52.0,1.0,0.0,0.0,477.0,65.0,0.0
613.0,1.0,9.0,40.0,2.0,0.0,0.0,417.0,58.0,0.0
565.0,0.0,11.0,45.0,1.0,0.0,0.0,380.0,57.0,0.0
840.0,1.0,19.0,66.0,1.0,0.0,0.0,570.0,103.0,0.0
568.0,0.0,7.0,39.0,1.0,0.0,0.0,367.0,78.0,0.0
568.0,0.0,11.0,44.0,1.0,0.0,0.0,380.0,61.0,0.0
791.0,0.0,19.0,68.0,1.0,0.0,0.0,527.0,101.0,0.0
583.0,0.0,7.0,43.0,1.0,0.0,0.0,378.0,77.0,0.0
494.0,0.0,6.0,33.0,1.0,0.0,0.0,328.0,50.0,0.0
662.0,1.0,9.0,43.0,2.0,0.0,0.0,433.0,89.0,0.0
877.0,1.0,19.0,70.0,1.0,0.0,0.0,579.0,126.0,0.0
497.0,0.0,6.0,34.0,1.0,0.0,0.0,330.0,49.0,0.0
526.0,0.0,6.0,35.0,1.0,0.0,0.0,358.0,47.0,0.0
509.0,0.0,6.0,34.0,1.0,0.0,0.0,340.0,52.0,0.0
760.0,0.0,19.0,65.0,1.0,0.0,0.0,521.0,86.0,0.0
835.0,1.0,19.0,63.0,1.0,0.0,0.0,574.0,92.0,0.0
683.0,1.0,9.0,51.0,2.0,0.0,0.0,452.0,84.0,0.0
603.0,0.0,9.0,52.0,5.0,0.0,0.0,392.0,68.0,0.0
827.0,1.0,19.0,63.0,1.0,0.0,0.0,568.0,90.0,0.0
820.0,1.0,19.0,63.0,1.0,0.0,0.0,564.0,91.0,0.0
767.0,0.0,19.0,64.0,1.0,0.0,0.0,516.0,94.0,0.0
642.0,1.0,11.0,46.0,1.0,0.0,0.0,445.0,55.0,0.0
539.0,0.0,9.0,40.0,2.0,0.0,0.0,359.0,57.0,0.0
639.0,1.0,11.0,43.0,1.0,0.0,0.0,439.0,61.0,0.0
907.0,1.0,19.0,84.0,2.0,0.0,0.0,589.0,129.0,0.0
518.0,0.0,7.0,35.0,1.0,0.0,0.0,345.0,54.0,0.0
564.0,0.0,7.0,45.0,1.0,0.0,0.0,367.0,69.0,0.0
645.0,1.0,11.0,45.0,1.0,0.0,0.0,443.0,61.0,0.0
838.0,1.0,19.0,66.0,1.0,0.0,0.0,572.0,97.0,0.0
583.0,0.0,7.0,48.0,4.0,0.0,0.0,380.0,63.0,0.0
748.0,0.0,19.0,66.0,1.0,0.0,0.0,498.0,95.0,0.0
699.0,1.0,11.0,49.0,1.0,0.0,0.0,458.0,95.0,0.0
776.0,0.0,19.0,65.0,1.0,0.0,0.0,531.0,87.0,0.0
509.0,0.0,6.0,33.0,1.0,0.0,0.0,342.0,48.0,0.0
477.0,0.0,6.0,30.0,1.0,0.0,0.0,314.0,50.0,0.0
534.0,0.0,7.0,36.0,1.0,0.0,0.0,360.0,53.0,0.0
506.0,0.0,7.0,36.0,1.0,0.0,0.0,333.0,54.0,0.0
661.0,1.0,7.0,43.0,1.0,0.0,0.0,439.0,81.0,0.0
632.0,0.0,11.0,52.0,1.0,0.0,0.0,422.0,70.0,0.0
741.0,0.0,19.0,64.0,1.0,0.0,0.0,498.0,88.0,0.0
759.0,0.0,19.0,63.0,1.0,0.0,0.0,514.0,91.0,0.0
829.0,1.0,19.0,63.0,1.0,0.0,0.0,569.0,91.0,0.0
570.0,0.0,11.0,44.0,1.0,0.0,0.0,383.0,59.0,0.0
781.0,0.0,19.0,72.0,1.0,0.0,0.0,512.0,107.0,0.0
498.0,0.0,6.0,33.0,1.0,0.0,0.0,329.0,53.0,0.0
509.0,0.0,6.0,33.0,1.0,0.0,0.0,342.0,51.0,0.0
874.0,1.0,19.0,77.0,2.0,0.0,0.0,571.0,121.0,0.0
562.0,0.0,11.0,45.0,1.0,0.0,0.0,371.0,61.0,0.0
761.0,0.0,19.0,63.0,1.0,0.0,0.0,520.0,86.0,0.0
840.0,1.0,19.0,64.0,1.0,0.0,0.0,580.0,90.0,0.0
677.0,0.0,11.0,58.0,1.0,0.0,0.0,429.0,104.0,0.0
745.0,0.0,19.0,62.0,1.0,0.0,0.0,517.0,78.0,0.0
522.0,0.0,6.0,35.0,1.0,0.0,0.0,353.0,47.0,0.0
763.0,0.0,19.0,62.0,1.0,0.0,0.0,519.0,90.0,0.0
500.0,0.0,6.0,33.0,1.0,0.0,0.0,337.0,44.0,0.0
681.0,1.0,9.0,44.0,4.0,0.0,0.0,463.0,66.0,0.0
639.0,1.0,7.0,40.0,1.0,0.0,0.0,419.0,83.0,0.0
576.0,0.0,11.0,46.0,1.0,0.0,0.0,391.0,56.0,0.0
847.0,0.0,19.0,84.0,2.0,0.0,0.0,538.0,131.0,0.0
569.0,0.0,11.0,44.0,1.0,0.0,0.0,378.0,61.0,0.0
599.0,0.0,7.0,41.0,1.0,0.0,0.0,387.0,86.0,0.0
808.0,1.0,19.0,61.0,1.0,0.0,0.0,561.0,85.0,0.0
757.0,0.0,19.0,65.0,1.0,0.0,0.0,502.0,100.0,0.0
510.0,0.0,6.0,33.0,1.0,0.0,0.0,349.0,45.0,0.0
838.0,1.0,19.0,66.0,1.0,0.0,0.0,574.0,95.0,0.0
818.0,1.0,19.0,63.0,1.0,0.0,0.0,565.0,84.0,0.0
752.0,1.0,7.0,53.0,1.0,1.0,0.0,507.0,87.0,0.0
564.0,0.0,11.0,44.0,1.0,0.0,0.0,379.0,58.0,0.0
648.0,1.0,9.0,49.0,2.0,0.0,0.0,431.0,72.0,0.0
756.0,0.0,19.0,64.0,1.0,0.0,0.0,509.0,91.0,0.0
514.0,0.0,6.0,33.0,1.0,0.0,0.0,324.0,73.0,0.0
766.0,0.0,19.0,64.0,1.0,0.0,0.0,521.0,89.0,0.0
837.0,1.0,19.0,64.0,1.0,0.0,0.0,571.0,96.0,0.0
490.0,0.0,6.0,32.0,1.0,0.0,0.0,326.0,49.0,0.0
598.0,0.0,7.0,47.0,1.0,0.0,0.0,394.0,74.0,0.0
641.0,1.0,11.0,43.0,1.0,0.0,0.0,450.0,51.0,0.0
495.0,0.0,6.0,33.0,2.0,0.0,0.0,330.0,49.0,0.0
518.0,0.0,7.0,35.0,1.0,0.0,0.0,342.0,57.0,0.0
579.0,0.0,11.0,46.0,1.0,0.0,0.0,389.0,60.0,0.0
543.0,0.0,9.0,40.0,2.0,0.0,0.0,369.0,49.0,0.0
486.0,0.0,6.0,32.0,1.0,0.0,0.0,325.0,47.0,0.0
849.0,1.0,19.0,66.0,1.0,0.0,0.0,581.0,98.0,0.0
662.0,1.0,7.0,56.0,2.0,0.0,0.0,415.0,92.0,0.0
482.0,0.0,6.0,31.0,1.0,0.0,0.0,318.0,50.0,0.0
746.0,0.0,19.0,62.0,1.0,0.0,0.0,504.0,89.0,0.0
830.0,1.0,19.0,65.0,1.0,0.0,0.0,567.0,92.0,0.0
830.0,1.0,19.0,62.0,1.0,0.0,0.0,577.0,87.0,0.0
747.0,0.0,19.0,63.0,1.0,0.0,0.0,510.0,86.0,0.0
699.0,1.0,11.0,58.0,2.0,0.0,0.0,463.0,79.0,0.0
749.0,0.0,19.0,65.0,1.0,0.0,0.0,501.0,95.0,0.0
666.0,1.0,7.0,43.0,1.0,0.0,0.0,462.0,62.0,0.0
880.0,1.0,19.0,74.0,2.0,0.0,0.0,584.0,114.0,0.0
490.0,0.0,6.0,31.0,1.0,0.0,0.0,330.0,44.0,0.0
765.0,0.0,19.0,63.0,1.0,0.0,0.0,520.0,90.0,0.0
540.0,0.0,9.0,40.0,2.0,0.0,0.0,354.0,63.0,0.0
1191.0,1.0,11.0,153.0,1.0,0.0,0.0,482.0,456.0,0.0
661.0,1.0,11.0,47.0,1.0,0.0,0.0,449.0,65.0,0.0
987.0,1.0,19.0,78.0,1.0,1.0,0.0,669.0,127.0,0.0
669.0,1.0,11.0,51.0,2.0,0.0,0.0,450.0,69.0,0.0
630.0,0.0,11.0,63.0,2.0,0.0,0.0,388.0,92.0,0.0
683.0,1.0,7.0,43.0,1.0,0.0,0.0,463.0,78.0,0.0
771.0,0.0,19.0,63.0,1.0,0.0,0.0,530.0,88.0,0.0
685.0,1.0,11.0,47.0,1.0,0.0,0.0,456.0,84.0,0.0
680.0,1.0,11.0,52.0,2.0,0.0,0.0,454.0,72.0,0.0
514.0,0.0,6.0,35.0,1.0,0.0,0.0,342.0,51.0,0.0
845.0,1.0,19.0,64.0,1.0,0.0,0.0,574.0,99.0,0.0
832.0,1.0,19.0,62.0,1.0,0.0,0.0,576.0,91.0,0.0
563.0,0.0,11.0,45.0,1.0,0.0,0.0,379.0,56.0,0.0
491.0,0.0,6.0,31.0,1.0,0.0,0.0,329.0,48.0,0.0
675.0,1.0,11.0,52.0,2.0,0.0,0.0,450.0,74.0,0.0
805.0,1.0,19.0,62.0,1.0,0.0,0.0,544.0,96.0,0.0
743.0,0.0,19.0,65.0,1.0,0.0,0.0,501.0,90.0,0.0
640.0,1.0,7.0,47.0,2.0,0.0,0.0,419.0,74.0,0.0
821.0,1.0,19.0,65.0,1.0,0.0,0.0,557.0,96.0,0.0
619.0,0.0,11.0,54.0,1.0,0.0,0.0,408.0,71.0,0.0
583.0,0.0,7.0,43.0,1.0,0.0,0.0,380.0,75.0,0.0
620.0,0.0,11.0,54.0,1.0,0.0,0.0,409.0,71.0,0.0
831.0,1.0,19.0,63.0,1.0,0.0,0.0,572.0,90.0,0.0
779.0,0.0,19.0,62.0,1.0,0.0,0.0,534.0,89.0,0.0
903.0,0.0,19.0,80.0,1.0,1.0,0.0,607.0,118.0,0.0
771.0,0.0,19.0,61.0,1.0,0.0,0.0,524.0,91.0,0.0
639.0,1.0,11.0,43.0,1.0,0.0,0.0,442.0,58.0,0.0
892.0,1.0,19.0,78.0,2.0,0.0,0.0,587.0,119.0,0.0
579.0,0.0,11.0,45.0,1.0,0.0,0.0,386.0,64.0,0.0
618.0,1.0,7.0,39.0,1.0,0.0,0.0,424.0,58.0,0.0
578.0,0.0,11.0,45.0,2.0,0.0,0.0,386.0,59.0,0.0
760.0,0.0,19.0,64.0,1.0,0.0,0.0,505.0,101.0,0.0
568.0,0.0,11.0,45.0,1.0,0.0,0.0,388.0,52.0,0.0
937.0,1.0,19.0,76.0,1.0,0.0,0.0,621.0,136.0,0.0
774.0,0.0,19.0,64.0,1.0,0.0,0.0,530.0,87.0,0.0
791.0,1.0,19.0,63.0,1.0,0.0,0.0,534.0,91.0,0.0
898.0,1.0,19.0,72.0,1.0,0.0,0.0,584.0,139.0,0.0
794.0,0.0,19.0,75.0,2.0,0.0,0.0,505.0,120.0,0.0
514.0,0.0,6.0,34.0,1.0,0.0,0.0,348.0,47.0,0.0
578.0,0.0,7.0,48.0,4.0,0.0,0.0,370.0,69.0,0.0
658.0,1.0,7.0,39.0,1.0,0.0,0.0,444.0,77.0,0.0
529.0,0.0,7.0,39.0,1.0,0.0,0.0,345.0,62.0,0.0
885.0,1.0,19.0,73.0,4.0,0.0,0.0,595.0,106.0,0.0
607.0,0.0,7.0,53.0,2.0,0.0,0.0,390.0,77.0,0.0
892.0,1.0,19.0,77.0,4.0,0.0,0.0,603.0,103.0,0.0
854.0,1.0,19.0,63.0,1.0,0.0,0.0,585.0,99.0,0.0
625.0,1.0,9.0,44.0,1.0,0.0,0.0,411.0,70.0,0.0
832.0,1.0,19.0,63.0,1.0,0.0,0.0,574.0,94.0,0.0
826.0,1.0,19.0,67.0,1.0,0.0,0.0,562.0,92.0,0.0
569.0,0.0,11.0,43.0,1.0,0.0,0.0,386.0,57.0,0.0
864.0,1.0,19.0,75.0,2.0,0.0,0.0,562.0,120.0,0.0
581.0,0.0,7.0,45.0,1.0,0.0,0.0,376.0,77.0,0.0
822.0,1.0,19.0,61.0,1.0,0.0,0.0,567.0,92.0,0.0
832.0,1.0,19.0,63.0,1.0,0.0,0.0,573.0,94.0,0.0
828.0,1.0,19.0,64.0,1.0,0.0,0.0,574.0,86.0,0.0
603.0,1.0,7.0,35.0,1.0,0.0,0.0,412.0,59.0,0.0
737.0,1.0,11.0,57.0,1.0,0.0,0.0,487.0,97.0,0.0
913.0,1.0,19.0,80.0,2.0,0.0,0.0,605.0,120.0,0.0
518.0,0.0,7.0,36.0,1.0,0.0,0.0,340.0,59.0,0.0
487.0,0.0,6.0,32.0,1.0,0.0,0.0,322.0,50.0,0.0
840.0,1.0,19.0,63.0,1.0,0.0,0.0,581.0,90.0,0.0
513.0,0.0,6.0,33.0,1.0,0.0,0.0,322.0,75.0,0.0
502.0,0.0,6.0,32.0,1.0,0.0,0.0,331.0,53.0,0.0
732.0,0.0,19.0,64.0,1.0,0.0,0.0,480.0,100.0,0.0
508.0,0.0,7.0,36.0,1.0,0.0,0.0,331.0,58.0,0.0
833.0,0.0,19.0,65.0,1.0,0.0,0.0,561.0,105.0,0.0
573.0,0.0,11.0,44.0,1.0,0.0,0.0,380.0,66.0,0.0
639.0,1.0,11.0,43.0,1.0,0.0,0.0,447.0,53.0,0.0
701.0,1.0,11.0,49.0,3.0,0.0,0.0,476.0,66.0,0.0
818.0,1.0,19.0,63.0,1.0,0.0,0.0,561.0,91.0,0.0
637.0,1.0,11.0,43.0,1.0,0.0,0.0,443.0,55.0,0.0
870.0,1.0,19.0,70.0,1.0,0.0,0.0,568.0,131.0,0.0
757.0,0.0,19.0,65.0,1.0,0.0,0.0,508.0,95.0,0.0
584.0,1.0,7.0,36.0,1.0,0.0,0.0,396.0,56.0,0.0
481.0,0.0,6.0,31.0,1.0,0.0,0.0,319.0,48.0,0.0
769.0,0.0,19.0,67.0,1.0,0.0,0.0,527.0,81.0,0.0
642.0,0.0,11.0,46.0,1.0,0.0,0.0,437.0,61.0,0.0
510.0,0.0,6.0,33.0,1.0,0.0,0.0,320.0,74.0,0.0
516.0,0.0,7.0,36.0,1.0,0.0,0.0,346.0,51.0,0.0
543.0,0.0,9.0,40.0,2.0,0.0,0.0,361.0,57.0,0.0
595.0,0.0,9.0,44.0,1.0,0.0,0.0,376.0,89.0,0.0
833.0,1.0,19.0,63.0,1.0,0.0,0.0,577.0,89.0,0.0
575.0,0.0,11.0,48.0,1.0,0.0,0.0,372.0,69.0,0.0
560.0,0.0,11.0,44.0,1.0,0.0,0.0,380.0,52.0,0.0
495.0,0.0,6.0,32.0,1.0,0.0,0.0,320.0,57.0,0.0
603.0,0.0,9.0,45.0,2.0,0.0,0.0,384.0,90.0,0.0
752.0,0.0,19.0,62.0,1.0,0.0,0.0,512.0,87.0,0.0
621.0,0.0,11.0,48.0,1.0,0.0,0.0,403.0,86.0,0.0
634.0,1.0,7.0,45.0,1.0,0.0,0.0,423.0,70.0,0.0
829.0,1.0,19.0,63.0,1.0,0.0,0.0,568.0,93.0,0.0
749.0,0.0,19.0,64.0,1.0,0.0,0.0,504.0,93.0,0.0
650.0,1.0,7.0,45.0,1.0,0.0,0.0,423.0,86.0,0.0
605.0,0.0,11.0,55.0,4.0,0.0,0.0,398.0,65.0,0.0
513.0,0.0,6.0,34.0,1.0,0.0,0.0,346.0,48.0,0.0
821.0,1.0,19.0,61.0,1.0,0.0,0.0,568.0,86.0,0.0
568.0,0.0,11.0,44.0,1.0,0.0,0.0,388.0,53.0,0.0
521.0,0.0,6.0,34.0,1.0,0.0,0.0,352.0,50.0,0.0
819.0,1.0,19.0,63.0,1.0,0.0,0.0,552.0,103.0,0.0
828.0,1.0,19.0,64.0,1.0,0.0,0.0,572.0,90.0,0.0
589.0,0.0,7.0,43.0,1.0,0.0,0.0,366.0,96.0,0.0
516.0,0.0,6.0,34.0,1.0,0.0,0.0,348.0,48.0,0.0
640.0,1.0,11.0,45.0,1.0,0.0,0.0,442.0,57.0,0.0
575.0,0.0,11.0,45.0,1.0,0.0,0.0,389.0,55.0,0.0
754.0,0.0,19.0,61.0,1.0,0.0,0.0,522.0,79.0,0.0
582.0,1.0,7.0,35.0,1.0,0.0,0.0,405.0,46.0,0.0
742.0,0.0,19.0,60.0,1.0,0.0,0.0,503.0,89.0,0.0
638.0,0.0,11.0,44.0,1.0,0.0,0.0,437.0,59.0,0.0
851.0,1.0,19.0,66.0,1.0,0.0,0.0,566.0,115.0,0.0
766.0,0.0,19.0,65.0,1.0,0.0,0.0,526.0,86.0,0.0
506.0,0.0,6.0,33.0,1.0,0.0,0.0,339.0,49.0,0.0
756.0,0.0,19.0,61.0,1.0,0.0,0.0,518.0,87.0,0.0
547.0,0.0,9.0,40.0,2.0,0.0,0.0,366.0,56.0,0.0
630.0,1.0,11.0,43.0,1.0,0.0,0.0,441.0,50.0,0.0
767.0,0.0,19.0,64.0,1.0,0.0,0.0,523.0,88.0,0.0
753.0,0.0,19.0,64.0,1.0,0.0,0.0,506.0,91.0,0.0
707.0,1.0,11.0,53.0,1.0,0.0,0.0,467.0,91.0,0.0
635.0,1.0,11.0,45.0,1.0,0.0,0.0,435.0,59.0,0.0
537.0,0.0,9.0,39.0,2.0,0.0,0.0,358.0,57.0,0.0
816.0,1.0,19.0,64.0,1.0,0.0,0.0,553.0,97.0,0.0
486.0,0.0,6.0,31.0,1.0,0.0,0.0,324.0,47.0,0.0
827.0,1.0,19.0,65.0,1.0,0.0,0.0,565.0,92.0,0.0
571.0,0.0,7.0,47.0,2.0,0.0,0.0,362.0,75.0,0.0
539.0,0.0,9.0,39.0,2.0,0.0,0.0,360.0,55.0,0.0
816.0,1.0,19.0,65.0,1.0,0.0,0.0,554.0,95.0,0.0
754.0,0.0,19.0,64.0,1.0,0.0,0.0,511.0,90.0,0.0
825.0,1.0,19.0,63.0,1.0,0.0,0.0,566.0,92.0,0.0
541.0,0.0,9.0,39.0,2.0,0.0,0.0,367.0,50.0,0.0
635.0,1.0,11.0,43.0,1.0,0.0,0.0,434.0,62.0,0.0
571.0,0.0,11.0,45.0,1.0,0.0,0.0,376.0,64.0,0.0
640.0,1.0,11.0,44.0,1.0,0.0,0.0,436.0,61.0,0.0
602.0,0.0,11.0,52.0,2.0,0.0,0.0,392.0,72.0,0.0
683.0,1.0,9.0,47.0,2.0,0.0,0.0,450.0,88.0,0.0
820.0,1.0,19.0,65.0,1.0,0.0,0.0,560.0,93.0,0.0
571.0,0.0,11.0,44.0,1.0,0.0,0.0,386.0,55.0,0.0
764.0,0.0,19.0,62.0,1.0,0.0,0.0,524.0,87.0,0.0
806.0,1.0,19.0,63.0,1.0,0.0,0.0,546.0,97.0,0.0
827.0,1.0,19.0,64.0,2.0,0.0,0.0,556.0,100.0,0.0
864.0,1.0,19.0,70.0,1.0,0.0,0.0,594.0,98.0,0.0
865.0,1.0,19.0,70.0,1.0,0.0,0.0,576.0,117.0,0.0
570.0,0.0,11.0,43.0,1.0,0.0,0.0,386.0,58.0,0.0
487.0,0.0,6.0,31.0,1.0,0.0,0.0,324.0,47.0,0.0
878.0,1.0,19.0,73.0,1.0,0.0,0.0,586.0,119.0,0.0
525.0,0.0,6.0,35.0,1.0,0.0,0.0,353.0,53.0,0.0
733.0,0.0,19.0,61.0,1.0,0.0,0.0,495.0,89.0,0.0
761.0,0.0,19.0,65.0,1.0,0.0,0.0,514.0,91.0,0.0
739.0,0.0,19.0,64.0,1.0,0.0,0.0,494.0,91.0,0.0
830.0,1.0,19.0,63.0,1.0,0.0,0.0,569.0,93.0,0.0
592.0,0.0,9.0,54.0,3.0,0.0,0.0,372.0,80.0,0.0
577.0,0.0,11.0,44.0,1.0,0.0,0.0,391.0,59.0,0.0
823.0,1.0,19.0,63.0,1.0,0.0,0.0,554.0,101.0,0.0
567.0,0.0,11.0,43.0,1.0,0.0,0.0,389.0,52.0,0.0
885.0,1.0,19.0,77.0,4.0,0.0,0.0,596.0,100.0,0.0
829.0,1.0,19.0,64.0,1.0,0.0,0.0,574.0,88.0,0.0
751.0,0.0,19.0,63.0,1.0,0.0,0.0,502.0,96.0,0.0
661.0,1.0,11.0,45.0,2.0,0.0,0.0,455.0,59.0,0.0
686.0,1.0,11.0,48.0,1.0,0.0,0.0,456.0,85.0,0.0
500.0,0.0,6.0,33.0,1.0,0.0,0.0,328.0,56.0,0.0
790.0,0.0,19.0,71.0,1.0,0.0,0.0,527.0,103.0,0.0
836.0,1.0,19.0,61.0,1.0,0.0,0.0,573.0,95.0,0.0
633.0,0.0,11.0,62.0,2.0,0.0,0.0,399.0,86.0,0.0
568.0,0.0,11.0,44.0,1.0,0.0,0.0,391.0,49.0,0.0
489.0,0.0,6.0,32.0,1.0,0.0,0.0,324.0,50.0,0.0
783.0,0.0,19.0,61.0,1.0,0.0,0.0,542.0,86.0,0.0
827.0,1.0,19.0,62.0,1.0,0.0,0.0,567.0,92.0,0.0
528.0,0.0,6.0,34.0,1.0,0.0,0.0,360.0,51.0,0.0
673.0,1.0,9.0,52.0,5.0,0.0,0.0,442.0,75.0,0.0
633.0,1.0,11.0,43.0,1.0,0.0,0.0,438.0,56.0,0.0
512.0,0.0,6.0,33.0,1.0,0.0,0.0,330.0,66.0,0.0
490.0,0.0,6.0,32.0,1.0,0.0,0.0,328.0,45.0,0.0
761.0,0.0,19.0,63.0,1.0,0.0,0.0,516.0,90.0,0.0
895.0,1.0,19.0,68.0,3.0,0.0,0.0,610.0,103.0,0.0
521.0,0.0,6.0,35.0,1.0,0.0,0.0,345.0,54.0,0.0
641.0,0.0,11.0,49.0,3.0,0.0,0.0,431.0,63.0,0.0
574.0,0.0,11.0,47.0,1.0,0.0,0.0,395.0,49.0,0.0
818.0,1.0,19.0,63.0,1.0,0.0,0.0,565.0,88.0,0.0
507.0,0.0,6.0,33.0,1.0,0.0,0.0,342.0,49.0,0.0
506.0,0.0,6.0,32.0,1.0,0.0,0.0,345.0,46.0,0.0
609.0,0.0,7.0,43.0,1.0,0.0,0.0,388.0,93.0,0.0
514.0,0.0,6.0,35.0,1.0,0.0,0.0,345.0,50.0,0.0
679.0,1.0,11.0,47.0,1.0,0.0,0.0,448.0,87.0,0.0
823.0,0.0,19.0,70.0,1.0,0.0,0.0,555.0,104.0,0.0
597.0,0.0,7.0,50.0,2.0,0.0,0.0,383.0,77.0,0.0
1395.0,1.0,19.0,169.0,1.0,0.0,0.0,636.0,482.0,0.0
747.0,0.0,19.0,63.0,1.0,0.0,0.0,508.0,85.0,0.0
670.0,1.0,11.0,53.0,2.0,0.0,0.0,441.0,75.0,0.0
835.0,1.0,19.0,62.0,1.0,0.0,0.0,572.0,97.0,0.0
819.0,1.0,19.0,61.0,1.0,0.0,0.0,561.0,94.0,0.0
781.0,0.0,19.0,65.0,1.0,0.0,0.0,532.0,91.0,0.0
800.0,1.0,19.0,60.0,1.0,0.0,0.0,554.0,86.0,0.0
584.0,0.0,11.0,47.0,1.0,0.0,0.0,392.0,58.0,0.0
1067.0,0.0,7.0,144.0,1.0,0.0,0.0,395.0,443.0,0.0
633.0,1.0,11.0,43.0,1.0,0.0,0.0,440.0,54.0,0.0
874.0,1.0,19.0,71.0,1.0,0.0,0.0,574.0,128.0,0.0
863.0,1.0,19.0,73.0,1.0,0.0,0.0,585.0,104.0,0.0
643.0,0.0,11.0,54.0,1.0,0.0,0.0,409.0,94.0,0.0
831.0,1.0,19.0,64.0,1.0,0.0,0.0,569.0,94.0,0.0
611.0,0.0,9.0,57.0,3.0,0.0,0.0,381.0,87.0,0.0
634.0,0.0,11.0,44.0,1.0,0.0,0.0,434.0,58.0,0.0
821.0,1.0,19.0,61.0,1.0,0.0,0.0,562.0,93.0,0.0
515.0,0.0,7.0,36.0,1.0,0.0,0.0,346.0,50.0,0.0
853.0,1.0,19.0,66.0,1.0,0.0,0.0,586.0,93.0,0.0
745.0,0.0,19.0,63.0,1.0,0.0,0.0,504.0,87.0,0.0
866.0,1.0,19.0,64.0,1.0,0.0,0.0,596.0,98.0,0.0
631.0,1.0,11.0,43.0,1.0,0.0,0.0,434.0,58.0,0.0
1189.0,1.0,11.0,152.0,1.0,0.0,0.0,484.0,455.0,0.0
825.0,1.0,19.0,65.0,1.0,0.0,0.0,560.0,98.0,0.0
822.0,1.0,19.0,62.0,1.0,0.0,0.0,561.0,98.0,0.0
825.0,1.0,19.0,61.0,1.0,0.0,0.0,570.0,89.0,0.0
769.0,0.0,19.0,65.0,1.0,0.0,0.0,521.0,93.0,0.0
558.0,0.0,7.0,43.0,2.0,0.0,0.0,365.0,63.0,0.0
524.0,0.0,6.0,35.0,1.0,0.0,0.0,348.0,54.0,0.0
564.0,0.0,11.0,43.0,1.0,0.0,0.0,381.0,56.0,0.0
526.0,0.0,6.0,34.0,1.0,0.0,0.0,335.0,73.0,0.0
631.0,1.0,11.0,43.0,1.0,0.0,0.0,431.0,61.0,0.0
524.0,0.0,6.0,34.0,1.0,0.0,0.0,337.0,69.0,0.0
759.0,0.0,19.0,65.0,1.0,0.0,0.0,509.0,98.0,0.0
826.0,1.0,19.0,61.0,1.0,0.0,0.0,578.0,83.0,0.0
833.0,1.0,19.0,63.0,1.0,0.0,0.0,572.0,93.0,0.0
574.0,0.0,11.0,45.0,1.0,0.0,0.0,381.0,62.0,0.0
497.0,0.0,6.0,31.0,1.0,0.0,0.0,314.0,69.0,0.0
525.0,0.0,6.0,35.0,1.0,0.0,0.0,359.0,47.0,0.0
630.0,0.0,11.0,51.0,1.0,0.0,0.0,402.0,93.0,0.0
579.0,0.0,11.0,45.0,1.0,0.0,0.0,396.0,54.0,0.0
769.0,0.0,19.0,64.0,1.0,0.0,0.0,524.0,90.0,0.0
756.0,0.0,19.0,66.0,1.0,0.0,0.0,503.0,96.0,0.0
543.0,0.0,9.0,39.0,2.0,0.0,0.0,359.0,60.0,0.0
748.0,0.0,19.0,66.0,1.0,0.0,0.0,497.0,95.0,0.0
579.0,0.0,7.0,41.0,1.0,0.0,0.0,368.0,86.0,0.0
640.0,1.0,11.0,45.0,1.0,0.0,0.0,433.0,63.0,0.0
824.0,0.0,19.0,70.0,1.0,0.0,0.0,561.0,99.0,0.0
656.0,1.0,9.0,51.0,5.0,0.0,0.0,433.0,70.0,0.0
521.0,0.0,6.0,34.0,1.0,0.0,0.0,347.0,54.0,0.0
566.0,0.0,11.0,44.0,1.0,0.0,0.0,383.0,53.0,0.0
842.0,1.0,19.0,63.0,1.0,0.0,0.0,583.0,90.0,0.0
667.0,1.0,9.0,44.0,2.0,0.0,0.0,442.0,84.0,0.0
756.0,0.0,19.0,67.0,1.0,0.0,0.0,507.0,90.0,0.0
517.0,0.0,6.0,35.0,1.0,0.0,0.0,346.0,50.0,0.0
602.0,0.0,7.0,47.0,1.0,0.0,0.0,395.0,76.0,0.0
791.0,0.0,19.0,68.0,1.0,0.0,0.0,528.0,101.0,0.0
836.0,1.0,19.0,63.0,1.0,0.0,0.0,574.0,96.0,0.0
907.0,1.0,19.0,69.0,1.0,0.0,0.0,600.0,133.0,0.0
537.0,0.0,9.0,39.0,2.0,0.0,0.0,368.0,47.0,0.0
757.0,0.0,19.0,62.0,1.0,0.0,0.0,516.0,87.0,0.0
680.0,1.0,11.0,53.0,2.0,0.0,0.0,446.0,79.0,0.0
775.0,0.0,19.0,62.0,1.0,0.0,0.0,529.0,89.0,0.0
805.0,1.0,19.0,63.0,1.0,0.0,0.0,551.0,90.0,0.0
507.0,0.0,6.0,33.0,1.0,0.0,0.0,341.0,48.0,0.0
574.0,1.0,7.0,36.0,1.0,0.0,0.0,390.0,52.0,0.0
556.0,0.0,11.0,43.0,1.0,0.0,0.0,377.0,53.0,0.0
642.0,1.0,11.0,47.0,1.0,0.0,0.0,441.0,57.0,0.0
741.0,0.0,19.0,63.0,1.0,0.0,0.0,489.0,100.0,0.0
569.0,0.0,11.0,44.0,1.0,0.0,0.0,381.0,61.0,0.0
754.0,0.0,19.0,61.0,1.0,0.0,0.0,513.0,89.0,0.0
779.0,0.0,19.0,63.0,1.0,0.0,0.0,535.0,90.0,0.0
642.0,1.0,11.0,44.0,1.0,0.0,0.0,437.0,62.0,0.0
503.0,0.0,6.0,33.0,1.0,0.0,0.0,336.0,52.0,0.0
1143.0,1.0,7.0,144.0,1.0,0.0,0.0,454.0,447.0,0.0
672.0,1.0,7.0,47.0,1.0,0.0,0.0,449.0,79.0,0.0
576.0,0.0,11.0,45.0,1.0,0.0,0.0,385.0,63.0,0.0
835.0,1.0,19.0,64.0,1.0,0.0,0.0,579.0,89.0,0.0
577.0,0.0,11.0,45.0,1.0,0.0,0.0,397.0,52.0,0.0
565.0,0.0,11.0,44.0,1.0,0.0,0.0,380.0,57.0,0.0
653.0,1.0,11.0,45.0,1.0,0.0,0.0,457.0,54.0,0.0
838.0,1.0,19.0,63.0,1.0,0.0,0.0,579.0,92.0,0.0
626.0,0.0,9.0,60.0,3.0,0.0,0.0,383.0,95.0,0.0
745.0,0.0,19.0,68.0,1.0,0.0,0.0,490.0,100.0,0.0
794.0,0.0,19.0,67.0,1.0,0.0,0.0,528.0,110.0,0.0
493.0,0.0,6.0,31.0,1.0,0.0,0.0,311.0,68.0,0.0
587.0,1.0,7.0,35.0,1.0,0.0,0.0,405.0,50.0,0.0
760.0,0.0,19.0,65.0,1.0,0.0,0.0,495.0,113.0,0.0
614.0,1.0,9.0,40.0,2.0,0.0,0.0,421.0,55.0,0.0
908.0,1.0,19.0,75.0,2.0,0.0,0.0,607.0,116.0,0.0
640.0,1.0,11.0,44.0,1.0,0.0,0.0,439.0,58.0,0.0
502.0,0.0,6.0,34.0,1.0,0.0,0.0,335.0,49.0,0.0
733.0,0.0,19.0,62.0,1.0,0.0,0.0,494.0,91.0,0.0
583.0,0.0,9.0,51.0,2.0,0.0,0.0,369.0,77.0,0.0
810.0,1.0,19.0,63.0,1.0,0.0,0.0,560.0,86.0,0.0
816.0,1.0,19.0,64.0,1.0,0.0,0.0,554.0,96.0,0.0
823.0,1.0,19.0,62.0,1.0,0.0,0.0,564.0,89.0,0.0
517.0,0.0,6.0,34.0,1.0,0.0,0.0,350.0,47.0,0.0
570.0,0.0,11.0,45.0,1.0,0.0,0.0,379.0,60.0,0.0
641.0,1.0,11.0,46.0,1.0,0.0,0.0,442.0,57.0,0.0
1081.0,0.0,7.0,144.0,1.0,0.0,0.0,411.0,440.0,0.0
810.0,1.0,19.0,61.0,1.0,0.0,0.0,561.0,85.0,0.0
589.0,0.0,11.0,45.0,1.0,0.0,0.0,398.0,59.0,0.0
751.0,0.0,19.0,62.0,1.0,0.0,0.0,512.0,87.0,0.0
583.0,0.0,7.0,43.0,1.0,0.0,0.0,376.0,79.0,0.0
705.0,1.0,11.0,50.0,1.0,0.0,0.0,467.0,88.0,0.0
835.0,1.0,19.0,63.0,1.0,0.0,0.0,572.0,93.0,0.0
751.0,0.0,19.0,64.0,1.0,0.0,0.0,511.0,87.0,0.0
485.0,0.0,6.0,31.0,1.0,0.0,0.0,317.0,54.0,0.0
834.0,1.0,19.0,62.0,1.0,0.0,0.0,577.0,90.0,0.0
839.0,1.0,19.0,64.0,1.0,0.0,0.0,572.0,99.0,0.0
836.0,0.0,19.0,75.0,1.0,0.0,0.0,564.0,108.0,0.0
692.0,1.0,7.0,49.0,1.0,0.0,0.0,449.0,98.0,0.0
525.0,0.0,6.0,34.0,1.0,0.0,0.0,334.0,72.0,0.0
533.0,0.0,6.0,35.0,1.0,0.0,0.0,342.0,72.0,0.0
894.0,1.0,19.0,70.0,1.0,0.0,0.0,617.0,100.0,0.0
827.0,1.0,19.0,61.0,1.0,0.0,0.0,571.0,91.0,0.0
639.0,1.0,11.0,43.0,1.0,0.0,0.0,438.0,62.0,0.0
755.0,0.0,19.0,63.0,1.0,0.0,0.0,515.0,87.0,0.0
622.0,1.0,7.0,43.0,2.0,0.0,0.0,411.0,69.0,0.0
639.0,1.0,11.0,44.0,1.0,0.0,0.0,443.0,56.0,0.0
645.0,0.0,11.0,62.0,2.0,0.0,0.0,408.0,86.0,0.0
486.0,0.0,6.0,31.0,1.0,0.0,0.0,320.0,51.0,0.0
516.0,0.0,6.0,34.0,1.0,0.0,0.0,344.0,52.0,0.0
573.0,0.0,7.0,50.0,2.0,0.0,0.0,356.0,81.0,0.0
598.0,0.0,9.0,43.0,2.0,0.0,0.0,390.0,79.0,0.0
818.0,1.0,19.0,61.0,1.0,0.0,0.0,569.0,83.0,0.0
884.0,1.0,19.0,72.0,1.0,0.0,0.0,579.0,131.0,0.0
520.0,0.0,6.0,35.0,1.0,0.0,0.0,350.0,48.0,0.0
689.0,1.0,7.0,49.0,1.0,0.0,0.0,443.0,101.0,0.0
595.0,0.0,11.0,47.0,2.0,0.0,0.0,403.0,56.0,0.0
518.0,0.0,6.0,35.0,1.0,0.0,0.0,350.0,47.0,0.0
614.0,0.0,11.0,48.0,1.0,0.0,0.0,390.0,90.0,0.0
584.0,0.0,7.0,35.0,1.0,0.0,0.0,398.0,55.0,0.0
642.0,1.0,11.0,46.0,1.0,0.0,0.0,441.0,59.0,0.0
804.0,1.0,19.0,63.0,1.0,0.0,0.0,549.0,92.0,0.0
591.0,0.0,9.0,51.0,3.0,0.0,0.0,378.0,76.0,0.0
847.0,1.0,19.0,62.0,1.0,0.0,0.0,585.0,95.0,0.0
751.0,0.0,19.0,61.0,1.0,0.0,0.0,510.0,92.0,0.0
526.0,0.0,6.0,34.0,1.0,0.0,0.0,354.0,52.0,0.0
737.0,0.0,19.0,63.0,1.0,0.0,0.0,493.0,94.0,0.0
760.0,0.0,19.0,62.0,1.0,0.0,0.0,514.0,93.0,0.0
628.0,1.0,9.0,40.0,2.0,0.0,0.0,431.0,58.0,0.0
612.0,1.0,9.0,39.0,2.0,0.0,0.0,422.0,53.0,0.0
573.0,0.0,11.0,45.0,1.0,0.0,0.0,386.0,56.0,0.0
915.0,1.0,19.0,77.0,1.0,0.0,0.0,602.0,134.0,0.0
643.0,1.0,11.0,46.0,1.0,0.0,0.0,436.0,62.0,0.0
823.0,1.0,19.0,65.0,1.0,0.0,0.0,568.0,89.0,0.0
607.0,1.0,9.0,40.0,2.0,0.0,0.0,418.0,53.0,0.0
583.0,1.0,7.0,36.0,1.0,0.0,0.0,391.0,60.0,0.0
600.0,0.0,11.0,51.0,2.0,0.0,0.0,395.0,68.0,0.0
808.0,1.0,19.0,62.0,1.0,0.0,0.0,553.0,93.0,0.0
660.0,1.0,11.0,47.0,1.0,0.0,0.0,448.0,65.0,0.0
835.0,0.0,19.0,70.0,1.0,0.0,0.0,551.0,119.0,0.0
473.0,0.0,6.0,30.0,1.0,0.0,0.0,311.0,49.0,0.0
631.0,0.0,11.0,57.0,4.0,0.0,0.0,410.0,70.0,0.0
757.0,0.0,19.0,64.0,1.0,0.0,0.0,512.0,92.0,0.0
653.0,1.0,7.0,45.0,1.0,0.0,0.0,422.0,90.0,0.0
853.0,1.0,19.0,66.0,1.0,0.0,0.0,584.0,94.0,0.0
495.0,0.0,6.0,33.0,2.0,0.0,0.0,334.0,45.0,0.0
841.0,1.0,19.0,66.0,1.0,0.0,0.0,574.0,97.0,0.0
773.0,0.0,19.0,63.0,1.0,0.0,0.0,529.0,88.0,0.0
828.0,1.0,19.0,69.0,1.0,0.0,0.0,555.0,104.0,0.0
756.0,0.0,19.0,64.0,1.0,0.0,0.0,517.0,87.0,0.0
738.0,0.0,19.0,62.0,1.0,0.0,0.0,493.0,96.0,0.0
633.0,1.0,11.0,44.0,1.0,0.0,0.0,432.0,61.0,0.0
761.0,0.0,19.0,65.0,1.0,0.0,0.0,517.0,89.0,0.0
522.0,0.0,7.0,36.0,1.0,0.0,0.0,348.0,54.0,0.0
742.0,0.0,19.0,61.0,1.0,0.0,0.0,505.0,88.0,0.0
621.0,1.0,7.0,45.0,4.0,0.0,0.0,412.0,64.0,0.0
759.0,0.0,19.0,62.0,1.0,0.0,0.0,515.0,89.0,0.0
429.0,1.0,5.0,32.0,1.0,0.0,0.0,290.0,30.0,0.0
820.0,1.0,19.0,61.0,1.0,0.0,0.0,560.0,95.0,0.0
568.0,0.0,11.0,44.0,1.0,0.0,0.0,382.0,59.0,0.0
593.0,1.0,7.0,36.0,2.0,0.0,0.0,399.0,59.0,0.0
570.0,0.0,11.0,45.0,1.0,0.0,0.0,383.0,56.0,0.0
783.0,0.0,19.0,63.0,1.0,0.0,0.0,533.0,95.0,0.0
494.0,0.0,6.0,31.0,1.0,0.0,0.0,330.0,47.0,0.0
797.0,0.0,19.0,68.0,1.0,0.0,0.0,528.0,109.0,0.0
680.0,1.0,11.0,53.0,3.0,0.0,0.0,454.0,70.0,0.0
821.0,1.0,19.0,64.0,1.0,0.0,0.0,565.0,89.0,0.0
509.0,0.0,6.0,34.0,1.0,0.0,0.0,339.0,52.0,0.0
825.0,1.0,19.0,62.0,1.0,0.0,0.0,566.0,96.0,0.0
885.0,1.0,19.0,69.0,1.0,0.0,0.0,591.0,122.0,0.0
624.0,1.0,7.0,40.0,1.0,0.0,0.0,423.0,62.0,0.0
597.0,0.0,7.0,43.0,1.0,0.0,0.0,408.0,60.0,0.0
837.0,1.0,19.0,62.0,1.0,0.0,0.0,578.0,93.0,0.0
757.0,0.0,19.0,61.0,1.0,0.0,0.0,517.0,88.0,0.0
748.0,0.0,19.0,61.0,1.0,0.0,0.0,515.0,83.0,0.0
569.0,0.0,11.0,45.0,1.0,0.0,0.0,382.0,56.0,0.0
576.0,0.0,11.0,46.0,1.0,0.0,0.0,390.0,56.0,0.0
638.0,1.0,11.0,45.0,1.0,0.0,0.0,429.0,68.0,0.0
781.0,0.0,19.0,71.0,1.0,0.0,0.0,526.0,95.0,0.0
834.0,1.0,19.0,64.0,1.0,0.0,0.0,572.0,95.0,0.0
787.0,0.0,19.0,66.0,1.0,0.0,0.0,514.0,119.0,0.0
852.0,1.0,19.0,63.0,1.0,0.0,0.0,591.0,91.0,0.0
759.0,0.0,19.0,63.0,1.0,0.0,0.0,509.0,97.0,0.0
912.0,1.0,19.0,69.0,3.0,0.0,0.0,624.0,103.0,0.0
517.0,0.0,7.0,35.0,1.0,0.0,0.0,340.0,58.0,0.0
742.0,0.0,19.0,64.0,1.0,0.0,0.0,501.0,89.0,0.0
502.0,0.0,6.0,32.0,1.0,0.0,0.0,339.0,47.0,0.0
643.0,1.0,7.0,40.0,1.0,0.0,0.0,424.0,82.0,0.0
581.0,1.0,7.0,36.0,1.0,0.0,0.0,393.0,56.0,0.0
751.0,0.0,19.0,60.0,1.0,0.0,0.0,508.0,92.0,0.0
755.0,0.0,19.0,63.0,1.0,0.0,0.0,514.0,87.0,0.0
594.0,0.0,7.0,40.0,1.0,0.0,0.0,385.0,84.0,0.0
649.0,0.0,11.0,51.0,3.0,0.0,0.0,438.0,62.0,0.0
811.0,0.0,19.0,74.0,4.0,0.0,0.0,525.0,115.0,0.0
645.0,0.0,11.0,49.0,3.0,0.0,0.0,435.0,63.0,0.0
821.0,1.0,19.0,65.0,1.0,0.0,0.0,561.0,93.0,0.0
848.0,1.0,19.0,65.0,1.0,0.0,0.0,562.0,120.0,0.0
502.0,0.0,6.0,32.0,1.0,0.0,0.0,335.0,51.0,0.0
679.0,1.0,7.0,43.0,1.0,0.0,0.0,448.0,90.0,0.0
771.0,0.0,19.0,66.0,1.0,0.0,0.0,516.0,97.0,0.0
808.0,1.0,19.0,63.0,1.0,0.0,0.0,554.0,91.0,0.0
709.0,1.0,11.0,62.0,2.0,0.0,0.0,459.0,88.0,0.0
537.0,0.0,9.0,39.0,2.0,0.0,0.0,361.0,54.0,0.0
830.0,1.0,19.0,64.0,1.0,0.0,0.0,575.0,87.0,0.0
768.0,0.0,19.0,65.0,1.0,0.0,0.0,520.0,92.0,0.0
639.0,1.0,7.0,44.0,3.0,0.0,0.0,432.0,61.0,0.0
870.0,1.0,19.0,71.0,3.0,0.0,0.0,578.0,112.0,0.0
832.0,1.0,19.0,63.0,1.0,0.0,0.0,570.0,95.0,0.0
747.0,0.0,19.0,63.0,1.0,0.0,0.0,506.0,89.0,0.0
493.0,0.0,6.0,32.0,1.0,0.0,0.0,325.0,53.0,0.0
514.0,0.0,7.0,35.0,1.0,0.0,0.0,350.0,46.0,0.0
838.0,1.0,19.0,63.0,1.0,0.0,0.0,582.0,91.0,0.0
583.0,1.0,7.0,36.0,1.0,0.0,0.0,394.0,57.0,0.0
755.0,0.0,19.0,65.0,1.0,0.0,0.0,516.0,86.0,0.0
870.0,1.0,19.0,77.0,2.0,0.0,0.0,570.0,119.0,0.0
831.0,1.0,19.0,66.0,1.0,0.0,0.0,562.0,98.0,0.0
651.0,0.0,11.0,64.0,2.0,0.0,0.0,406.0,95.0,0.0
837.0,1.0,19.0,65.0,1.0,0.0,0.0,577.0,90.0,0.0
496.0,0.0,6.0,34.0,1.0,0.0,0.0,329.0,50.0,0.0
504.0,0.0,6.0,34.0,1.0,0.0,0.0,332.0,54.0,0.0
829.0,1.0,19.0,65.0,1.0,0.0,0.0,567.0,96.0,0.0
500.0,0.0,6.0,32.0,1.0,0.0,0.0,316.0,70.0,0.0
511.0,0.0,6.0,32.0,1.0,0.0,0.0,348.0,48.0,0.0
639.0,1.0,7.0,44.0,3.0,0.0,0.0,428.0,65.0,0.0
800.0,1.0,19.0,61.0,1.0,0.0,0.0,553.0,87.0,0.0
840.0,1.0,19.0,64.0,1.0,0.0,0.0,569.0,101.0,0.0
498.0,0.0,6.0,32.0,1.0,0.0,0.0,325.0,56.0,0.0
493.0,0.0,6.0,33.0,1.0,0.0,0.0,331.0,47.0,0.0
622.0,0.0,11.0,52.0,1.0,0.0,0.0,418.0,67.0,0.0
845.0,0.0,19.0,81.0,2.0,0.0,0.0,543.0,124.0,0.0
828.0,1.0,19.0,65.0,1.0,0.0,0.0,565.0,95.0,0.0
560.0,0.0,7.0,38.0,1.0,0.0,0.0,363.0,75.0,0.0
747.0,0.0,19.0,67.0,1.0,0.0,0.0,501.0,90.0,0.0
745.0,0.0,19.0,61.0,1.0,0.0,0.0,496.0,96.0,0.0
821.0,1.0,19.0,60.0,1.0,0.0,0.0,568.0,88.0,0.0
721.0,1.0,11.0,64.0,2.0,0.0,0.0,452.0,105.0,0.0
570.0,0.0,7.0,40.0,1.0,0.0,0.0,363.0,83.0,0.0
621.0,0.0,11.0,58.0,2.0,0.0,0.0,398.0,79.0,0.0
493.0,0.0,6.0,32.0,1.0,0.0,0.0,333.0,45.0,0.0
490.0,0.0,6.0,32.0,1.0,0.0,0.0,324.0,51.0,0.0
639.0,1.0,11.0,47.0,1.0,0.0,0.0,436.0,60.0,0.0
652.0,1.0,9.0,47.0,3.0,0.0,0.0,434.0,70.0,0.0
813.0,1.0,19.0,63.0,1.0,0.0,0.0,563.0,84.0,0.0
825.0,1.0,19.0,65.0,1.0,0.0,0.0,560.0,96.0,0.0
848.0,0.0,19.0,76.0,4.0,0.0,0.0,562.0,110.0,0.0
506.0,0.0,6.0,33.0,1.0,0.0,0.0,339.0,50.0,0.0
774.0,0.0,19.0,63.0,2.0,0.0,0.0,527.0,89.0,0.0
691.0,1.0,9.0,60.0,3.0,0.0,0.0,431.0,101.0,0.0
631.0,1.0,7.0,44.0,3.0,0.0,0.0,422.0,64.0,0.0
642.0,1.0,11.0,45.0,1.0,0.0,0.0,433.0,63.0,0.0
754.0,0.0,19.0,64.0,1.0,0.0,0.0,505.0,95.0,0.0
830.0,1.0,19.0,64.0,1.0,0.0,0.0,564.0,97.0,0.0
832.0,0.0,19.0,67.0,1.0,0.0,0.0,550.0,122.0,0.0
505.0,0.0,6.0,33.0,1.0,0.0,0.0,337.0,52.0,0.0
761.0,0.0,19.0,64.0,1.0,0.0,0.0,518.0,89.0,0.0
824.0,1.0,19.0,62.0,1.0,0.0,0.0,564.0,93.0,0.0
533.0,0.0,7.0,35.0,1.0,0.0,0.0,370.0,44.0,0.0
720.0,0.0,19.0,63.0,1.0,0.0,0.0,483.0,87.0,0.0
700.0,1.0,11.0,49.0,1.0,0.0,0.0,467.0,87.0,0.0
684.0,1.0,9.0,51.0,1.0,0.0,0.0,449.0,88.0,0.0
684.0,1.0,11.0,47.0,1.0,0.0,0.0,455.0,82.0,0.0
607.0,1.0,9.0,40.0,2.0,0.0,0.0,417.0,54.0,0.0
572.0,0.0,11.0,44.0,1.0,0.0,0.0,394.0,48.0,0.0
778.0,0.0,19.0,75.0,4.0,0.0,0.0,503.0,108.0,0.0
493.0,0.0,6.0,32.0,1.0,0.0,0.0,331.0,45.0,0.0
613.0,1.0,9.0,40.0,2.0,0.0,0.0,413.0,62.0,0.0
566.0,0.0,11.0,43.0,1.0,0.0,0.0,389.0,50.0,0.0
622.0,0.0,11.0,49.0,1.0,0.0,0.0,405.0,81.0,0.0
515.0,0.0,6.0,34.0,1.0,0.0,0.0,341.0,55.0,0.0
797.0,0.0,19.0,66.0,1.0,0.0,0.0,522.0,118.0,0.0
1138.0,0.0,11.0,155.0,1.0,0.0,0.0,447.0,448.0,0.0
556.0,0.0,7.0,45.0,4.0,0.0,0.0,358.0,65.0,0.0
490.0,0.0,6.0,32.0,1.0,0.0,0.0,324.0,52.0,0.0
577.0,0.0,7.0,50.0,2.0,0.0,0.0,359.0,82.0,0.0
739.0,0.0,19.0,65.0,1.0,0.0,0.0,502.0,84.0,0.0
508.0,0.0,6.0,34.0,1.0,0.0,0.0,348.0,43.0,0.0
637.0,0.0,11.0,61.0,2.0,0.0,0.0,405.0,82.0,0.0
503.0,0.0,6.0,33.0,1.0,0.0,0.0,338.0,48.0,0.0
823.0,1.0,19.0,64.0,1.0,0.0,0.0,566.0,88.0,0.0
482.0,0.0,6.0,32.0,1.0,0.0,0.0,317.0,50.0,0.0
816.0,1.0,19.0,63.0,1.0,0.0,0.0,558.0,93.0,0.0
905.0,0.0,19.0,82.0,1.0,1.0,0.0,607.0,118.0,0.0
562.0,0.0,11.0,43.0,1.0,0.0,0.0,384.0,51.0,0.0
982.0,1.0,19.0,80.0,1.0,1.0,0.0,679.0,111.0,0.0
560.0,0.0,11.0,44.0,1.0,0.0,0.0,383.0,50.0,0.0
752.0,0.0,19.0,61.0,1.0,0.0,0.0,516.0,85.0,0.0
492.0,0.0,6.0,31.0,1.0,0.0,0.0,309.0,70.0,0.0
816.0,1.0,19.0,61.0,1.0,0.0,0.0,565.0,88.0,0.0
643.0,1.0,11.0,46.0,1.0,0.0,0.0,440.0,58.0,0.0
767.0,0.0,19.0,61.0,1.0,0.0,0.0,521.0,89.0,0.0
568.0,0.0,11.0,43.0,1.0,0.0,0.0,393.0,49.0,0.0
739.0,0.0,19.0,62.0,1.0,0.0,0.0,493.0,90.0,0.0
803.0,1.0,19.0,64.0,1.0,0.0,0.0,540.0,98.0,0.0
508.0,0.0,6.0,33.0,1.0,0.0,0.0,326.0,67.0,0.0
842.0,1.0,19.0,63.0,1.0,0.0,0.0,586.0,88.0,0.0
763.0,0.0,19.0,61.0,1.0,0.0,0.0,522.0,89.0,0.0
526.0,0.0,6.0,35.0,1.0,0.0,0.0,356.0,49.0,0.0
731.0,0.0,19.0,63.0,1.0,0.0,0.0,497.0,84.0,0.0
688.0,1.0,7.0,47.0,1.0,0.0,0.0,462.0,82.0,0.0
753.0,0.0,19.0,62.0,1.0,0.0,0.0,514.0,87.0,0.0
810.0,1.0,19.0,60.0,1.0,0.0,0.0,557.0,91.0,0.0
801.0,1.0,19.0,62.0,1.0,0.0,0.0,543.0,96.0,0.0
753.0,0.0,19.0,64.0,1.0,0.0,0.0,508.0,91.0,0.0
640.0,1.0,11.0,45.0,1.0,0.0,0.0,440.0,59.0,0.0
825.0,1.0,19.0,64.0,1.0,0.0,0.0,565.0,95.0,0.0
830.0,1.0,19.0,63.0,1.0,0.0,0.0,565.0,100.0,0.0
489.0,0.0,6.0,32.0,1.0,0.0,0.0,326.0,48.0,0.0
753.0,0.0,19.0,64.0,1.0,0.0,0.0,516.0,86.0,0.0
613.0,0.0,7.0,43.0,1.0,0.0,0.0,406.0,78.0,0.0
512.0,0.0,6.0,33.0,1.0,0.0,0.0,345.0,50.0,0.0
568.0,0.0,11.0,44.0,1.0,0.0,0.0,385.0,55.0,0.0
612.0,1.0,9.0,40.0,2.0,0.0,0.0,419.0,55.0,0.0
808.0,1.0,19.0,61.0,1.0,0.0,0.0,558.0,88.0,0.0
747.0,0.0,19.0,62.0,1.0,0.0,0.0,507.0,88.0,0.0
843.0,1.0,19.0,67.0,1.0,0.0,0.0,575.0,99.0,0.0
866.0,1.0,19.0,66.0,1.0,0.0,0.0,577.0,119.0,0.0
805.0,1.0,19.0,61.0,1.0,0.0,0.0,552.0,90.0,0.0
576.0,1.0,7.0,36.0,1.0,0.0,0.0,385.0,59.0,0.0
498.0,0.0,6.0,32.0,1.0,0.0,0.0,338.0,43.0,0.0
575.0,0.0,11.0,45.0,1.0,0.0,0.0,389.0,57.0,0.0
508.0,0.0,6.0,32.0,1.0,0.0,0.0,326.0,66.0,0.0
626.0,0.0,11.0,51.0,1.0,0.0,0.0,426.0,64.0,0.0
887.0,0.0,19.0,75.0,1.0,0.0,0.0,584.0,136.0,0.0
751.0,0.0,19.0,64.0,1.0,0.0,0.0,503.0,95.0,0.0
844.0,1.0,19.0,64.0,1.0,0.0,0.0,581.0,95.0,0.0
764.0,0.0,19.0,63.0,1.0,0.0,0.0,516.0,92.0,0.0
571.0,0.0,11.0,44.0,1.0,0.0,0.0,382.0,59.0,0.0
643.0,1.0,11.0,46.0,1.0,0.0,0.0,439.0,59.0,0.0
518.0,0.0,6.0,35.0,1.0,0.0,0.0,346.0,50.0,0.0
806.0,1.0,19.0,62.0,1.0,0.0,0.0,548.0,93.0,0.0
837.0,1.0,19.0,62.0,1.0,0.0,0.0,571.0,97.0,0.0
859.0,1.0,19.0,74.0,2.0,0.0,0.0,564.0,115.0,0.0
566.0,0.0,11.0,43.0,1.0,0.0,0.0,385.0,55.0,0.0
688.0,1.0,11.0,49.0,1.0,0.0,0.0,451.0,89.0,0.0
731.0,0.0,19.0,63.0,1.0,0.0,0.0,486.0,93.0,0.0
884.0,1.0,19.0,76.0,2.0,0.0,0.0,580.0,124.0,0.0
829.0,1.0,19.0,64.0,1.0,0.0,0.0,569.0,92.0,0.0
815.0,1.0,19.0,63.0,1.0,0.0,0.0,561.0,88.0,0.0
494.0,0.0,6.0,31.0,1.0,0.0,0.0,329.0,48.0,0.0
762.0,0.0,19.0,63.0,1.0,0.0,0.0,511.0,95.0,0.0
835.0,1.0,19.0,64.0,1.0,0.0,0.0,573.0,94.0,0.0
640.0,1.0,11.0,44.0,1.0,0.0,0.0,442.0,57.0,0.0
821.0,1.0,19.0,62.0,1.0,0.0,0.0,570.0,86.0,0.0
782.0,0.0,19.0,65.0,1.0,0.0,0.0,529.0,96.0,0.0
825.0,1.0,19.0,64.0,1.0,0.0,0.0,553.0,106.0,0.0
809.0,1.0,19.0,62.0,1.0,0.0,0.0,555.0,90.0,0.0
523.0,0.0,6.0,34.0,1.0,0.0,0.0,348.0,54.0,0.0
769.0,0.0,19.0,65.0,1.0,0.0,0.0,521.0,91.0,0.0
855.0,1.0,19.0,64.0,1.0,0.0,0.0,585.0,99.0,0.0
600.0,0.0,7.0,35.0,1.0,0.0,0.0,422.0,47.0,0.0
802.0,1.0,19.0,64.0,1.0,0.0,0.0,536.0,99.0,0.0
565.0,0.0,11.0,43.0,1.0,0.0,0.0,380.0,59.0,0.0
568.0,0.0,7.0,39.0,1.0,0.0,0.0,372.0,73.0,0.0
762.0,0.0,19.0,64.0,1.0,0.0,0.0,516.0,91.0,0.0
574.0,0.0,11.0,44.0,1.0,0.0,0.0,384.0,61.0,0.0
683.0,1.0,7.0,43.0,1.0,0.0,0.0,464.0,77.0,0.0
883.0,1.0,19.0,70.0,1.0,0.0,0.0,584.0,121.0,0.0
632.0,0.0,11.0,58.0,2.0,0.0,0.0,407.0,81.0,0.0
614.0,1.0,9.0,40.0,2.0,0.0,0.0,423.0,53.0,0.0
830.0,1.0,19.0,65.0,1.0,0.0,0.0,543.0,122.0,0.0
751.0,0.0,19.0,63.0,1.0,0.0,0.0,514.0,85.0,0.0
675.0,1.0,11.0,51.0,2.0,0.0,0.0,448.0,76.0,0.0
817.0,1.0,19.0,65.0,1.0,0.0,0.0,557.0,91.0,0.0
716.0,1.0,11.0,51.0,3.0,0.0,0.0,490.0,64.0,0.0
813.0,1.0,19.0,62.0,1.0,0.0,0.0,557.0,92.0,0.0
645.0,1.0,11.0,46.0,1.0,0.0,0.0,440.0,60.0,0.0
712.0,1.0,11.0,62.0,2.0,0.0,0.0,455.0,93.0,0.0
538.0,0.0,7.0,36.0,1.0,0.0,0.0,372.0,46.0,0.0
505.0,0.0,6.0,33.0,1.0,0.0,0.0,344.0,45.0,0.0
749.0,0.0,19.0,64.0,1.0,0.0,0.0,512.0,84.0,0.0
822.0,0.0,19.0,63.0,1.0,0.0,0.0,565.0,92.0,0.0
832.0,0.0,19.0,61.0,1.0,0.0,0.0,573.0,94.0,0.0
853.0,0.0,19.0,74.0,1.0,0.0,0.0,552.0,136.0,0.0
641.0,1.0,7.0,45.0,4.0,0.0,0.0,426.0,69.0,0.0
848.0,1.0,19.0,69.0,1.0,0.0,0.0,566.0,109.0,0.0
637.0,1.0,11.0,44.0,1.0,0.0,0.0,446.0,50.0,0.0
762.0,0.0,19.0,62.0,1.0,0.0,0.0,520.0,90.0,0.0
845.0,1.0,19.0,64.0,1.0,0.0,0.0,583.0,96.0,0.0
824.0,1.0,19.0,64.0,1.0,0.0,0.0,564.0,94.0,0.0
518.0,0.0,6.0,34.0,1.0,0.0,0.0,348.0,50.0,0.0
638.0,1.0,11.0,44.0,1.0,0.0,0.0,440.0,55.0,0.0
744.0,0.0,19.0,63.0,1.0,0.0,0.0,506.0,85.0,0.0
568.0,0.0,11.0,44.0,1.0,0.0,0.0,378.0,60.0,0.0
639.0,1.0,11.0,46.0,1.0,0.0,0.0,440.0,57.0,0.0
856.0,1.0,19.0,64.0,1.0,0.0,0.0,591.0,93.0,0.0
648.0,1.0,11.0,47.0,1.0,0.0,0.0,442.0,60.0,0.0
744.0,0.0,19.0,62.0,1.0,0.0,0.0,505.0,89.0,0.0
538.0,0.0,7.0,36.0,1.0,0.0,0.0,361.0,57.0,0.0
615.0,1.0,9.0,40.0,2.0,0.0,0.0,420.0,57.0,0.0
502.0,0.0,6.0,34.0,1.0,0.0,0.0,336.0,48.0,0.0
507.0,0.0,6.0,33.0,1.0,0.0,0.0,325.0,67.0,0.0
831.0,1.0,19.0,69.0,1.0,0.0,0.0,551.0,107.0,0.0
508.0,0.0,6.0,34.0,1.0,0.0,0.0,336.0,53.0,0.0
633.0,0.0,11.0,56.0,4.0,0.0,0.0,421.0,65.0,0.0
732.0,0.0,19.0,63.0,1.0,0.0,0.0,488.0,93.0,0.0
593.0,0.0,7.0,43.0,1.0,0.0,0.0,378.0,87.0,0.0
750.0,0.0,19.0,61.0,1.0,0.0,0.0,506.0,93.0,0.0
473.0,0.0,6.0,31.0,1.0,0.0,0.0,311.0,49.0,0.0
484.0,0.0,6.0,31.0,1.0,0.0,0.0,320.0,50.0,0.0
599.0,0.0,7.0,41.0,1.0,0.0,0.0,392.0,81.0,0.0
521.0,0.0,6.0,34.0,1.0,0.0,0.0,333.0,71.0,0.0
525.0,0.0,6.0,35.0,1.0,0.0,0.0,353.0,50.0,0.0
762.0,0.0,19.0,62.0,1.0,0.0,0.0,516.0,91.0,0.0
1081.0,0.0,7.0,144.0,1.0,0.0,0.0,404.0,447.0,0.0
826.0,0.0,19.0,63.0,1.0,0.0,0.0,567.0,90.0,0.0
821.0,1.0,19.0,65.0,1.0,0.0,0.0,557.0,97.0,0.0
807.0,0.0,19.0,70.0,2.0,0.0,0.0,539.0,104.0,0.0
588.0,0.0,7.0,43.0,1.0,0.0,0.0,371.0,90.0,0.0
642.0,1.0,11.0,46.0,1.0,0.0,0.0,444.0,53.0,0.0
642.0,1.0,11.0,46.0,1.0,0.0,0.0,441.0,58.0,0.0
814.0,1.0,19.0,63.0,1.0,0.0,0.0,556.0,94.0,0.0
850.0,1.0,19.0,66.0,1.0,0.0,0.0,577.0,103.0,0.0
528.0,0.0,6.0,36.0,1.0,0.0,0.0,360.0,46.0,0.0
910.0,1.0,19.0,79.0,1.0,0.0,0.0,603.0,124.0,0.0
520.0,0.0,6.0,34.0,1.0,0.0,0.0,334.0,69.0,0.0
852.0,1.0,19.0,64.0,1.0,0.0,0.0,581.0,102.0,0.0
581.0,1.0,7.0,35.0,1.0,0.0,0.0,395.0,54.0,0.0
503.0,0.0,6.0,33.0,1.0,0.0,0.0,340.0,46.0,0.0
743.0,0.0,19.0,64.0,1.0,0.0,0.0,496.0,94.0,0.0
564.0,0.0,7.0,45.0,1.0,0.0,0.0,378.0,58.0,0.0
862.0,1.0,19.0,63.0,1.0,0.0,0.0,596.0,98.0,0.0
635.0,1.0,11.0,44.0,1.0,0.0,0.0,447.0,48.0,0.0
536.0,0.0,9.0,40.0,2.0,0.0,0.0,356.0,57.0,0.0
835.0,1.0,19.0,66.0,1.0,0.0,0.0,564.0,100.0,0.0
819.0,1.0,19.0,63.0,1.0,0.0,0.0,561.0,93.0,0.0
814.0,0.0,19.0,68.0,1.0,0.0,0.0,530.0,124.0,0.0
765.0,0.0,19.0,63.0,1.0,0.0,0.0,513.0,99.0,0.0
762.0,0.0,19.0,64.0,1.0,0.0,0.0,517.0,92.0,0.0
756.0,0.0,19.0,62.0,1.0,0.0,0.0,505.0,98.0,0.0
557.0,0.0,7.0,44.0,2.0,0.0,0.0,359.0,68.0,0.0
607.0,1.0,7.0,36.0,1.0,0.0,0.0,422.0,52.0,0.0
832.0,1.0,19.0,68.0,1.0,0.0,0.0,569.0,92.0,0.0
771.0,0.0,19.0,65.0,1.0,0.0,0.0,520.0,93.0,0.0
617.0,0.0,11.0,56.0,4.0,0.0,0.0,400.0,71.0,0.0
834.0,0.0,19.0,81.0,2.0,0.0,0.0,532.0,126.0,0.0
760.0,0.0,19.0,63.0,1.0,0.0,0.0,517.0,91.0,0.0
744.0,0.0,19.0,64.0,1.0,0.0,0.0,508.0,83.0,0.0
501.0,0.0,6.0,33.0,1.0,0.0,0.0,329.0,55.0,0.0
599.0,1.0,7.0,36.0,2.0,0.0,0.0,411.0,53.0,0.0
819.0,1.0,19.0,65.0,1.0,0.0,0.0,561.0,91.0,0.0
611.0,0.0,11.0,47.0,1.0,0.0,0.0,400.0,80.0,0.0
828.0,1.0,19.0,65.0,1.0,0.0,0.0,567.0,94.0,0.0
816.0,1.0,19.0,63.0,1.0,0.0,0.0,564.0,87.0,0.0
491.0,0.0,6.0,31.0,1.0,0.0,0.0,319.0,55.0,0.0
493.0,0.0,6.0,32.0,1.0,0.0,0.0,331.0,47.0,0.0
825.0,1.0,19.0,63.0,1.0,0.0,0.0,560.0,99.0,0.0
842.0,1.0,19.0,64.0,1.0,0.0,0.0,573.0,102.0,0.0
746.0,0.0,19.0,63.0,1.0,0.0,0.0,510.0,85.0,0.0
835.0,1.0,19.0,65.0,1.0,0.0,0.0,588.0,79.0,0.0
812.0,1.0,19.0,62.0,1.0,0.0,0.0,555.0,91.0,0.0
749.0,0.0,19.0,64.0,1.0,0.0,0.0,504.0,92.0,0.0
839.0,1.0,19.0,65.0,1.0,0.0,0.0,573.0,97.0,0.0
502.0,0.0,6.0,33.0,1.0,0.0,0.0,332.0,53.0,0.0
539.0,0.0,9.0,40.0,2.0,0.0,0.0,360.0,56.0,0.0
767.0,0.0,19.0,63.0,1.0,0.0,0.0,527.0,85.0,0.0
865.0,1.0,19.0,69.0,1.0,0.0,0.0,607.0,84.0,0.0
583.0,0.0,7.0,43.0,1.0,0.0,0.0,379.0,76.0,0.0
778.0,0.0,19.0,64.0,1.0,0.0,0.0,536.0,86.0,0.0
851.0,1.0,19.0,65.0,1.0,0.0,0.0,589.0,94.0,0.0
834.0,0.0,19.0,86.0,2.0,0.0,0.0,525.0,126.0,0.0
828.0,1.0,19.0,64.0,1.0,0.0,0.0,560.0,100.0,0.0
501.0,0.0,6.0,33.0,1.0,0.0,0.0,340.0,44.0,0.0
841.0,1.0,19.0,64.0,2.0,0.0,0.0,580.0,90.0,0.0
833.0,1.0,19.0,62.0,1.0,0.0,0.0,578.0,88.0,0.0
584.0,0.0,7.0,35.0,1.0,0.0,0.0,406.0,47.0,0.0
527.0,0.0,6.0,34.0,1.0,0.0,0.0,338.0,71.0,0.0
830.0,1.0,19.0,68.0,1.0,0.0,0.0,556.0,99.0,0.0
578.0,0.0,11.0,45.0,1.0,0.0,0.0,390.0,60.0,0.0
652.0,1.0,9.0,51.0,5.0,0.0,0.0,436.0,65.0,0.0
639.0,1.0,7.0,40.0,1.0,0.0,0.0,415.0,87.0,0.0
1135.0,0.0,11.0,153.0,1.0,0.0,0.0,441.0,453.0,0.0
555.0,0.0,9.0,44.0,2.0,0.0,0.0,366.0,60.0,0.0
617.0,0.0,9.0,47.0,2.0,0.0,0.0,389.0,95.0,0.0
612.0,1.0,9.0,39.0,2.0,0.0,0.0,413.0,62.0,0.0
820.0,1.0,19.0,64.0,1.0,0.0,0.0,552.0,100.0,0.0
646.0,1.0,11.0,47.0,1.0,0.0,0.0,436.0,64.0,0.0
533.0,0.0,7.0,35.0,1.0,0.0,0.0,367.0,47.0,0.0
758.0,0.0,19.0,66.0,1.0,0.0,0.0,508.0,92.0,0.0
737.0,0.0,19.0,65.0,1.0,0.0,0.0,496.0,88.0,0.0
704.0,1.0,11.0,49.0,1.0,0.0,0.0,469.0,89.0,0.0
606.0,0.0,11.0,52.0,3.0,0.0,0.0,402.0,64.0,0.0
1143.0,1.0,7.0,144.0,1.0,0.0,0.0,452.0,449.0,0.0
765.0,0.0,19.0,66.0,1.0,0.0,0.0,510.0,97.0,0.0
657.0,1.0,7.0,43.0,1.0,0.0,0.0,426.0,91.0,0.0
608.0,0.0,9.0,47.0,2.0,0.0,0.0,392.0,84.0,0.0
766.0,0.0,19.0,63.0,1.0,0.0,0.0,519.0,92.0,0.0
532.0,0.0,6.0,34.0,1.0,0.0,0.0,338.0,75.0,0.0
507.0,0.0,6.0,33.0,1.0,0.0,0.0,339.0,52.0,0.0
748.0,0.0,19.0,63.0,1.0,0.0,0.0,502.0,94.0,0.0
545.0,0.0,9.0,40.0,2.0,0.0,0.0,367.0,53.0,0.0
562.0,0.0,11.0,43.0,1.0,0.0,0.0,383.0,53.0,0.0
825.0,1.0,19.0,62.0,1.0,0.0,0.0,556.0,101.0,0.0
554.0,0.0,7.0,43.0,2.0,0.0,0.0,365.0,60.0,0.0
539.0,0.0,7.0,40.0,1.0,0.0,0.0,351.0,62.0,0.0
597.0,0.0,11.0,51.0,2.0,0.0,0.0,391.0,69.0,0.0
904.0,1.0,19.0,68.0,3.0,0.0,0.0,619.0,99.0,0.0
813.0,1.0,19.0,63.0,1.0,0.0,0.0,561.0,88.0,0.0
513.0,0.0,6.0,34.0,1.0,0.0,0.0,351.0,45.0,0.0
687.0,1.0,7.0,56.0,2.0,0.0,0.0,439.0,92.0,0.0
825.0,1.0,19.0,63.0,1.0,0.0,0.0,566.0,90.0,0.0
761.0,0.0,19.0,63.0,1.0,0.0,0.0,520.0,87.0,0.0
737.0,0.0,19.0,61.0,1.0,0.0,0.0,496.0,90.0,0.0
735.0,0.0,19.0,64.0,1.0,0.0,0.0,489.0,91.0,0.0
834.0,1.0,19.0,62.0,1.0,0.0,0.0,571.0,93.0,0.0
705.0,1.0,11.0,51.0,1.0,0.0,0.0,464.0,90.0,0.0
757.0,0.0,19.0,62.0,1.0,0.0,0.0,516.0,86.0,0.0
502.0,0.0,6.0,33.0,1.0,0.0,0.0,341.0,44.0,0.0
749.0,0.0,19.0,63.0,1.0,0.0,0.0,489.0,107.0,0.0
638.0,1.0,11.0,45.0,1.0,0.0,0.0,441.0,56.0,0.0
682.0,1.0,9.0,60.0,3.0,0.0,0.0,427.0,96.0,0.0
650.0,1.0,9.0,49.0,5.0,0.0,0.0,428.0,71.0,0.0
749.0,0.0,19.0,64.0,1.0,0.0,0.0,508.0,85.0,0.0
498.0,0.0,6.0,33.0,1.0,0.0,0.0,334.0,48.0,0.0
638.0,1.0,11.0,45.0,1.0,0.0,0.0,432.0,62.0,0.0
648.0,1.0,7.0,48.0,4.0,0.0,0.0,434.0,62.0,0.0
514.0,0.0,6.0,34.0,1.0,0.0,0.0,350.0,44.0,0.0
830.0,1.0,19.0,61.0,1.0,0.0,0.0,572.0,92.0,0.0
634.0,1.0,11.0,43.0,1.0,0.0,0.0,439.0,56.0,0.0
500.0,0.0,6.0,33.0,1.0,0.0,0.0,327.0,57.0,0.0
623.0,1.0,11.0,43.0,1.0,0.0,0.0,430.0,53.0,0.0
520.0,0.0,6.0,34.0,1.0,0.0,0.0,331.0,72.0,0.0
574.0,0.0,11.0,47.0,1.0,0.0,0.0,389.0,55.0,0.0
766.0,0.0,19.0,65.0,1.0,0.0,0.0,522.0,87.0,0.0
925.0,1.0,19.0,73.0,1.0,0.0,0.0,614.0,130.0,0.0
818.0,1.0,19.0,63.0,1.0,0.0,0.0,551.0,102.0,0.0
617.0,0.0,7.0,56.0,2.0,0.0,0.0,385.0,89.0,0.0
570.0,0.0,7.0,44.0,3.0,0.0,0.0,377.0,60.0,0.0
524.0,0.0,6.0,34.0,1.0,0.0,0.0,334.0,71.0,0.0
647.0,1.0,11.0,47.0,1.0,0.0,0.0,439.0,62.0,0.0
633.0,0.0,11.0,52.0,1.0,0.0,0.0,426.0,67.0,0.0
818.0,1.0,19.0,66.0,1.0,0.0,0.0,550.0,99.0,0.0
820.0,1.0,19.0,67.0,1.0,0.0,0.0,553.0,99.0,0.0
513.0,0.0,7.0,35.0,1.0,0.0,0.0,341.0,54.0,0.0
808.0,1.0,19.0,61.0,1.0,0.0,0.0,551.0,95.0,0.0
817.0,1.0,19.0,62.0,1.0,0.0,0.0,570.0,84.0,0.0
517.0,0.0,6.0,34.0,1.0,0.0,0.0,346.0,50.0,0.0
574.0,0.0,11.0,45.0,1.0,0.0,0.0,393.0,52.0,0.0
757.0,0.0,19.0,65.0,1.0,0.0,0.0,512.0,91.0,0.0
762.0,0.0,19.0,63.0,1.0,0.0,0.0,518.0,90.0,0.0
666.0,1.0,7.0,47.0,1.0,0.0,0.0,437.0,86.0,0.0
817.0,1.0,19.0,61.0,1.0,0.0,0.0,558.0,95.0,0.0
484.0,0.0,6.0,32.0,1.0,0.0,0.0,321.0,49.0,0.0
675.0,1.0,7.0,45.0,1.0,0.0,0.0,443.0,90.0,0.0
563.0,0.0,7.0,47.0,2.0,0.0,0.0,358.0,72.0,0.0
758.0,0.0,19.0,66.0,1.0,0.0,0.0,520.0,81.0,0.0
738.0,0.0,19.0,63.0,1.0,0.0,0.0,493.0,93.0,0.0
632.0,1.0,11.0,43.0,1.0,0.0,0.0,442.0,51.0,0.0
765.0,0.0,19.0,65.0,1.0,0.0,0.0,521.0,88.0,0.0
505.0,0.0,6.0,33.0,1.0,0.0,0.0,338.0,51.0,0.0
643.0,1.0,11.0,45.0,1.0,0.0,0.0,441.0,61.0,0.0
512.0,0.0,6.0,34.0,1.0,0.0,0.0,346.0,47.0,0.0
520.0,0.0,6.0,34.0,1.0,0.0,0.0,336.0,67.0,0.0
528.0,0.0,6.0,36.0,1.0,0.0,0.0,358.0,48.0,0.0
514.0,0.0,7.0,35.0,1.0,0.0,0.0,340.0,56.0,0.0
648.0,1.0,11.0,49.0,1.0,0.0,0.0,429.0,70.0,0.0
881.0,1.0,19.0,75.0,1.0,0.0,0.0,589.0,116.0,0.0
637.0,1.0,11.0,44.0,1.0,0.0,0.0,428.0,66.0,0.0
519.0,0.0,6.0,34.0,1.0,0.0,0.0,350.0,49.0,0.0
791.0,0.0,19.0,65.0,1.0,0.0,0.0,538.0,96.0,0.0
618.0,0.0,11.0,47.0,1.0,0.0,0.0,406.0,81.0,0.0
814.0,1.0,19.0,63.0,1.0,0.0,0.0,558.0,90.0,0.0
894.0,1.0,19.0,66.0,1.0,0.0,0.0,599.0,122.0,0.0
822.0,1.0,19.0,66.0,1.0,0.0,0.0,562.0,92.0,0.0
515.0,0.0,6.0,34.0,1.0,0.0,0.0,347.0,48.0,0.0
832.0,1.0,19.0,68.0,1.0,0.0,0.0,565.0,97.0,0.0
985.0,1.0,19.0,81.0,1.0,1.0,0.0,688.0,102.0,0.0
641.0,1.0,11.0,45.0,1.0,0.0,0.0,436.0,59.0,0.0
806.0,1.0,19.0,62.0,1.0,0.0,0.0,540.0,101.0,0.0
677.0,1.0,7.0,40.0,3.0,0.0,0.0,466.0,62.0,0.0
820.0,1.0,19.0,66.0,1.0,0.0,0.0,559.0,93.0,0.0
568.0,0.0,11.0,45.0,1.0,0.0,0.0,386.0,54.0,0.0
829.0,1.0,19.0,62.0,1.0,0.0,0.0,576.0,90.0,0.0
517.0,0.0,7.0,36.0,1.0,0.0,0.0,348.0,50.0,0.0
755.0,0.0,19.0,62.0,1.0,0.0,0.0,513.0,92.0,0.0
824.0,1.0,19.0,62.0,1.0,0.0,0.0,570.0,87.0,0.0
535.0,0.0,6.0,34.0,1.0,0.0,0.0,347.0,69.0,0.0
494.0,0.0,6.0,32.0,1.0,0.0,0.0,331.0,46.0,0.0
842.0,1.0,19.0,66.0,1.0,0.0,0.0,573.0,99.0,0.0
646.0,1.0,11.0,47.0,1.0,0.0,0.0,442.0,61.0,0.0
554.0,0.0,7.0,43.0,2.0,0.0,0.0,361.0,64.0,0.0
509.0,0.0,6.0,33.0,1.0,0.0,0.0,347.0,46.0,0.0
547.0,0.0,9.0,40.0,2.0,0.0,0.0,363.0,59.0,0.0
563.0,0.0,7.0,47.0,2.0,0.0,0.0,364.0,66.0,0.0
634.0,0.0,11.0,43.0,1.0,0.0,0.0,435.0,61.0,0.0
538.0,0.0,9.0,40.0,2.0,0.0,0.0,362.0,53.0,0.0
687.0,1.0,11.0,55.0,2.0,0.0,0.0,458.0,75.0,0.0
573.0,0.0,7.0,40.0,1.0,0.0,0.0,364.0,85.0,0.0
673.0,0.0,11.0,57.0,1.0,0.0,0.0,433.0,100.0,0.0
703.0,1.0,11.0,57.0,4.0,0.0,0.0,461.0,78.0,0.0
781.0,0.0,19.0,64.0,1.0,0.0,0.0,533.0,90.0,0.0
835.0,1.0,19.0,62.0,1.0,0.0,0.0,566.0,99.0,0.0
525.0,0.0,6.0,34.0,1.0,0.0,0.0,358.0,47.0,0.0
493.0,0.0,6.0,32.0,1.0,0.0,0.0,322.0,56.0,0.0
818.0,1.0,19.0,62.0,1.0,0.0,0.0,567.0,86.0,0.0
794.0,1.0,19.0,65.0,1.0,0.0,0.0,537.0,92.0,0.0
628.0,1.0,9.0,44.0,2.0,0.0,0.0,421.0,65.0,0.0
742.0,0.0,19.0,65.0,1.0,0.0,0.0,496.0,94.0,0.0
783.0,0.0,19.0,78.0,4.0,0.0,0.0,511.0,103.0,0.0
534.0,0.0,7.0,35.0,1.0,0.0,0.0,363.0,52.0,0.0
506.0,0.0,6.0,33.0,1.0,0.0,0.0,345.0,45.0,0.0
867.0,1.0,19.0,74.0,4.0,0.0,0.0,573.0,114.0,0.0
827.0,1.0,19.0,63.0,1.0,0.0,0.0,573.0,88.0,0.0
600.0,1.0,9.0,40.0,2.0,0.0,0.0,408.0,56.0,0.0
849.0,1.0,19.0,70.0,2.0,0.0,0.0,565.0,111.0,0.0
746.0,0.0,19.0,62.0,1.0,0.0,0.0,510.0,85.0,0.0
638.0,1.0,11.0,44.0,1.0,0.0,0.0,440.0,57.0,0.0
602.0,1.0,7.0,35.0,1.0,0.0,0.0,423.0,47.0,0.0
807.0,0.0,19.0,69.0,1.0,0.0,0.0,532.0,113.0,0.0
643.0,0.0,11.0,52.0,1.0,0.0,0.0,433.0,73.0,0.0
492.0,0.0,6.0,31.0,1.0,0.0,0.0,313.0,66.0,0.0
566.0,0.0,7.0,44.0,3.0,0.0,0.0,373.0,61.0,0.0
497.0,0.0,6.0,31.0,1.0,0.0,0.0,309.0,73.0,0.0
755.0,0.0,19.0,64.0,1.0,0.0,0.0,514.0,88.0,0.0
525.0,0.0,6.0,35.0,1.0,0.0,0.0,350.0,53.0,0.0
829.0,1.0,19.0,64.0,1.0,0.0,0.0,566.0,95.0,0.0
519.0,0.0,6.0,34.0,1.0,0.0,0.0,348.0,50.0,0.0
513.0,0.0,6.0,34.0,1.0,0.0,0.0,338.0,57.0,0.0
637.0,1.0,11.0,44.0,1.0,0.0,0.0,432.0,62.0,0.0
820.0,0.0,19.0,70.0,1.0,0.0,0.0,559.0,97.0,0.0
753.0,0.0,19.0,62.0,1.0,0.0,0.0,513.0,89.0,0.0
565.0,0.0,11.0,43.0,1.0,0.0,0.0,390.0,48.0,0.0
635.0,1.0,7.0,47.0,2.0,0.0,0.0,412.0,77.0,0.0
845.0,1.0,19.0,65.0,1.0,0.0,0.0,583.0,93.0,0.0
663.0,1.0,7.0,40.0,1.0,0.0,0.0,438.0,87.0,0.0
476.0,0.0,6.0,30.0,1.0,0.0,0.0,311.0,52.0,0.0
684.0,1.0,9.0,49.0,2.0,0.0,0.0,444.0,93.0,0.0
575.0,0.0,11.0,44.0,2.0,0.0,0.0,389.0,56.0,0.0
550.0,0.0,9.0,44.0,2.0,0.0,0.0,356.0,65.0,0.0
814.0,1.0,19.0,62.0,1.0,0.0,0.0,559.0,92.0,0.0
633.0,1.0,11.0,44.0,1.0,0.0,0.0,434.0,58.0,0.0
522.0,0.0,7.0,36.0,1.0,0.0,0.0,352.0,50.0,0.0
512.0,0.0,6.0,33.0,1.0,0.0,0.0,344.0,51.0,0.0
642.0,1.0,7.0,43.0,1.0,0.0,0.0,441.0,60.0,0.0
507.0,0.0,6.0,34.0,1.0,0.0,0.0,336.0,52.0,0.0
740.0,0.0,19.0,63.0,1.0,0.0,0.0,497.0,93.0,0.0
835.0,1.0,19.0,67.0,1.0,0.0,0.0,570.0,93.0,0.0
626.0,0.0,11.0,48.0,1.0,0.0,0.0,405.0,89.0,0.0
846.0,1.0,19.0,64.0,1.0,0.0,0.0,560.0,119.0,0.0
832.0,0.0,19.0,83.0,2.0,0.0,0.0,526.0,131.0,0.0
578.0,0.0,7.0,41.0,1.0,0.0,0.0,370.0,83.0,0.0
716.0,1.0,11.0,52.0,1.0,0.0,0.0,463.0,101.0,0.0
760.0,0.0,19.0,62.0,1.0,0.0,0.0,519.0,87.0,0.0
594.0,0.0,7.0,47.0,1.0,0.0,0.0,392.0,72.0,0.0
636.0,1.0,11.0,44.0,1.0,0.0,0.0,430.0,63.0,0.0
486.0,0.0,6.0,31.0,1.0,0.0,0.0,317.0,54.0,0.0
570.0,0.0,11.0,45.0,1.0,0.0,0.0,390.0,52.0,0.0
852.0,1.0,19.0,67.0,1.0,0.0,0.0,565.0,119.0,0.0
518.0,0.0,6.0,34.0,1.0,0.0,0.0,346.0,52.0,0.0
523.0,0.0,6.0,34.0,1.0,0.0,0.0,336.0,70.0,0.0
762.0,0.0,19.0,64.0,1.0,0.0,0.0,518.0,88.0,0.0
606.0,0.0,9.0,54.0,3.0,0.0,0.0,382.0,82.0,0.0
743.0,0.0,19.0,65.0,1.0,0.0,0.0,496.0,91.0,0.0
752.0,0.0,19.0,63.0,1.0,0.0,0.0,503.0,95.0,0.0
655.0,1.0,7.0,53.0,2.0,0.0,0.0,415.0,88.0,0.0
819.0,1.0,19.0,65.0,1.0,0.0,0.0,556.0,97.0,0.0
570.0,0.0,11.0,44.0,1.0,0.0,0.0,380.0,63.0,0.0
486.0,0.0,6.0,31.0,1.0,0.0,0.0,322.0,49.0,0.0
574.0,0.0,11.0,46.0,1.0,0.0,0.0,390.0,55.0,0.0
654.0,1.0,11.0,48.0,1.0,0.0,0.0,438.0,70.0,0.0
769.0,0.0,19.0,62.0,1.0,0.0,0.0,523.0,92.0,0.0
839.0,1.0,19.0,65.0,1.0,0.0,0.0,571.0,98.0,0.0
834.0,1.0,19.0,61.0,1.0,0.0,0.0,579.0,91.0,0.0
848.0,1.0,19.0,66.0,1.0,0.0,0.0,578.0,102.0,0.0
521.0,0.0,6.0,34.0,1.0,0.0,0.0,351.0,51.0,0.0
492.0,0.0,6.0,32.0,1.0,0.0,0.0,330.0,46.0,0.0
742.0,0.0,19.0,63.0,1.0,0.0,0.0,502.0,87.0,0.0
507.0,0.0,6.0,33.0,1.0,0.0,0.0,336.0,53.0,0.0
589.0,0.0,7.0,39.0,1.0,0.0,0.0,386.0,79.0,0.0
521.0,0.0,6.0,35.0,1.0,0.0,0.0,352.0,47.0,0.0
713.0,1.0,11.0,53.0,1.0,0.0,0.0,467.0,96.0,0.0
917.0,1.0,19.0,84.0,2.0,0.0,0.0,594.0,132.0,0.0
611.0,1.0,7.0,45.0,4.0,0.0,0.0,397.0,69.0,0.0
643.0,1.0,7.0,40.0,1.0,0.0,0.0,418.0,88.0,0.0
608.0,1.0,9.0,40.0,2.0,0.0,0.0,412.0,60.0,0.0
497.0,0.0,6.0,32.0,1.0,0.0,0.0,331.0,51.0,0.0
776.0,0.0,19.0,65.0,1.0,0.0,0.0,528.0,91.0,0.0
696.0,1.0,9.0,60.0,3.0,0.0,0.0,435.0,100.0,0.0
841.0,1.0,19.0,63.0,1.0,0.0,0.0,580.0,94.0,0.0
574.0,0.0,11.0,46.0,1.0,0.0,0.0,387.0,58.0,0.0
520.0,0.0,7.0,36.0,1.0,0.0,0.0,351.0,49.0,0.0
574.0,0.0,11.0,45.0,1.0,0.0,0.0,386.0,57.0,0.0
873.0,1.0,19.0,72.0,3.0,0.0,0.0,590.0,103.0,0.0
829.0,1.0,19.0,65.0,1.0,0.0,0.0,569.0,93.0,0.0
904.0,1.0,19.0,70.0,3.0,0.0,0.0,622.0,100.0,0.0
662.0,1.0,7.0,56.0,2.0,0.0,0.0,409.0,98.0,0.0
760.0,0.0,19.0,61.0,1.0,0.0,0.0,519.0,89.0,0.0
755.0,0.0,19.0,62.0,1.0,0.0,0.0,509.0,89.0,0.0
553.0,0.0,9.0,43.0,2.0,0.0,0.0,369.0,58.0,0.0
826.0,0.0,19.0,69.0,1.0,0.0,0.0,563.0,101.0,0.0
837.0,1.0,19.0,64.0,1.0,0.0,0.0,577.0,94.0,0.0
506.0,0.0,6.0,33.0,1.0,0.0,0.0,335.0,54.0,0.0
816.0,1.0,19.0,61.0,1.0,0.0,0.0,564.0,89.0,0.0
834.0,0.0,19.0,83.0,2.0,0.0,0.0,535.0,122.0,0.0
851.0,1.0,19.0,65.0,1.0,0.0,0.0,580.0,101.0,0.0
807.0,1.0,19.0,62.0,1.0,0.0,0.0,549.0,95.0,0.0
809.0,1.0,19.0,60.0,1.0,0.0,0.0,562.0,86.0,0.0
527.0,0.0,6.0,34.0,1.0,0.0,0.0,337.0,72.0,0.0
957.0,1.0,19.0,78.0,1.0,1.0,0.0,646.0,123.0,0.0
867.0,1.0,19.0,68.0,1.0,0.0,0.0,590.0,104.0,0.0
752.0,0.0,19.0,63.0,1.0,0.0,0.0,515.0,86.0,0.0
579.0,0.0,7.0,35.0,1.0,0.0,0.0,395.0,54.0,0.0
772.0,0.0,19.0,66.0,1.0,0.0,0.0,515.0,100.0,0.0
766.0,0.0,19.0,68.0,1.0,0.0,0.0,499.0,107.0,0.0
657.0,1.0,11.0,49.0,1.0,0.0,0.0,436.0,71.0,0.0
577.0,0.0,11.0,46.0,1.0,0.0,0.0,391.0,56.0,0.0
743.0,0.0,19.0,61.0,1.0,0.0,0.0,510.0,84.0,0.0
738.0,0.0,19.0,61.0,1.0,0.0,0.0,496.0,93.0,0.0
752.0,0.0,19.0,62.0,1.0,0.0,0.0,508.0,93.0,0.0
695.0,1.0,11.0,56.0,2.0,0.0,0.0,458.0,79.0,0.0
643.0,0.0,7.0,49.0,1.0,0.0,0.0,420.0,90.0,0.0
749.0,0.0,19.0,63.0,1.0,0.0,0.0,504.0,93.0,0.0
622.0,0.0,11.0,48.0,1.0,0.0,0.0,404.0,86.0,0.0
757.0,0.0,19.0,62.0,1.0,0.0,0.0,515.0,91.0,0.0
639.0,1.0,11.0,45.0,1.0,0.0,0.0,438.0,57.0,0.0
828.0,1.0,19.0,61.0,1.0,0.0,0.0,565.0,100.0,0.0
700.0,1.0,11.0,52.0,1.0,0.0,0.0,478.0,69.0,0.0
758.0,0.0,19.0,65.0,1.0,0.0,0.0,510.0,92.0,0.0
711.0,1.0,11.0,64.0,2.0,0.0,0.0,448.0,100.0,0.0
518.0,0.0,6.0,34.0,1.0,0.0,0.0,351.0,47.0,0.0
635.0,1.0,11.0,44.0,1.0,0.0,0.0,443.0,52.0,0.0
622.0,1.0,7.0,44.0,2.0,0.0,0.0,412.0,67.0,0.0
629.0,1.0,11.0,44.0,1.0,0.0,0.0,432.0,57.0,0.0
646.0,1.0,11.0,44.0,1.0,0.0,0.0,454.0,52.0,0.0
809.0,0.0,19.0,75.0,4.0,0.0,0.0,537.0,99.0,0.0
881.0,1.0,19.0,72.0,3.0,0.0,0.0,597.0,103.0,0.0
568.0,0.0,11.0,44.0,1.0,0.0,0.0,383.0,58.0,0.0
699.0,1.0,11.0,58.0,2.0,0.0,0.0,458.0,81.0,0.0
806.0,1.0,19.0,62.0,1.0,0.0,0.0,549.0,94.0,0.0
775.0,0.0,19.0,64.0,1.0,0.0,0.0,524.0,92.0,0.0
629.0,0.0,11.0,49.0,1.0,0.0,0.0,408.0,88.0,0.0
750.0,0.0,19.0,61.0,1.0,0.0,0.0,505.0,92.0,0.0
502.0,0.0,6.0,34.0,1.0,0.0,0.0,339.0,45.0,0.0
690.0,1.0,11.0,54.0,1.0,0.0,0.0,464.0,73.0,0.0
716.0,1.0,11.0,56.0,1.0,0.0,0.0,467.0,94.0,0.0
836.0,1.0,19.0,61.0,1.0,0.0,0.0,575.0,95.0,0.0
827.0,1.0,19.0,61.0,1.0,0.0,0.0,566.0,97.0,0.0
624.0,0.0,11.0,53.0,3.0,0.0,0.0,412.0,68.0,0.0
762.0,0.0,19.0,62.0,1.0,0.0,0.0,521.0,87.0,0.0
769.0,0.0,19.0,63.0,1.0,0.0,0.0,524.0,89.0,0.0
812.0,1.0,19.0,65.0,1.0,0.0,0.0,551.0,94.0,0.0
529.0,0.0,7.0,39.0,1.0,0.0,0.0,341.0,66.0,0.0
574.0,0.0,11.0,46.0,1.0,0.0,0.0,387.0,55.0,0.0
830.0,1.0,19.0,62.0,1.0,0.0,0.0,571.0,93.0,0.0
801.0,0.0,19.0,64.0,1.0,0.0,0.0,554.0,85.0,0.0
630.0,1.0,11.0,43.0,1.0,0.0,0.0,435.0,56.0,0.0
767.0,0.0,19.0,62.0,1.0,0.0,0.0,526.0,89.0,0.0
617.0,1.0,7.0,45.0,4.0,0.0,0.0,405.0,67.0,0.0
535.0,0.0,6.0,34.0,1.0,0.0,0.0,343.0,73.0,0.0
834.0,1.0,19.0,61.0,1.0,0.0,0.0,584.0,86.0,0.0
503.0,0.0,6.0,33.0,1.0,0.0,0.0,337.0,48.0,0.0
741.0,0.0,19.0,64.0,1.0,0.0,0.0,505.0,83.0,0.0
619.0,0.0,11.0,53.0,3.0,0.0,0.0,408.0,67.0,0.0
626.0,0.0,11.0,49.0,1.0,0.0,0.0,399.0,94.0,0.0
882.0,1.0,19.0,71.0,1.0,0.0,0.0,611.0,94.0,0.0
477.0,0.0,6.0,31.0,1.0,0.0,0.0,319.0,44.0,0.0
717.0,1.0,9.0,53.0,2.0,0.0,0.0,460.0,108.0,0.0
628.0,0.0,11.0,49.0,1.0,0.0,0.0,403.0,89.0,0.0
840.0,1.0,19.0,61.0,1.0,0.0,0.0,580.0,92.0,0.0
757.0,0.0,19.0,67.0,1.0,0.0,0.0,507.0,94.0,0.0
774.0,0.0,19.0,64.0,1.0,0.0,0.0,527.0,91.0,0.0
705.0,1.0,11.0,51.0,1.0,0.0,0.0,458.0,96.0,0.0
567.0,0.0,11.0,44.0,1.0,0.0,0.0,383.0,54.0,0.0
592.0,0.0,11.0,50.0,1.0,0.0,0.0,397.0,60.0,0.0
643.0,1.0,11.0,45.0,1.0,0.0,0.0,448.0,53.0,0.0
503.0,0.0,6.0,33.0,1.0,0.0,0.0,343.0,45.0,0.0
527.0,0.0,6.0,34.0,1.0,0.0,0.0,335.0,73.0,0.0
640.0,1.0,11.0,45.0,1.0,0.0,0.0,449.0,50.0,0.0
591.0,0.0,9.0,51.0,3.0,0.0,0.0,375.0,79.0,0.0
821.0,1.0,19.0,64.0,1.0,0.0,0.0,558.0,97.0,0.0
733.0,0.0,19.0,61.0,1.0,0.0,0.0,489.0,95.0,0.0
562.0,0.0,9.0,40.0,3.0,0.0,0.0,374.0,60.0,0.0
645.0,1.0,11.0,47.0,1.0,0.0,0.0,440.0,59.0,0.0
689.0,1.0,7.0,49.0,1.0,0.0,0.0,453.0,91.0,0.0
519.0,0.0,6.0,35.0,1.0,0.0,0.0,346.0,52.0,0.0
749.0,1.0,7.0,53.0,1.0,1.0,0.0,506.0,85.0,0.0
808.0,1.0,19.0,63.0,1.0,0.0,0.0,548.0,97.0,0.0
768.0,0.0,19.0,63.0,1.0,0.0,0.0,524.0,92.0,0.0
825.0,1.0,19.0,64.0,1.0,0.0,0.0,566.0,93.0,0.0
633.0,1.0,11.0,44.0,1.0,0.0,0.0,435.0,58.0,0.0
565.0,0.0,11.0,43.0,1.0,0.0,0.0,382.0,57.0,0.0
818.0,1.0,19.0,66.0,1.0,0.0,0.0,563.0,89.0,0.0
550.0,0.0,9.0,40.0,2.0,0.0,0.0,373.0,53.0,0.0
761.0,0.0,19.0,63.0,1.0,0.0,0.0,511.0,94.0,0.0
770.0,0.0,19.0,65.0,1.0,0.0,0.0,517.0,94.0,0.0
521.0,0.0,6.0,35.0,1.0,0.0,0.0,358.0,42.0,0.0
827.0,1.0,19.0,64.0,1.0,0.0,0.0,565.0,94.0,0.0
507.0,0.0,6.0,33.0,1.0,0.0,0.0,347.0,44.0,0.0
738.0,0.0,19.0,61.0,1.0,0.0,0.0,503.0,84.0,0.0
636.0,0.0,11.0,54.0,1.0,0.0,0.0,402.0,94.0,0.0
634.0,1.0,11.0,43.0,1.0,0.0,0.0,431.0,63.0,0.0
523.0,0.0,6.0,35.0,1.0,0.0,0.0,361.0,43.0,0.0
599.0,0.0,11.0,54.0,4.0,0.0,0.0,395.0,63.0,0.0
518.0,0.0,7.0,35.0,1.0,0.0,0.0,344.0,55.0,0.0
628.0,0.0,11.0,49.0,1.0,0.0,0.0,401.0,91.0,0.0
826.0,1.0,19.0,64.0,1.0,0.0,0.0,574.0,86.0,0.0
828.0,1.0,19.0,64.0,1.0,0.0,0.0,563.0,95.0,0.0
564.0,0.0,11.0,43.0,1.0,0.0,0.0,383.0,55.0,0.0
822.0,1.0,19.0,61.0,1.0,0.0,0.0,573.0,84.0,0.0
594.0,0.0,11.0,55.0,4.0,0.0,0.0,376.0,75.0,0.0
634.0,1.0,7.0,39.0,1.0,0.0,0.0,417.0,81.0,0.0
523.0,0.0,6.0,34.0,1.0,0.0,0.0,338.0,67.0,0.0
637.0,0.0,11.0,57.0,4.0,0.0,0.0,412.0,74.0,0.0
636.0,1.0,11.0,44.0,1.0,0.0,0.0,441.0,55.0,0.0
810.0,1.0,19.0,63.0,1.0,0.0,0.0,551.0,93.0,0.0
819.0,1.0,19.0,65.0,1.0,0.0,0.0,553.0,98.0,0.0
639.0,1.0,11.0,45.0,1.0,0.0,0.0,440.0,55.0,0.0
666.0,1.0,7.0,47.0,1.0,0.0,0.0,441.0,82.0,0.0
776.0,0.0,19.0,63.0,1.0,0.0,0.0,530.0,90.0,0.0
508.0,0.0,6.0,32.0,1.0,0.0,0.0,319.0,73.0,0.0
591.0,0.0,7.0,53.0,2.0,0.0,0.0,367.0,84.0,0.0
833.0,1.0,19.0,66.0,1.0,0.0,0.0,566.0,96.0,0.0
905.0,1.0,19.0,66.0,3.0,0.0,0.0,622.0,100.0,0.0
691.0,1.0,9.0,60.0,3.0,0.0,0.0,432.0,100.0,0.0
622.0,1.0,7.0,43.0,2.0,0.0,0.0,417.0,63.0,0.0
499.0,0.0,6.0,33.0,1.0,0.0,0.0,328.0,55.0,0.0
499.0,0.0,6.0,33.0,1.0,0.0,0.0,326.0,56.0,0.0
818.0,1.0,19.0,63.0,1.0,0.0,0.0,556.0,96.0,0.0
755.0,0.0,19.0,64.0,1.0,0.0,0.0,515.0,87.0,0.0
586.0,1.0,7.0,36.0,1.0,0.0,0.0,400.0,54.0,0.0
643.0,1.0,11.0,45.0,1.0,0.0,0.0,444.0,58.0,0.0
572.0,0.0,11.0,45.0,1.0,0.0,0.0,385.0,56.0,0.0
578.0,0.0,7.0,40.0,1.0,0.0,0.0,371.0,82.0,0.0
488.0,0.0,6.0,32.0,1.0,0.0,0.0,320.0,53.0,0.0
907.0,1.0,19.0,74.0,1.0,0.0,0.0,607.0,120.0,0.0
614.0,1.0,9.0,40.0,2.0,0.0,0.0,415.0,61.0,0.0
844.0,1.0,19.0,64.0,1.0,0.0,0.0,582.0,96.0,0.0
729.0,0.0,19.0,64.0,1.0,0.0,0.0,511.0,66.0,0.0
821.0,1.0,19.0,61.0,1.0,0.0,0.0,564.0,95.0,0.0
742.0,0.0,19.0,61.0,1.0,0.0,0.0,501.0,91.0,0.0
581.0,1.0,7.0,35.0,1.0,0.0,0.0,403.0,47.0,0.0
518.0,0.0,6.0,34.0,1.0,0.0,0.0,337.0,64.0,0.0
823.0,1.0,19.0,62.0,1.0,0.0,0.0,568.0,90.0,0.0
641.0,1.0,11.0,44.0,1.0,0.0,0.0,439.0,59.0,0.0
637.0,1.0,11.0,44.0,1.0,0.0,0.0,447.0,50.0,0.0
699.0,1.0,11.0,56.0,4.0,0.0,0.0,462.0,77.0,0.0
757.0,0.0,19.0,61.0,1.0,0.0,0.0,516.0,87.0,0.0
549.0,0.0,7.0,39.0,1.0,0.0,0.0,367.0,59.0,0.0
752.0,0.0,19.0,63.0,1.0,0.0,0.0,509.0,88.0,0.0
578.0,0.0,11.0,48.0,1.0,0.0,0.0,379.0,66.0,0.0
780.0,0.0,19.0,64.0,1.0,0.0,0.0,523.0,99.0,0.0
556.0,0.0,7.0,44.0,2.0,0.0,0.0,365.0,61.0,0.0
763.0,0.0,19.0,63.0,1.0,0.0,0.0,518.0,91.0,0.0
506.0,0.0,6.0,33.0,1.0,0.0,0.0,336.0,53.0,0.0
530.0,0.0,6.0,34.0,1.0,0.0,0.0,359.0,50.0,0.0
632.0,0.0,11.0,44.0,1.0,0.0,0.0,438.0,55.0,0.0
622.0,0.0,11.0,49.0,1.0,0.0,0.0,405.0,84.0,0.0
576.0,0.0,11.0,45.0,1.0,0.0,0.0,384.0,61.0,0.0
800.0,0.0,19.0,65.0,1.0,0.0,0.0,547.0,92.0,0.0
741.0,0.0,19.0,64.0,1.0,0.0,0.0,497.0,92.0,0.0
542.0,0.0,9.0,40.0,2.0,0.0,0.0,359.0,60.0,0.0
766.0,0.0,19.0,62.0,1.0,0.0,0.0,527.0,85.0,0.0
586.0,0.0,7.0,44.0,3.0,0.0,0.0,396.0,57.0,0.0
844.0,1.0,19.0,65.0,1.0,0.0,0.0,582.0,90.0,0.0
655.0,1.0,7.0,44.0,3.0,0.0,0.0,452.0,57.0,0.0
794.0,0.0,19.0,75.0,3.0,0.0,0.0,530.0,95.0,0.0
763.0,0.0,19.0,64.0,1.0,0.0,0.0,516.0,92.0,0.0
512.0,0.0,6.0,34.0,1.0,0.0,0.0,343.0,49.0,0.0
553.0,0.0,7.0,43.0,2.0,0.0,0.0,362.0,62.0,0.0
556.0,0.0,7.0,44.0,3.0,0.0,0.0,360.0,64.0,0.0
762.0,0.0,19.0,63.0,1.0,0.0,0.0,521.0,86.0,0.0
847.0,0.0,19.0,82.0,2.0,0.0,0.0,543.0,127.0,0.0
595.0,1.0,7.0,36.0,1.0,0.0,0.0,410.0,52.0,0.0
509.0,0.0,6.0,34.0,1.0,0.0,0.0,339.0,53.0,0.0
850.0,1.0,19.0,68.0,1.0,0.0,0.0,573.0,105.0,0.0
642.0,1.0,11.0,46.0,1.0,0.0,0.0,445.0,54.0,0.0
526.0,0.0,7.0,36.0,1.0,0.0,0.0,353.0,53.0,0.0
994.0,1.0,19.0,80.0,1.0,1.0,0.0,679.0,123.0,0.0
648.0,1.0,7.0,43.0,1.0,0.0,0.0,412.0,96.0,0.0
835.0,1.0,19.0,63.0,1.0,0.0,0.0,575.0,92.0,0.0
636.0,0.0,11.0,44.0,1.0,0.0,0.0,435.0,62.0,0.0
626.0,1.0,7.0,47.0,2.0,0.0,0.0,406.0,74.0,0.0
576.0,0.0,11.0,45.0,1.0,0.0,0.0,387.0,61.0,0.0
771.0,0.0,19.0,66.0,1.0,0.0,0.0,526.0,87.0,0.0
514.0,0.0,6.0,34.0,1.0,0.0,0.0,346.0,48.0,0.0
586.0,0.0,11.0,44.0,2.0,0.0,0.0,403.0,53.0,0.0
494.0,0.0,6.0,32.0,1.0,0.0,0.0,328.0,51.0,0.0
553.0,0.0,9.0,43.0,2.0,0.0,0.0,365.0,62.0,0.0
538.0,0.0,9.0,39.0,2.0,0.0,0.0,358.0,58.0,0.0
648.0,1.0,11.0,47.0,1.0,0.0,0.0,448.0,57.0,0.0
883.0,1.0,19.0,77.0,2.0,0.0,0.0,581.0,120.0,0.0
509.0,0.0,6.0,34.0,1.0,0.0,0.0,337.0,52.0,0.0
524.0,0.0,7.0,36.0,2.0,0.0,0.0,353.0,49.0,0.0
809.0,1.0,19.0,62.0,1.0,0.0,0.0,558.0,88.0,0.0
508.0,0.0,6.0,33.0,1.0,0.0,0.0,338.0,51.0,0.0
755.0,0.0,19.0,64.0,1.0,0.0,0.0,509.0,91.0,0.0
817.0,1.0,19.0,64.0,1.0,0.0,0.0,557.0,93.0,0.0
514.0,0.0,6.0,34.0,1.0,0.0,0.0,344.0,51.0,0.0
541.0,0.0,9.0,39.0,2.0,0.0,0.0,362.0,55.0,0.0
831.0,1.0,19.0,62.0,1.0,0.0,0.0,569.0,95.0,0.0
776.0,0.0,19.0,66.0,1.0,0.0,0.0,522.0,95.0,0.0
810.0,0.0,19.0,72.0,2.0,0.0,0.0,534.0,110.0,0.0
521.0,0.0,6.0,35.0,1.0,0.0,0.0,351.0,48.0,0.0
899.0,1.0,19.0,75.0,1.0,0.0,0.0,590.0,129.0,0.0
908.0,1.0,19.0,83.0,2.0,0.0,0.0,578.0,139.0,0.0
640.0,1.0,11.0,44.0,1.0,0.0,0.0,438.0,59.0,0.0
837.0,1.0,19.0,63.0,1.0,0.0,0.0,580.0,91.0,0.0
604.0,1.0,7.0,40.0,1.0,0.0,0.0,401.0,65.0,0.0
544.0,0.0,7.0,43.0,2.0,0.0,0.0,351.0,64.0,0.0
690.0,1.0,11.0,48.0,1.0,0.0,0.0,458.0,87.0,0.0
772.0,0.0,19.0,68.0,1.0,0.0,0.0,518.0,99.0,0.0
574.0,0.0,11.0,46.0,1.0,0.0,0.0,388.0,54.0,0.0
576.0,0.0,11.0,47.0,1.0,0.0,0.0,383.0,60.0,0.0
838.0,1.0,19.0,65.0,1.0,0.0,0.0,581.0,88.0,0.0
830.0,1.0,19.0,65.0,1.0,0.0,0.0,573.0,88.0,0.0
679.0,0.0,11.0,58.0,1.0,0.0,0.0,434.0,101.0,0.0
546.0,0.0,9.0,40.0,2.0,0.0,0.0,364.0,57.0,0.0
761.0,0.0,19.0,66.0,1.0,0.0,0.0,506.0,99.0,0.0
744.0,0.0,19.0,61.0,1.0,0.0,0.0,510.0,83.0,0.0
808.0,1.0,19.0,60.0,1.0,0.0,0.0,553.0,93.0,0.0
651.0,0.0,11.0,55.0,1.0,0.0,0.0,434.0,78.0,0.0
760.0,0.0,19.0,65.0,1.0,0.0,0.0,517.0,90.0,0.0
768.0,0.0,19.0,65.0,1.0,0.0,0.0,520.0,91.0,0.0
500.0,0.0,6.0,33.0,1.0,0.0,0.0,338.0,46.0,0.0
705.0,1.0,11.0,59.0,2.0,0.0,0.0,462.0,82.0,0.0
518.0,0.0,6.0,34.0,1.0,0.0,0.0,343.0,55.0,0.0
617.0,0.0,11.0,55.0,2.0,0.0,0.0,402.0,74.0,0.0
763.0,0.0,19.0,65.0,1.0,0.0,0.0,523.0,83.0,0.0
816.0,1.0,19.0,62.0,1.0,0.0,0.0,561.0,91.0,0.0
607.0,1.0,9.0,39.0,2.0,0.0,0.0,411.0,61.0,0.0
530.0,0.0,7.0,36.0,1.0,0.0,0.0,359.0,51.0,0.0
568.0,0.0,11.0,44.0,1.0,0.0,0.0,381.0,60.0,0.0
544.0,0.0,7.0,43.0,2.0,0.0,0.0,359.0,56.0,0.0
660.0,1.0,9.0,51.0,3.0,0.0,0.0,434.0,76.0,0.0
822.0,1.0,19.0,63.0,1.0,0.0,0.0,564.0,93.0,0.0
663.0,1.0,7.0,40.0,1.0,0.0,0.0,442.0,83.0,0.0
804.0,1.0,19.0,62.0,1.0,0.0,0.0,544.0,96.0,0.0
832.0,1.0,19.0,67.0,1.0,0.0,0.0,563.0,98.0,0.0
485.0,0.0,6.0,32.0,1.0,0.0,0.0,321.0,48.0,0.0
765.0,0.0,19.0,64.0,1.0,0.0,0.0,517.0,93.0,0.0
500.0,0.0,6.0,32.0,1.0,0.0,0.0,331.0,53.0,0.0
634.0,0.0,11.0,57.0,4.0,0.0,0.0,413.0,70.0,0.0
633.0,1.0,9.0,44.0,2.0,0.0,0.0,419.0,70.0,0.0
692.0,1.0,11.0,53.0,1.0,0.0,0.0,472.0,69.0,0.0
607.0,1.0,9.0,40.0,2.0,0.0,0.0,416.0,55.0,0.0
844.0,1.0,19.0,65.0,1.0,0.0,0.0,574.0,98.0,0.0
508.0,0.0,6.0,34.0,1.0,0.0,0.0,339.0,52.0,0.0
754.0,0.0,19.0,63.0,1.0,0.0,0.0,510.0,91.0,0.0
679.0,1.0,11.0,47.0,1.0,0.0,0.0,455.0,80.0,0.0
763.0,0.0,19.0,66.0,1.0,0.0,0.0,510.0,96.0,0.0
638.0,1.0,11.0,44.0,1.0,0.0,0.0,436.0,62.0,0.0
737.0,0.0,19.0,61.0,1.0,0.0,0.0,507.0,81.0,0.0
599.0,0.0,11.0,53.0,4.0,0.0,0.0,393.0,66.0,0.0
493.0,0.0,6.0,32.0,1.0,0.0,0.0,334.0,44.0,0.0
864.0,1.0,19.0,67.0,1.0,0.0,0.0,580.0,115.0,0.0
762.0,0.0,19.0,64.0,1.0,0.0,0.0,514.0,91.0,0.0
643.0,1.0,7.0,43.0,2.0,0.0,0.0,434.0,66.0,0.0
1073.0,0.0,7.0,144.0,1.0,0.0,0.0,398.0,446.0,0.0
583.0,1.0,7.0,36.0,1.0,0.0,0.0,401.0,50.0,0.0
492.0,0.0,6.0,32.0,1.0,0.0,0.0,324.0,53.0,0.0
771.0,0.0,19.0,61.0,1.0,0.0,0.0,534.0,80.0,0.0
688.0,1.0,11.0,48.0,1.0,0.0,0.0,463.0,80.0,0.0
756.0,0.0,19.0,63.0,1.0,0.0,0.0,514.0,88.0,0.0
637.0,1.0,11.0,44.0,1.0,0.0,0.0,435.0,62.0,0.0
504.0,0.0,6.0,34.0,1.0,0.0,0.0,334.0,52.0,0.0
497.0,0.0,6.0,33.0,1.0,0.0,0.0,338.0,43.0,0.0
812.0,1.0,19.0,61.0,1.0,0.0,0.0,554.0,97.0,0.0
685.0,1.0,11.0,47.0,1.0,0.0,0.0,456.0,85.0,0.0
831.0,1.0,19.0,62.0,1.0,0.0,0.0,569.0,99.0,0.0
512.0,0.0,6.0,34.0,1.0,0.0,0.0,344.0,49.0,0.0
826.0,1.0,19.0,62.0,1.0,0.0,0.0,559.0,100.0,0.0
503.0,0.0,6.0,33.0,1.0,0.0,0.0,335.0,53.0,0.0
636.0,1.0,7.0,50.0,2.0,0.0,0.0,406.0,81.0,0.0
766.0,0.0,19.0,65.0,1.0,0.0,0.0,520.0,91.0,0.0
507.0,0.0,6.0,33.0,1.0,0.0,0.0,337.0,54.0,0.0
519.0,0.0,6.0,34.0,1.0,0.0,0.0,335.0,67.0,0.0
562.0,0.0,11.0,45.0,1.0,0.0,0.0,372.0,60.0,0.0
822.0,0.0,19.0,63.0,1.0,0.0,0.0,562.0,95.0,0.0
577.0,0.0,7.0,40.0,3.0,0.0,0.0,379.0,63.0,0.0
773.0,1.0,9.0,57.0,2.0,1.0,0.0,531.0,80.0,0.0
565.0,0.0,11.0,43.0,1.0,0.0,0.0,387.0,52.0,0.0
744.0,0.0,19.0,64.0,1.0,0.0,0.0,507.0,85.0,0.0
854.0,1.0,19.0,67.0,1.0,0.0,0.0,578.0,105.0,0.0
609.0,0.0,9.0,47.0,1.0,0.0,0.0,393.0,84.0,0.0
828.0,1.0,19.0,61.0,1.0,0.0,0.0,579.0,85.0,0.0
859.0,1.0,19.0,66.0,1.0,0.0,0.0,588.0,95.0,0.0
783.0,0.0,19.0,72.0,4.0,0.0,0.0,514.0,103.0,0.0
812.0,1.0,19.0,61.0,1.0,0.0,0.0,559.0,88.0,0.0
765.0,0.0,19.0,64.0,1.0,0.0,0.0,519.0,90.0,0.0
733.0,0.0,19.0,65.0,1.0,0.0,0.0,487.0,93.0,0.0
750.0,0.0,19.0,62.0,1.0,0.0,0.0,505.0,91.0,0.0
490.0,0.0,6.0,31.0,1.0,0.0,0.0,321.0,53.0,0.0
509.0,0.0,6.0,34.0,1.0,0.0,0.0,346.0,46.0,0.0
544.0,0.0,9.0,43.0,2.0,0.0,0.0,351.0,67.0,0.0
643.0,1.0,9.0,51.0,5.0,0.0,0.0,423.0,69.0,0.0
756.0,0.0,19.0,64.0,1.0,0.0,0.0,514.0,86.0,0.0
571.0,0.0,11.0,45.0,1.0,0.0,0.0,379.0,61.0,0.0
477.0,0.0,6.0,31.0,1.0,0.0,0.0,318.0,45.0,0.0
595.0,0.0,11.0,53.0,4.0,0.0,0.0,385.0,70.0,0.0
567.0,0.0,7.0,50.0,2.0,0.0,0.0,351.0,80.0,0.0
484.0,0.0,6.0,31.0,1.0,0.0,0.0,323.0,47.0,0.0
503.0,0.0,6.0,34.0,1.0,0.0,0.0,336.0,50.0,0.0
893.0,1.0,19.0,67.0,1.0,0.0,0.0,601.0,117.0,0.0
765.0,0.0,19.0,62.0,1.0,0.0,0.0,519.0,90.0,0.0
750.0,0.0,19.0,63.0,1.0,0.0,0.0,507.0,91.0,0.0
673.0,0.0,7.0,53.0,1.0,1.0,0.0,447.0,81.0,0.0
562.0,0.0,11.0,43.0,1.0,0.0,0.0,388.0,48.0,0.0
824.0,0.0,19.0,68.0,3.0,0.0,0.0,563.0,92.0,0.0
764.0,0.0,19.0,64.0,1.0,0.0,0.0,521.0,87.0,0.0
630.0,0.0,11.0,51.0,1.0,0.0,0.0,433.0,60.0,0.0
783.0,0.0,19.0,64.0,1.0,0.0,0.0,530.0,95.0,0.0
777.0,0.0,19.0,65.0,1.0,0.0,0.0,536.0,84.0,0.0
823.0,1.0,19.0,65.0,1.0,0.0,0.0,564.0,92.0,0.0
610.0,0.0,11.0,53.0,1.0,0.0,0.0,404.0,70.0,0.0
534.0,0.0,7.0,35.0,1.0,0.0,0.0,364.0,51.0,0.0
557.0,0.0,7.0,44.0,2.0,0.0,0.0,360.0,67.0,0.0
764.0,0.0,19.0,63.0,1.0,0.0,0.0,514.0,93.0,0.0
838.0,1.0,19.0,62.0,1.0,0.0,0.0,568.0,102.0,0.0
589.0,0.0,7.0,43.0,1.0,0.0,0.0,386.0,75.0,0.0
597.0,1.0,7.0,39.0,1.0,0.0,0.0,407.0,55.0,0.0
537.0,0.0,9.0,40.0,2.0,0.0,0.0,355.0,58.0,0.0
820.0,1.0,19.0,62.0,1.0,0.0,0.0,562.0,95.0,0.0
512.0,0.0,6.0,34.0,1.0,0.0,0.0,338.0,55.0,0.0
605.0,1.0,9.0,40.0,2.0,0.0,0.0,413.0,56.0,0.0
831.0,1.0,19.0,61.0,1.0,0.0,0.0,574.0,93.0,0.0
813.0,1.0,19.0,64.0,1.0,0.0,0.0,554.0,91.0,0.0
493.0,0.0,6.0,32.0,1.0,0.0,0.0,335.0,43.0,0.0
833.0,1.0,19.0,63.0,1.0,0.0,0.0,570.0,96.0,0.0
744.0,0.0,19.0,63.0,1.0,0.0,0.0,499.0,92.0,0.0
606.0,1.0,9.0,39.0,2.0,0.0,0.0,413.0,58.0,0.0
642.0,0.0,11.0,55.0,1.0,0.0,0.0,425.0,79.0,0.0
738.0,0.0,19.0,63.0,1.0,0.0,0.0,498.0,89.0,0.0
499.0,0.0,6.0,32.0,1.0,0.0,0.0,334.0,48.0,0.0
567.0,0.0,7.0,43.0,1.0,0.0,0.0,377.0,62.0,0.0
768.0,0.0,19.0,63.0,1.0,0.0,0.0,524.0,89.0,0.0
601.0,0.0,9.0,44.0,2.0,0.0,0.0,385.0,86.0,0.0
507.0,0.0,6.0,33.0,1.0,0.0,0.0,340.0,49.0,0.0
620.0,0.0,11.0,48.0,1.0,0.0,0.0,407.0,81.0,0.0
827.0,1.0,19.0,62.0,1.0,0.0,0.0,563.0,97.0,0.0
642.0,1.0,11.0,43.0,1.0,0.0,0.0,444.0,59.0,0.0
647.0,1.0,11.0,47.0,1.0,0.0,0.0,434.0,67.0,0.0
508.0,0.0,6.0,33.0,1.0,0.0,0.0,338.0,53.0,0.0
638.0,0.0,11.0,48.0,3.0,0.0,0.0,432.0,63.0,0.0
832.0,1.0,19.0,61.0,1.0,0.0,0.0,580.0,87.0,0.0
754.0,0.0,19.0,61.0,1.0,0.0,0.0,515.0,87.0,0.0
567.0,0.0,11.0,43.0,1.0,0.0,0.0,381.0,60.0,0.0
683.0,1.0,7.0,43.0,1.0,0.0,0.0,457.0,84.0,0.0
590.0,1.0,7.0,36.0,1.0,0.0,0.0,403.0,54.0,0.0
856.0,1.0,19.0,75.0,1.0,0.0,0.0,568.0,112.0,0.0
756.0,0.0,19.0,63.0,1.0,0.0,0.0,515.0,88.0,0.0
679.0,1.0,11.0,54.0,4.0,0.0,0.0,450.0,72.0,0.0
761.0,0.0,19.0,61.0,1.0,0.0,0.0,518.0,92.0,0.0
524.0,0.0,6.0,35.0,1.0,0.0,0.0,357.0,45.0,0.0
821.0,1.0,19.0,61.0,1.0,0.0,0.0,573.0,85.0,0.0
495.0,0.0,6.0,33.0,1.0,0.0,0.0,323.0,56.0,0.0
633.0,1.0,11.0,43.0,1.0,0.0,0.0,434.0,59.0,0.0
630.0,1.0,7.0,44.0,2.0,0.0,0.0,417.0,69.0,0.0
882.0,1.0,19.0,68.0,1.0,0.0,0.0,585.0,127.0,0.0
572.0,0.0,11.0,45.0,1.0,0.0,0.0,388.0,55.0,0.0
758.0,0.0,19.0,65.0,1.0,0.0,0.0,513.0,92.0,0.0
617.0,0.0,7.0,56.0,2.0,0.0,0.0,383.0,91.0,0.0
534.0,0.0,7.0,40.0,1.0,0.0,0.0,347.0,62.0,0.0
738.0,0.0,19.0,62.0,1.0,0.0,0.0,493.0,94.0,0.0
620.0,0.0,11.0,46.0,1.0,0.0,0.0,413.0,77.0,0.0
504.0,0.0,6.0,33.0,1.0,0.0,0.0,336.0,52.0,0.0
834.0,1.0,19.0,63.0,1.0,0.0,0.0,572.0,94.0,0.0
745.0,0.0,19.0,62.0,1.0,0.0,0.0,503.0,89.0,0.0
682.0,1.0,11.0,55.0,4.0,0.0,0.0,455.0,71.0,0.0
753.0,0.0,19.0,63.0,1.0,0.0,0.0,515.0,85.0,0.0
612.0,1.0,9.0,40.0,2.0,0.0,0.0,422.0,52.0,0.0
751.0,0.0,19.0,62.0,1.0,0.0,0.0,515.0,83.0,0.0
641.0,0.0,11.0,52.0,1.0,0.0,0.0,404.0,98.0,0.0
752.0,0.0,19.0,63.0,1.0,0.0,0.0,514.0,86.0,0.0
806.0,1.0,19.0,63.0,1.0,0.0,0.0,550.0,91.0,0.0
641.0,1.0,11.0,46.0,1.0,0.0,0.0,447.0,52.0,0.0
518.0,0.0,6.0,35.0,1.0,0.0,0.0,349.0,48.0,0.0
517.0,0.0,7.0,36.0,1.0,0.0,0.0,345.0,53.0,0.0
819.0,0.0,19.0,65.0,1.0,0.0,0.0,561.0,91.0,0.0
779.0,0.0,19.0,64.0,1.0,0.0,0.0,533.0,90.0,0.0
596.0,0.0,11.0,52.0,2.0,0.0,0.0,385.0,72.0,0.0
671.0,0.0,11.0,57.0,1.0,0.0,0.0,424.0,107.0,0.0
542.0,0.0,7.0,36.0,1.0,0.0,0.0,370.0,51.0,0.0
804.0,0.0,19.0,67.0,1.0,0.0,0.0,549.0,90.0,0.0
720.0,1.0,11.0,54.0,1.0,0.0,0.0,461.0,105.0,0.0
658.0,1.0,11.0,50.0,1.0,0.0,0.0,440.0,69.0,0.0
702.0,1.0,11.0,53.0,1.0,0.0,0.0,463.0,90.0,0.0
837.0,1.0,19.0,62.0,1.0,0.0,0.0,581.0,90.0,0.0
812.0,1.0,19.0,63.0,1.0,0.0,0.0,547.0,98.0,0.0
573.0,0.0,11.0,45.0,1.0,0.0,0.0,379.0,63.0,0.0
735.0,0.0,19.0,63.0,1.0,0.0,0.0,501.0,83.0,0.0
749.0,0.0,19.0,60.0,1.0,0.0,0.0,507.0,93.0,0.0
768.0,0.0,19.0,71.0,2.0,0.0,0.0,505.0,102.0,0.0
753.0,1.0,7.0,53.0,1.0,1.0,0.0,510.0,85.0,0.0
810.0,0.0,19.0,68.0,1.0,0.0,0.0,533.0,118.0,0.0
836.0,1.0,19.0,63.0,1.0,0.0,0.0,573.0,93.0,0.0
512.0,0.0,6.0,34.0,1.0,0.0,0.0,345.0,48.0,0.0
626.0,1.0,7.0,47.0,2.0,0.0,0.0,411.0,69.0,0.0
519.0,0.0,6.0,35.0,1.0,0.0,0.0,346.0,51.0,0.0
1081.0,0.0,7.0,144.0,1.0,0.0,0.0,410.0,441.0,0.0
836.0,1.0,19.0,65.0,1.0,0.0,0.0,572.0,96.0,0.0
815.0,1.0,19.0,62.0,1.0,0.0,0.0,559.0,92.0,0.0
842.0,0.0,19.0,71.0,1.0,0.0,0.0,554.0,123.0,0.0
477.0,0.0,6.0,30.0,1.0,0.0,0.0,319.0,45.0,0.0
838.0,1.0,19.0,64.0,1.0,0.0,0.0,577.0,94.0,0.0
638.0,1.0,11.0,44.0,1.0,0.0,0.0,441.0,56.0,0.0
525.0,0.0,6.0,34.0,1.0,0.0,0.0,332.0,75.0,0.0
836.0,1.0,19.0,63.0,1.0,0.0,0.0,571.0,100.0,0.0
611.0,1.0,9.0,40.0,2.0,0.0,0.0,409.0,66.0,0.0
676.0,1.0,11.0,54.0,4.0,0.0,0.0,446.0,73.0,0.0
834.0,1.0,19.0,64.0,2.0,0.0,0.0,575.0,89.0,0.0
495.0,0.0,6.0,33.0,1.0,0.0,0.0,333.0,46.0,0.0
842.0,1.0,19.0,65.0,1.0,0.0,0.0,575.0,97.0,0.0
613.0,0.0,7.0,46.0,1.0,0.0,0.0,420.0,60.0,0.0
649.0,1.0,11.0,47.0,1.0,0.0,0.0,449.0,57.0,0.0
763.0,0.0,19.0,66.0,1.0,0.0,0.0,509.0,97.0,0.0
651.0,1.0,11.0,48.0,1.0,0.0,0.0,439.0,64.0,0.0
750.0,0.0,19.0,61.0,1.0,0.0,0.0,512.0,89.0,0.0
753.0,0.0,19.0,61.0,1.0,0.0,0.0,515.0,89.0,0.0
652.0,1.0,11.0,44.0,1.0,0.0,0.0,460.0,51.0,0.0
508.0,0.0,7.0,36.0,1.0,0.0,0.0,334.0,55.0,0.0
607.0,1.0,9.0,39.0,2.0,0.0,0.0,412.0,60.0,0.0
658.0,1.0,7.0,43.0,1.0,0.0,0.0,423.0,95.0,0.0
568.0,0.0,11.0,44.0,1.0,0.0,0.0,383.0,55.0,0.0
867.0,1.0,19.0,75.0,2.0,0.0,0.0,565.0,120.0,0.0
749.0,0.0,19.0,65.0,1.0,0.0,0.0,506.0,89.0,0.0
581.0,0.0,7.0,45.0,1.0,0.0,0.0,367.0,86.0,0.0
740.0,0.0,19.0,64.0,1.0,0.0,0.0,502.0,86.0,0.0
823.0,1.0,19.0,63.0,1.0,0.0,0.0,567.0,91.0,0.0
905.0,1.0,19.0,74.0,1.0,0.0,0.0,620.0,106.0,0.0
769.0,0.0,19.0,69.0,1.0,0.0,0.0,509.0,102.0,0.0
517.0,0.0,6.0,33.0,1.0,0.0,0.0,331.0,69.0,0.0
827.0,0.0,19.0,81.0,2.0,0.0,0.0,520.0,130.0,0.0
824.0,1.0,19.0,61.0,1.0,0.0,0.0,571.0,88.0,0.0
500.0,0.0,6.0,33.0,1.0,0.0,0.0,340.0,44.0,0.0
571.0,0.0,11.0,44.0,1.0,0.0,0.0,389.0,52.0,0.0
822.0,1.0,19.0,63.0,1.0,0.0,0.0,564.0,92.0,0.0
805.0,1.0,19.0,64.0,1.0,0.0,0.0,545.0,92.0,0.0
478.0,0.0,6.0,31.0,1.0,0.0,0.0,311.0,54.0,0.0
585.0,0.0,11.0,45.0,1.0,0.0,0.0,395.0,58.0,0.0
821.0,1.0,19.0,61.0,1.0,0.0,0.0,563.0,95.0,0.0
746.0,0.0,19.0,62.0,1.0,0.0,0.0,506.0,89.0,0.0
882.0,1.0,19.0,72.0,3.0,0.0,0.0,598.0,101.0,0.0
747.0,0.0,19.0,64.0,1.0,0.0,0.0,508.0,86.0,0.0
650.0,1.0,9.0,42.0,2.0,0.0,0.0,430.0,81.0,0.0
833.0,1.0,19.0,64.0,1.0,0.0,0.0,573.0,90.0,0.0
633.0,1.0,9.0,44.0,2.0,0.0,0.0,418.0,71.0,0.0
518.0,0.0,7.0,36.0,1.0,0.0,0.0,342.0,57.0,0.0
766.0,0.0,19.0,64.0,1.0,0.0,0.0,518.0,93.0,0.0
474.0,0.0,6.0,31.0,1.0,0.0,0.0,307.0,53.0,0.0
807.0,1.0,19.0,62.0,1.0,0.0,0.0,551.0,91.0,0.0
500.0,0.0,6.0,33.0,1.0,0.0,0.0,337.0,46.0,0.0
525.0,0.0,6.0,34.0,1.0,0.0,0.0,355.0,50.0,0.0
845.0,1.0,19.0,72.0,2.0,0.0,0.0,561.0,107.0,0.0
573.0,0.0,11.0,46.0,1.0,0.0,0.0,396.0,48.0,0.0
533.0,0.0,9.0,40.0,2.0,0.0,0.0,353.0,57.0,0.0
575.0,0.0,11.0,47.0,1.0,0.0,0.0,385.0,60.0,0.0
522.0,0.0,6.0,34.0,1.0,0.0,0.0,331.0,73.0,0.0
532.0,0.0,6.0,35.0,1.0,0.0,0.0,350.0,63.0,0.0
646.0,1.0,7.0,40.0,3.0,0.0,0.0,436.0,62.0,0.0
834.0,1.0,19.0,64.0,1.0,0.0,0.0,570.0,93.0,0.0
660.0,1.0,9.0,48.0,4.0,0.0,0.0,443.0,66.0,0.0
522.0,0.0,7.0,36.0,1.0,0.0,0.0,347.0,55.0,0.0
515.0,0.0,7.0,36.0,1.0,0.0,0.0,347.0,49.0,0.0
603.0,1.0,7.0,35.0,1.0,0.0,0.0,416.0,55.0,0.0
591.0,1.0,7.0,36.0,1.0,0.0,0.0,396.0,62.0,0.0
841.0,1.0,19.0,62.0,1.0,0.0,0.0,574.0,100.0,0.0
734.0,0.0,19.0,62.0,1.0,0.0,0.0,497.0,88.0,0.0
494.0,0.0,6.0,32.0,1.0,0.0,0.0,329.0,49.0,0.0
724.0,0.0,19.0,65.0,1.0,0.0,0.0,486.0,86.0,0.0
778.0,0.0,19.0,65.0,1.0,0.0,0.0,530.0,92.0,0.0
587.0,1.0,7.0,35.0,1.0,0.0,0.0,406.0,49.0,0.0
837.0,0.0,19.0,82.0,2.0,0.0,0.0,531.0,130.0,0.0
507.0,0.0,6.0,33.0,1.0,0.0,0.0,340.0,50.0,0.0
662.0,1.0,9.0,47.0,1.0,0.0,0.0,450.0,67.0,0.0
585.0,1.0,7.0,36.0,1.0,0.0,0.0,395.0,58.0,0.0
574.0,1.0,7.0,36.0,1.0,0.0,0.0,389.0,53.0,0.0
833.0,1.0,19.0,61.0,1.0,0.0,0.0,572.0,97.0,0.0
514.0,0.0,6.0,34.0,1.0,0.0,0.0,349.0,46.0,0.0
840.0,1.0,19.0,64.0,1.0,0.0,0.0,574.0,95.0,0.0
841.0,1.0,19.0,61.0,1.0,0.0,0.0,583.0,89.0,0.0
583.0,1.0,7.0,36.0,1.0,0.0,0.0,400.0,51.0,0.0
850.0,1.0,19.0,64.0,1.0,0.0,0.0,585.0,97.0,0.0
567.0,0.0,7.0,50.0,2.0,0.0,0.0,355.0,76.0,0.0
924.0,1.0,19.0,82.0,2.0,0.0,0.0,593.0,138.0,0.0
624.0,1.0,7.0,47.0,4.0,0.0,0.0,410.0,67.0,0.0
827.0,1.0,19.0,61.0,1.0,0.0,0.0,572.0,90.0,0.0
831.0,1.0,19.0,67.0,1.0,0.0,0.0,566.0,95.0,0.0
538.0,0.0,7.0,36.0,1.0,0.0,0.0,371.0,47.0,0.0
750.0,0.0,19.0,63.0,1.0,0.0,0.0,510.0,89.0,0.0
491.0,0.0,6.0,31.0,1.0,0.0,0.0,327.0,50.0,0.0
508.0,0.0,6.0,34.0,1.0,0.0,0.0,340.0,51.0,0.0
581.0,1.0,7.0,35.0,1.0,0.0,0.0,393.0,57.0,0.0
492.0,0.0,6.0,31.0,1.0,0.0,0.0,317.0,62.0,0.0
500.0,0.0,6.0,34.0,1.0,0.0,0.0,335.0,48.0,0.0
612.0,0.0,9.0,57.0,3.0,0.0,0.0,387.0,80.0,0.0
769.0,0.0,19.0,64.0,1.0,0.0,0.0,528.0,83.0,0.0
806.0,0.0,19.0,74.0,4.0,0.0,0.0,532.0,104.0,0.0
630.0,0.0,11.0,43.0,1.0,0.0,0.0,434.0,58.0,0.0
847.0,1.0,19.0,65.0,1.0,0.0,0.0,579.0,96.0,0.0
534.0,0.0,7.0,35.0,1.0,0.0,0.0,370.0,45.0,0.0
501.0,0.0,6.0,34.0,1.0,0.0,0.0,337.0,47.0,0.0
756.0,0.0,19.0,62.0,1.0,0.0,0.0,514.0,89.0,0.0
578.0,0.0,11.0,47.0,1.0,0.0,0.0,383.0,62.0,0.0
581.0,0.0,7.0,50.0,2.0,0.0,0.0,360.0,84.0,0.0
812.0,0.0,19.0,72.0,3.0,0.0,0.0,544.0,98.0,0.0
706.0,1.0,11.0,54.0,1.0,0.0,0.0,481.0,70.0,0.0
588.0,0.0,7.0,47.0,1.0,0.0,0.0,376.0,82.0,0.0
603.0,0.0,11.0,48.0,1.0,0.0,0.0,387.0,83.0,0.0
663.0,1.0,9.0,49.0,2.0,0.0,0.0,444.0,72.0,0.0
637.0,1.0,11.0,43.0,1.0,0.0,0.0,439.0,58.0,0.0
807.0,0.0,19.0,76.0,4.0,0.0,0.0,522.0,111.0,0.0
804.0,1.0,19.0,62.0,1.0,0.0,0.0,546.0,95.0,0.0
763.0,0.0,19.0,61.0,1.0,0.0,0.0,519.0,92.0,0.0
749.0,0.0,19.0,62.0,1.0,0.0,0.0,510.0,87.0,0.0
781.0,0.0,19.0,65.0,1.0,0.0,0.0,536.0,86.0,0.0
811.0,1.0,19.0,61.0,1.0,0.0,0.0,554.0,93.0,0.0
739.0,0.0,19.0,63.0,1.0,0.0,0.0,500.0,87.0,0.0
563.0,0.0,11.0,43.0,1.0,0.0,0.0,386.0,51.0,0.0
531.0,0.0,6.0,36.0,1.0,0.0,0.0,357.0,51.0,0.0
522.0,0.0,6.0,34.0,1.0,0.0,0.0,334.0,71.0,0.0
568.0,0.0,11.0,44.0,1.0,0.0,0.0,385.0,53.0,0.0
538.0,0.0,9.0,39.0,2.0,0.0,0.0,363.0,53.0,0.0
751.0,0.0,19.0,63.0,1.0,0.0,0.0,508.0,90.0,0.0
835.0,1.0,19.0,62.0,1.0,0.0,0.0,579.0,90.0,0.0
713.0,1.0,11.0,61.0,2.0,0.0,0.0,469.0,84.0,0.0
638.0,1.0,11.0,43.0,1.0,0.0,0.0,447.0,51.0,0.0
760.0,0.0,19.0,61.0,1.0,0.0,0.0,514.0,92.0,0.0
698.0,1.0,11.0,48.0,1.0,0.0,0.0,469.0,84.0,0.0
639.0,1.0,11.0,43.0,1.0,0.0,0.0,438.0,61.0,0.0
582.0,1.0,7.0,35.0,1.0,0.0,0.0,394.0,57.0,0.0
508.0,0.0,6.0,34.0,1.0,0.0,0.0,340.0,50.0,0.0
508.0,0.0,6.0,32.0,1.0,0.0,0.0,328.0,64.0,0.0
709.0,1.0,11.0,53.0,1.0,0.0,0.0,470.0,90.0,0.0
573.0,0.0,11.0,45.0,1.0,0.0,0.0,384.0,58.0,0.0
738.0,0.0,19.0,63.0,1.0,0.0,0.0,496.0,90.0,0.0
817.0,1.0,19.0,61.0,1.0,0.0,0.0,562.0,92.0,0.0
730.0,0.0,19.0,63.0,1.0,0.0,0.0,495.0,81.0,0.0
828.0,1.0,19.0,66.0,1.0,0.0,0.0,567.0,91.0,0.0
518.0,0.0,6.0,34.0,1.0,0.0,0.0,330.0,71.0,0.0
748.0,0.0,19.0,63.0,1.0,0.0,0.0,509.0,86.0,0.0
755.0,0.0,19.0,65.0,1.0,0.0,0.0,509.0,92.0,0.0
637.0,1.0,11.0,44.0,1.0,0.0,0.0,437.0,57.0,0.0
834.0,1.0,19.0,63.0,1.0,0.0,0.0,570.0,95.0,0.0
606.0,0.0,11.0,47.0,1.0,0.0,0.0,391.0,82.0,0.0
604.0,0.0,9.0,39.0,2.0,0.0,0.0,412.0,58.0,0.0
635.0,0.0,11.0,59.0,2.0,0.0,0.0,402.0,85.0,0.0
1097.0,0.0,7.0,144.0,1.0,0.0,0.0,422.0,445.0,0.0
515.0,0.0,6.0,34.0,1.0,0.0,0.0,348.0,47.0,0.0
848.0,1.0,19.0,63.0,1.0,0.0,0.0,582.0,95.0,0.0
618.0,0.0,7.0,47.0,1.0,0.0,0.0,407.0,80.0,0.0
635.0,1.0,11.0,43.0,1.0,0.0,0.0,437.0,59.0,0.0
618.0,1.0,7.0,47.0,4.0,0.0,0.0,401.0,70.0,0.0
607.0,1.0,9.0,39.0,2.0,0.0,0.0,421.0,51.0,0.0
618.0,0.0,11.0,47.0,1.0,0.0,0.0,403.0,84.0,0.0
830.0,1.0,19.0,64.0,1.0,0.0,0.0,563.0,100.0,0.0
834.0,1.0,19.0,65.0,1.0,0.0,0.0,568.0,96.0,0.0
613.0,1.0,9.0,40.0,2.0,0.0,0.0,415.0,60.0,0.0
486.0,0.0,6.0,31.0,1.0,0.0,0.0,323.0,48.0,0.0
836.0,1.0,19.0,64.0,1.0,0.0,0.0,576.0,91.0,0.0
829.0,0.0,19.0,71.0,1.0,0.0,0.0,556.0,108.0,0.0
820.0,0.0,19.0,68.0,1.0,0.0,0.0,540.0,120.0,0.0
552.0,0.0,7.0,45.0,4.0,0.0,0.0,355.0,65.0,0.0
576.0,0.0,11.0,47.0,1.0,0.0,0.0,382.0,64.0,0.0
716.0,1.0,11.0,54.0,1.0,0.0,0.0,474.0,92.0,0.0
595.0,1.0,7.0,36.0,1.0,0.0,0.0,406.0,56.0,0.0
798.0,0.0,19.0,67.0,1.0,0.0,0.0,511.0,131.0,0.0
491.0,0.0,6.0,32.0,1.0,0.0,0.0,323.0,53.0,0.0
828.0,1.0,19.0,64.0,1.0,0.0,0.0,572.0,92.0,0.0
835.0,0.0,19.0,66.0,3.0,0.0,0.0,568.0,97.0,0.0
581.0,0.0,7.0,43.0,1.0,0.0,0.0,390.0,62.0,0.0
624.0,1.0,7.0,40.0,1.0,0.0,0.0,422.0,63.0,0.0
613.0,1.0,9.0,40.0,2.0,0.0,0.0,421.0,54.0,0.0
491.0,0.0,6.0,32.0,1.0,0.0,0.0,331.0,43.0,0.0
766.0,0.0,19.0,65.0,1.0,0.0,0.0,513.0,96.0,0.0
667.0,1.0,9.0,44.0,2.0,0.0,0.0,429.0,97.0,0.0
682.0,1.0,9.0,57.0,3.0,0.0,0.0,439.0,85.0,0.0
515.0,0.0,7.0,36.0,1.0,0.0,0.0,343.0,53.0,0.0
844.0,0.0,19.0,69.0,1.0,0.0,0.0,559.0,122.0,0.0
564.0,0.0,11.0,43.0,1.0,0.0,0.0,384.0,54.0,0.0
742.0,0.0,19.0,63.0,1.0,0.0,0.0,499.0,91.0,0.0
692.0,1.0,11.0,49.0,1.0,0.0,0.0,464.0,82.0,0.0
765.0,0.0,19.0,64.0,1.0,0.0,0.0,525.0,83.0,0.0
756.0,0.0,19.0,61.0,1.0,0.0,0.0,513.0,92.0,0.0
743.0,1.0,11.0,57.0,1.0,0.0,0.0,485.0,105.0,0.0
576.0,0.0,9.0,42.0,2.0,0.0,0.0,372.0,78.0,0.0
574.0,0.0,11.0,46.0,1.0,0.0,0.0,376.0,66.0,0.0
707.0,1.0,11.0,53.0,1.0,0.0,0.0,473.0,85.0,0.0
838.0,0.0,19.0,75.0,2.0,0.0,0.0,559.0,107.0,0.0
634.0,0.0,11.0,44.0,1.0,0.0,0.0,437.0,55.0,0.0
501.0,0.0,6.0,34.0,1.0,0.0,0.0,335.0,49.0,0.0
756.0,0.0,19.0,65.0,1.0,0.0,0.0,499.0,102.0,0.0
635.0,1.0,11.0,44.0,1.0,0.0,0.0,437.0,54.0,0.0
517.0,0.0,6.0,33.0,1.0,0.0,0.0,329.0,71.0,0.0
760.0,0.0,19.0,64.0,1.0,0.0,0.0,511.0,92.0,0.0
700.0,1.0,11.0,49.0,1.0,0.0,0.0,458.0,93.0,0.0
620.0,1.0,7.0,38.0,1.0,0.0,0.0,404.0,81.0,0.0
847.0,1.0,19.0,64.0,1.0,0.0,0.0,581.0,95.0,0.0
602.0,0.0,9.0,39.0,2.0,0.0,0.0,415.0,53.0,0.0
701.0,1.0,11.0,48.0,3.0,0.0,0.0,480.0,65.0,0.0
759.0,0.0,19.0,64.0,1.0,0.0,0.0,512.0,93.0,0.0
580.0,0.0,11.0,48.0,1.0,0.0,0.0,382.0,63.0,0.0
572.0,0.0,11.0,45.0,1.0,0.0,0.0,388.0,56.0,0.0
624.0,0.0,11.0,49.0,1.0,0.0,0.0,408.0,83.0,0.0
758.0,0.0,19.0,64.0,1.0,0.0,0.0,513.0,91.0,0.0
565.0,0.0,7.0,38.0,1.0,0.0,0.0,365.0,77.0,0.0
579.0,0.0,7.0,35.0,1.0,0.0,0.0,393.0,56.0,0.0
742.0,0.0,11.0,64.0,1.0,1.0,0.0,496.0,87.0,0.0
634.0,1.0,7.0,38.0,1.0,0.0,0.0,421.0,77.0,0.0
611.0,1.0,9.0,39.0,2.0,0.0,0.0,426.0,48.0,0.0
769.0,0.0,19.0,66.0,1.0,0.0,0.0,518.0,94.0,0.0
626.0,1.0,9.0,44.0,2.0,0.0,0.0,421.0,63.0,0.0
808.0,1.0,19.0,62.0,1.0,0.0,0.0,555.0,89.0,0.0
523.0,0.0,6.0,34.0,1.0,0.0,0.0,333.0,71.0,0.0
636.0,1.0,11.0,44.0,1.0,0.0,0.0,442.0,53.0,0.0
502.0,0.0,6.0,32.0,1.0,0.0,0.0,326.0,58.0,0.0
758.0,0.0,19.0,63.0,1.0,0.0,0.0,511.0,95.0,0.0
531.0,0.0,9.0,40.0,2.0,0.0,0.0,351.0,57.0,0.0
683.0,0.0,7.0,53.0,1.0,1.0,0.0,462.0,76.0,0.0
500.0,0.0,6.0,34.0,1.0,0.0,0.0,332.0,51.0,0.0
747.0,0.0,19.0,67.0,1.0,0.0,0.0,502.0,90.0,0.0
503.0,0.0,6.0,33.0,1.0,0.0,0.0,341.0,46.0,0.0
612.0,1.0,9.0,40.0,1.0,0.0,0.0,413.0,60.0,0.0
641.0,1.0,11.0,45.0,1.0,0.0,0.0,437.0,63.0,0.0
819.0,1.0,19.0,62.0,1.0,0.0,0.0,555.0,100.0,0.0
508.0,0.0,6.0,34.0,1.0,0.0,0.0,341.0,48.0,0.0
713.0,1.0,11.0,56.0,1.0,0.0,0.0,472.0,87.0,0.0
817.0,0.0,19.0,68.0,1.0,0.0,0.0,528.0,131.0,0.0
577.0,0.0,11.0,44.0,1.0,0.0,0.0,393.0,57.0,0.0
744.0,0.0,19.0,62.0,1.0,0.0,0.0,511.0,84.0,0.0
577.0,0.0,11.0,45.0,1.0,0.0,0.0,393.0,56.0,0.0
753.0,0.0,19.0,61.0,1.0,0.0,0.0,517.0,85.0,0.0
822.0,0.0,19.0,68.0,1.0,0.0,0.0,542.0,121.0,0.0
650.0,1.0,11.0,48.0,1.0,0.0,0.0,438.0,64.0,0.0
770.0,0.0,19.0,66.0,1.0,0.0,0.0,518.0,95.0,0.0
586.0,1.0,7.0,35.0,1.0,0.0,0.0,405.0,49.0,0.0
814.0,1.0,19.0,63.0,1.0,0.0,0.0,557.0,93.0,0.0
753.0,0.0,19.0,64.0,1.0,0.0,0.0,511.0,87.0,0.0
717.0,0.0,11.0,61.0,1.0,1.0,0.0,478.0,85.0,0.0
775.0,0.0,19.0,62.0,1.0,0.0,0.0,536.0,84.0,0.0
656.0,1.0,7.0,53.0,2.0,0.0,0.0,416.0,88.0,0.0
750.0,0.0,19.0,65.0,1.0,0.0,0.0,511.0,85.0,0.0
835.0,1.0,19.0,63.0,1.0,0.0,0.0,572.0,94.0,0.0
849.0,1.0,19.0,69.0,1.0,0.0,0.0,582.0,95.0,0.0
708.0,1.0,11.0,54.0,1.0,0.0,0.0,460.0,95.0,0.0
522.0,0.0,7.0,36.0,1.0,0.0,0.0,342.0,60.0,0.0
713.0,1.0,11.0,52.0,1.0,0.0,0.0,479.0,84.0,0.0
602.0,1.0,7.0,35.0,1.0,0.0,0.0,425.0,45.0,0.0
814.0,1.0,19.0,62.0,1.0,0.0,0.0,556.0,94.0,0.0
831.0,0.0,19.0,76.0,2.0,0.0,0.0,545.0,115.0,0.0
505.0,0.0,6.0,33.0,1.0,0.0,0.0,341.0,47.0,0.0
849.0,1.0,19.0,63.0,1.0,0.0,0.0,588.0,94.0,0.0
809.0,1.0,19.0,64.0,1.0,0.0,0.0,556.0,89.0,0.0
633.0,0.0,11.0,57.0,4.0,0.0,0.0,404.0,78.0,0.0
751.0,0.0,19.0,65.0,1.0,0.0,0.0,506.0,89.0,0.0
748.0,0.0,19.0,63.0,1.0,0.0,0.0,501.0,95.0,0.0
658.0,1.0,11.0,45.0,1.0,0.0,0.0,456.0,57.0,0.0
769.0,0.0,19.0,64.0,1.0,0.0,0.0,516.0,95.0,0.0
515.0,0.0,6.0,34.0,1.0,0.0,0.0,324.0,74.0,0.0
716.0,1.0,11.0,52.0,1.0,0.0,0.0,473.0,90.0,0.0
830.0,1.0,19.0,62.0,1.0,0.0,0.0,572.0,92.0,0.0
731.0,0.0,19.0,63.0,1.0,0.0,0.0,492.0,89.0,0.0
619.0,0.0,11.0,48.0,1.0,0.0,0.0,407.0,80.0,0.0
849.0,1.0,19.0,63.0,1.0,0.0,0.0,585.0,97.0,0.0
603.0,1.0,7.0,36.0,1.0,0.0,0.0,416.0,53.0,0.0
629.0,0.0,11.0,58.0,2.0,0.0,0.0,401.0,81.0,0.0
645.0,1.0,11.0,45.0,1.0,0.0,0.0,442.0,62.0,0.0
670.0,0.0,11.0,57.0,1.0,0.0,0.0,433.0,96.0,0.0
768.0,0.0,19.0,64.0,1.0,0.0,0.0,522.0,92.0,0.0
740.0,0.0,19.0,61.0,1.0,0.0,0.0,498.0,92.0,0.0
613.0,0.0,7.0,43.0,1.0,0.0,0.0,404.0,80.0,0.0
493.0,0.0,6.0,32.0,1.0,0.0,0.0,325.0,51.0,0.0
749.0,0.0,19.0,62.0,1.0,0.0,0.0,506.0,90.0,0.0
502.0,0.0,6.0,33.0,1.0,0.0,0.0,340.0,46.0,0.0
587.0,0.0,11.0,48.0,1.0,0.0,0.0,394.0,59.0,0.0
640.0,1.0,11.0,45.0,1.0,0.0,0.0,441.0,58.0,0.0
650.0,1.0,11.0,45.0,1.0,0.0,0.0,453.0,55.0,0.0
591.0,0.0,7.0,53.0,2.0,0.0,0.0,363.0,88.0,0.0
749.0,0.0,19.0,64.0,1.0,0.0,0.0,505.0,88.0,0.0
836.0,1.0,19.0,64.0,1.0,0.0,0.0,569.0,97.0,0.0
827.0,1.0,19.0,63.0,1.0,0.0,0.0,569.0,93.0,0.0
533.0,0.0,7.0,35.0,1.0,0.0,0.0,359.0,55.0,0.0
513.0,0.0,6.0,34.0,1.0,0.0,0.0,344.0,51.0,0.0
569.0,0.0,11.0,44.0,1.0,0.0,0.0,386.0,56.0,0.0
624.0,0.0,11.0,49.0,1.0,0.0,0.0,409.0,82.0,0.0
572.0,0.0,11.0,45.0,1.0,0.0,0.0,384.0,57.0,0.0
815.0,1.0,19.0,61.0,1.0,0.0,0.0,558.0,94.0,0.0
510.0,0.0,6.0,33.0,1.0,0.0,0.0,350.0,44.0,0.0
619.0,1.0,9.0,44.0,2.0,0.0,0.0,410.0,67.0,0.0
743.0,0.0,19.0,63.0,1.0,0.0,0.0,492.0,101.0,0.0
754.0,0.0,19.0,62.0,1.0,0.0,0.0,515.0,87.0,0.0
504.0,0.0,6.0,33.0,1.0,0.0,0.0,338.0,49.0,0.0
482.0,0.0,6.0,32.0,1.0,0.0,0.0,311.0,55.0,0.0
605.0,0.0,11.0,51.0,2.0,0.0,0.0,402.0,66.0,0.0
754.0,0.0,19.0,64.0,1.0,0.0,0.0,510.0,91.0,0.0
502.0,0.0,6.0,34.0,1.0,0.0,0.0,331.0,53.0,0.0
826.0,0.0,19.0,74.0,1.0,0.0,0.0,533.0,127.0,0.0
879.0,1.0,19.0,81.0,2.0,0.0,0.0,570.0,122.0,0.0
814.0,0.0,19.0,76.0,2.0,0.0,0.0,525.0,122.0,0.0
1097.0,0.0,7.0,144.0,1.0,0.0,0.0,424.0,443.0,0.0
837.0,1.0,19.0,61.0,1.0,0.0,0.0,575.0,94.0,0.0
870.0,1.0,19.0,62.0,1.0,0.0,0.0,606.0,91.0,0.0
817.0,1.0,19.0,62.0,1.0,0.0,0.0,560.0,94.0,0.0
520.0,0.0,7.0,36.0,1.0,0.0,0.0,344.0,56.0,0.0
757.0,0.0,19.0,64.0,1.0,0.0,0.0,517.0,86.0,0.0
721.0,1.0,11.0,54.0,1.0,0.0,0.0,463.0,104.0,0.0
760.0,0.0,19.0,65.0,1.0,0.0,0.0,509.0,94.0,0.0
838.0,1.0,19.0,61.0,1.0,0.0,0.0,582.0,90.0,0.0
815.0,0.0,19.0,73.0,2.0,0.0,0.0,543.0,104.0,0.0
509.0,0.0,6.0,33.0,1.0,0.0,0.0,333.0,61.0,0.0
568.0,0.0,11.0,46.0,1.0,0.0,0.0,384.0,55.0,0.0
756.0,0.0,19.0,64.0,1.0,0.0,0.0,519.0,84.0,0.0
798.0,1.0,19.0,60.0,1.0,0.0,0.0,548.0,88.0,0.0
656.0,1.0,7.0,56.0,2.0,0.0,0.0,414.0,87.0,0.0
828.0,1.0,19.0,64.0,1.0,0.0,0.0,568.0,93.0,0.0
869.0,1.0,19.0,77.0,2.0,0.0,0.0,568.0,121.0,0.0
588.0,0.0,7.0,43.0,1.0,0.0,0.0,376.0,85.0,0.0
638.0,0.0,11.0,55.0,1.0,0.0,0.0,420.0,80.0,0.0
738.0,1.0,11.0,57.0,1.0,0.0,0.0,487.0,98.0,0.0
757.0,0.0,19.0,63.0,1.0,0.0,0.0,508.0,94.0,0.0
617.0,0.0,9.0,60.0,3.0,0.0,0.0,377.0,94.0,0.0
639.0,1.0,11.0,45.0,1.0,0.0,0.0,448.0,50.0,0.0
675.0,1.0,11.0,47.0,1.0,0.0,0.0,449.0,82.0,0.0
545.0,0.0,9.0,40.0,2.0,0.0,0.0,361.0,59.0,0.0
740.0,0.0,19.0,65.0,1.0,0.0,0.0,493.0,95.0,0.0
785.0,0.0,19.0,64.0,1.0,0.0,0.0,529.0,101.0,0.0
855.0,1.0,19.0,71.0,4.0,0.0,0.0,573.0,106.0,0.0
826.0,1.0,19.0,65.0,1.0,0.0,0.0,560.0,98.0,0.0
821.0,0.0,19.0,75.0,1.0,0.0,0.0,546.0,110.0,0.0
826.0,0.0,19.0,70.0,1.0,0.0,0.0,547.0,117.0,0.0
804.0,1.0,11.0,61.0,1.0,1.0,0.0,550.0,88.0,0.0
634.0,1.0,7.0,44.0,3.0,0.0,0.0,427.0,62.0,0.0
747.0,0.0,19.0,63.0,1.0,0.0,0.0,507.0,88.0,0.0
517.0,0.0,7.0,35.0,1.0,0.0,0.0,352.0,46.0,0.0
566.0,0.0,11.0,43.0,1.0,0.0,0.0,384.0,55.0,0.0
496.0,0.0,6.0,34.0,1.0,0.0,0.0,325.0,54.0,0.0
743.0,0.0,19.0,63.0,1.0,0.0,0.0,503.0,87.0,0.0
816.0,1.0,19.0,63.0,1.0,0.0,0.0,553.0,97.0,0.0
943.0,0.0,19.0,82.0,1.0,1.0,0.0,646.0,115.0,0.0
522.0,0.0,6.0,34.0,1.0,0.0,0.0,335.0,69.0,0.0
754.0,0.0,19.0,63.0,1.0,0.0,0.0,509.0,90.0,0.0
758.0,0.0,19.0,65.0,1.0,0.0,0.0,516.0,88.0,0.0
748.0,0.0,19.0,63.0,1.0,0.0,0.0,511.0,88.0,0.0
697.0,1.0,11.0,51.0,1.0,0.0,0.0,476.0,72.0,0.0
803.0,0.0,19.0,72.0,2.0,0.0,0.0,533.0,103.0,0.0
494.0,0.0,6.0,32.0,1.0,0.0,0.0,327.0,51.0,0.0
603.0,0.0,9.0,45.0,2.0,0.0,0.0,386.0,88.0,0.0
828.0,0.0,19.0,75.0,2.0,0.0,0.0,545.0,113.0,0.0
822.0,1.0,19.0,63.0,1.0,0.0,0.0,570.0,88.0,0.0
522.0,0.0,6.0,34.0,1.0,0.0,0.0,352.0,49.0,0.0
750.0,0.0,19.0,66.0,1.0,0.0,0.0,508.0,88.0,0.0
867.0,0.0,19.0,85.0,2.0,0.0,0.0,554.0,132.0,0.0
506.0,0.0,6.0,33.0,1.0,0.0,0.0,334.0,54.0,0.0
771.0,0.0,19.0,64.0,1.0,0.0,0.0,524.0,92.0,0.0
518.0,0.0,6.0,34.0,1.0,0.0,0.0,352.0,46.0,0.0
576.0,1.0,7.0,36.0,1.0,0.0,0.0,386.0,58.0,0.0
859.0,1.0,19.0,66.0,1.0,0.0,0.0,576.0,115.0,0.0
633.0,1.0,11.0,43.0,1.0,0.0,0.0,445.0,49.0,0.0
690.0,1.0,11.0,46.0,1.0,0.0,0.0,462.0,85.0,0.0
829.0,1.0,19.0,67.0,1.0,0.0,0.0,565.0,95.0,0.0
749.0,0.0,19.0,62.0,1.0,0.0,0.0,505.0,91.0,0.0
635.0,0.0,11.0,43.0,1.0,0.0,0.0,432.0,65.0,0.0
752.0,0.0,19.0,64.0,1.0,0.0,0.0,504.0,93.0,0.0
770.0,0.0,19.0,62.0,1.0,0.0,0.0,528.0,89.0,0.0
564.0,0.0,7.0,40.0,1.0,0.0,0.0,361.0,79.0,0.0
578.0,0.0,11.0,45.0,2.0,0.0,0.0,381.0,64.0,0.0
582.0,1.0,7.0,35.0,1.0,0.0,0.0,396.0,55.0,0.0
738.0,0.0,19.0,62.0,1.0,0.0,0.0,504.0,83.0,0.0
628.0,0.0,11.0,51.0,1.0,0.0,0.0,427.0,65.0,0.0
839.0,1.0,19.0,65.0,1.0,0.0,0.0,581.0,90.0,0.0
484.0,0.0,6.0,31.0,1.0,0.0,0.0,318.0,52.0,0.0
597.0,0.0,7.0,43.0,1.0,0.0,0.0,389.0,79.0,0.0
645.0,1.0,7.0,43.0,1.0,0.0,0.0,439.0,65.0,0.0
754.0,0.0,19.0,61.0,1.0,0.0,0.0,510.0,93.0,0.0
521.0,0.0,7.0,36.0,1.0,0.0,0.0,350.0,51.0,0.0
599.0,1.0,7.0,36.0,1.0,0.0,0.0,407.0,59.0,0.0
511.0,0.0,6.0,34.0,1.0,0.0,0.0,339.0,55.0,0.0
753.0,0.0,19.0,63.0,1.0,0.0,0.0,506.0,93.0,0.0
569.0,0.0,11.0,45.0,1.0,0.0,0.0,382.0,59.0,0.0
529.0,0.0,7.0,39.0,1.0,0.0,0.0,350.0,57.0,0.0
603.0,1.0,7.0,36.0,2.0,0.0,0.0,418.0,50.0,0.0
563.0,0.0,11.0,43.0,1.0,0.0,0.0,388.0,49.0,0.0
751.0,0.0,19.0,62.0,1.0,0.0,0.0,508.0,90.0,0.0
562.0,0.0,11.0,43.0,1.0,0.0,0.0,385.0,50.0,0.0
838.0,0.0,19.0,65.0,1.0,0.0,0.0,576.0,93.0,0.0
490.0,0.0,6.0,32.0,1.0,0.0,0.0,332.0,43.0,0.0
569.0,0.0,7.0,48.0,4.0,0.0,0.0,361.0,69.0,0.0
765.0,0.0,19.0,64.0,1.0,0.0,0.0,519.0,92.0,0.0
571.0,0.0,11.0,44.0,1.0,0.0,0.0,379.0,62.0,0.0
821.0,1.0,19.0,65.0,1.0,0.0,0.0,562.0,91.0,0.0
741.0,0.0,19.0,64.0,1.0,0.0,0.0,493.0,95.0,0.0
494.0,0.0,6.0,32.0,1.0,0.0,0.0,337.0,43.0,0.0
773.0,0.0,19.0,63.0,1.0,0.0,0.0,526.0,92.0,0.0
507.0,0.0,6.0,33.0,1.0,0.0,0.0,343.0,48.0,0.0
581.0,1.0,7.0,36.0,1.0,0.0,0.0,396.0,53.0,0.0
804.0,1.0,19.0,63.0,1.0,0.0,0.0,542.0,96.0,0.0
705.0,1.0,11.0,51.0,1.0,0.0,0.0,457.0,97.0,0.0
526.0,0.0,7.0,36.0,1.0,0.0,0.0,353.0,52.0,0.0
496.0,0.0,6.0,34.0,1.0,0.0,0.0,332.0,47.0,0.0
637.0,1.0,11.0,43.0,1.0,0.0,0.0,442.0,56.0,0.0
750.0,0.0,19.0,63.0,1.0,0.0,0.0,502.0,96.0,0.0
740.0,0.0,19.0,62.0,1.0,0.0,0.0,505.0,85.0,0.0
763.0,0.0,19.0,64.0,1.0,0.0,0.0,518.0,88.0,0.0
726.0,0.0,11.0,61.0,1.0,1.0,0.0,489.0,84.0,0.0
843.0,1.0,19.0,63.0,1.0,0.0,0.0,579.0,97.0,0.0
818.0,1.0,19.0,62.0,1.0,0.0,0.0,564.0,90.0,0.0
495.0,0.0,6.0,33.0,1.0,0.0,0.0,321.0,58.0,0.0
576.0,0.0,11.0,47.0,1.0,0.0,0.0,385.0,58.0,0.0
563.0,0.0,11.0,43.0,1.0,0.0,0.0,381.0,56.0,0.0
854.0,0.0,19.0,82.0,2.0,0.0,0.0,542.0,132.0,0.0
566.0,0.0,11.0,43.0,1.0,0.0,0.0,393.0,47.0,0.0
704.0,1.0,11.0,57.0,4.0,0.0,0.0,472.0,71.0,0.0
826.0,1.0,19.0,65.0,1.0,0.0,0.0,566.0,91.0,0.0
810.0,1.0,19.0,65.0,1.0,0.0,0.0,549.0,96.0,0.0
751.0,0.0,19.0,64.0,1.0,0.0,0.0,509.0,88.0,0.0
648.0,1.0,7.0,43.0,1.0,0.0,0.0,410.0,98.0,0.0
755.0,0.0,19.0,62.0,1.0,0.0,0.0,515.0,88.0,0.0
532.0,0.0,6.0,34.0,1.0,0.0,0.0,345.0,68.0,0.0
780.0,0.0,19.0,65.0,1.0,0.0,0.0,535.0,86.0,0.0
652.0,1.0,7.0,40.0,3.0,0.0,0.0,444.0,60.0,0.0
736.0,0.0,19.0,60.0,1.0,0.0,0.0,496.0,88.0,0.0
759.0,0.0,19.0,61.0,1.0,0.0,0.0,520.0,90.0,0.0
533.0,0.0,9.0,40.0,2.0,0.0,0.0,350.0,60.0,0.0
752.0,0.0,19.0,64.0,1.0,0.0,0.0,513.0,85.0,0.0
578.0,0.0,11.0,47.0,1.0,0.0,0.0,387.0,61.0,0.0
1192.0,1.0,11.0,153.0,1.0,0.0,0.0,480.0,459.0,0.0
494.0,0.0,6.0,31.0,1.0,0.0,0.0,326.0,51.0,0.0
829.0,1.0,19.0,63.0,1.0,0.0,0.0,566.0,99.0,0.0
778.0,0.0,19.0,67.0,1.0,0.0,0.0,534.0,86.0,0.0
517.0,0.0,6.0,33.0,1.0,0.0,0.0,327.0,73.0,0.0
605.0,0.0,7.0,45.0,1.0,0.0,0.0,390.0,86.0,0.0
836.0,1.0,19.0,62.0,1.0,0.0,0.0,578.0,88.0,0.0
667.0,1.0,9.0,44.0,2.0,0.0,0.0,435.0,91.0,0.0
683.0,1.0,7.0,43.0,1.0,0.0,0.0,461.0,80.0,0.0
792.0,0.0,19.0,73.0,4.0,0.0,0.0,515.0,111.0,0.0
536.0,0.0,6.0,35.0,1.0,0.0,0.0,350.0,66.0,0.0
859.0,1.0,19.0,67.0,1.0,0.0,0.0,588.0,94.0,0.0
481.0,0.0,6.0,31.0,1.0,0.0,0.0,314.0,53.0,0.0
639.0,1.0,11.0,44.0,1.0,0.0,0.0,435.0,64.0,0.0
761.0,0.0,19.0,63.0,1.0,0.0,0.0,511.0,96.0,0.0
862.0,1.0,19.0,65.0,1.0,0.0,0.0,600.0,89.0,0.0
603.0,1.0,7.0,35.0,1.0,0.0,0.0,418.0,53.0,0.0
565.0,0.0,11.0,44.0,1.0,0.0,0.0,376.0,62.0,0.0
887.0,1.0,19.0,70.0,2.0,0.0,0.0,598.0,109.0,0.0
858.0,0.0,19.0,79.0,1.0,0.0,0.0,550.0,139.0,0.0
817.0,1.0,19.0,63.0,1.0,0.0,0.0,560.0,92.0,0.0
748.0,0.0,19.0,61.0,1.0,0.0,0.0,513.0,83.0,0.0
655.0,0.0,11.0,65.0,2.0,0.0,0.0,406.0,95.0,0.0
767.0,0.0,19.0,65.0,1.0,0.0,0.0,521.0,89.0,0.0
820.0,1.0,19.0,63.0,1.0,0.0,0.0,557.0,98.0,0.0
607.0,0.0,7.0,53.0,2.0,0.0,0.0,380.0,87.0,0.0
829.0,1.0,19.0,61.0,1.0,0.0,0.0,568.0,97.0,0.0
517.0,0.0,6.0,33.0,1.0,0.0,0.0,333.0,67.0,0.0
732.0,0.0,19.0,61.0,1.0,0.0,0.0,498.0,84.0,0.0
570.0,0.0,11.0,43.0,1.0,0.0,0.0,387.0,57.0,0.0
831.0,1.0,19.0,63.0,1.0,0.0,0.0,567.0,93.0,0.0
578.0,0.0,11.0,47.0,1.0,0.0,0.0,380.0,65.0,0.0
499.0,0.0,6.0,34.0,1.0,0.0,0.0,334.0,48.0,0.0
616.0,0.0,9.0,44.0,4.0,0.0,0.0,410.0,65.0,0.0
838.0,1.0,19.0,64.0,1.0,0.0,0.0,577.0,92.0,0.0
746.0,1.0,11.0,57.0,1.0,0.0,0.0,486.0,107.0,0.0
801.0,1.0,19.0,62.0,1.0,0.0,0.0,548.0,91.0,0.0
802.0,1.0,19.0,61.0,1.0,0.0,0.0,550.0,91.0,0.0
508.0,0.0,6.0,34.0,1.0,0.0,0.0,335.0,56.0,0.0
705.0,1.0,11.0,53.0,1.0,0.0,0.0,467.0,89.0,0.0
757.0,0.0,19.0,60.0,1.0,0.0,0.0,525.0,81.0,0.0
763.0,0.0,19.0,64.0,1.0,0.0,0.0,512.0,97.0,0.0
824.0,0.0,19.0,64.0,1.0,0.0,0.0,566.0,91.0,0.0
820.0,1.0,19.0,63.0,1.0,0.0,0.0,562.0,93.0,0.0
759.0,0.0,19.0,67.0,1.0,0.0,0.0,506.0,96.0,0.0
521.0,0.0,6.0,34.0,1.0,0.0,0.0,338.0,66.0,0.0
662.0,1.0,7.0,56.0,2.0,0.0,0.0,412.0,95.0,0.0
583.0,0.0,7.0,41.0,1.0,0.0,0.0,374.0,83.0,0.0
527.0,0.0,6.0,35.0,1.0,0.0,0.0,359.0,47.0,0.0
561.0,0.0,7.0,45.0,1.0,0.0,0.0,364.0,69.0,0.0
513.0,0.0,6.0,34.0,1.0,0.0,0.0,343.0,51.0,0.0
749.0,0.0,19.0,63.0,1.0,0.0,0.0,502.0,95.0,0.0
570.0,0.0,11.0,43.0,1.0,0.0,0.0,384.0,60.0,0.0
812.0,1.0,19.0,62.0,1.0,0.0,0.0,554.0,95.0,0.0
497.0,0.0,6.0,33.0,1.0,0.0,0.0,331.0,50.0,0.0
535.0,0.0,9.0,39.0,2.0,0.0,0.0,361.0,52.0,0.0
576.0,0.0,7.0,43.0,1.0,0.0,0.0,395.0,53.0,0.0
891.0,1.0,19.0,75.0,1.0,0.0,0.0,602.0,111.0,0.0
983.0,1.0,19.0,79.0,1.0,1.0,0.0,670.0,123.0,0.0
824.0,1.0,19.0,65.0,1.0,0.0,0.0,563.0,93.0,0.0
566.0,0.0,7.0,47.0,2.0,0.0,0.0,361.0,72.0,0.0
538.0,0.0,9.0,39.0,2.0,0.0,0.0,361.0,55.0,0.0
514.0,0.0,6.0,35.0,1.0,0.0,0.0,340.0,53.0,0.0
624.0,1.0,7.0,45.0,1.0,0.0,0.0,411.0,72.0,0.0
883.0,1.0,19.0,71.0,2.0,0.0,0.0,596.0,108.0,0.0
569.0,0.0,11.0,45.0,1.0,0.0,0.0,380.0,58.0,0.0
763.0,0.0,19.0,62.0,1.0,0.0,0.0,522.0,87.0,0.0
737.0,0.0,19.0,64.0,1.0,0.0,0.0,492.0,92.0,0.0
647.0,1.0,7.0,40.0,1.0,0.0,0.0,425.0,84.0,0.0
740.0,0.0,19.0,64.0,1.0,0.0,0.0,491.0,95.0,0.0
837.0,1.0,19.0,64.0,1.0,0.0,0.0,584.0,86.0,0.0
773.0,0.0,19.0,62.0,1.0,0.0,0.0,529.0,92.0,0.0
772.0,0.0,19.0,64.0,1.0,0.0,0.0,523.0,94.0,0.0
682.0,1.0,11.0,52.0,2.0,0.0,0.0,457.0,71.0,0.0
494.0,0.0,6.0,33.0,1.0,0.0,0.0,331.0,47.0,0.0
570.0,0.0,11.0,44.0,1.0,0.0,0.0,387.0,56.0,0.0
871.0,1.0,19.0,64.0,1.0,0.0,0.0,604.0,92.0,0.0
503.0,0.0,6.0,33.0,1.0,0.0,0.0,337.0,47.0,0.0
667.0,1.0,7.0,47.0,1.0,0.0,0.0,443.0,81.0,0.0
817.0,1.0,19.0,65.0,1.0,0.0,0.0,552.0,96.0,0.0
730.0,0.0,19.0,61.0,1.0,0.0,0.0,498.0,85.0,0.0
676.0,1.0,11.0,52.0,2.0,0.0,0.0,454.0,71.0,0.0
829.0,1.0,19.0,67.0,1.0,0.0,0.0,563.0,96.0,0.0
834.0,1.0,19.0,65.0,1.0,0.0,0.0,569.0,98.0,0.0
757.0,0.0,19.0,63.0,1.0,0.0,0.0,512.0,89.0,0.0
833.0,1.0,19.0,64.0,1.0,0.0,0.0,567.0,96.0,0.0
835.0,1.0,19.0,62.0,1.0,0.0,0.0,578.0,90.0,0.0
607.0,0.0,9.0,39.0,2.0,0.0,0.0,418.0,53.0,0.0
563.0,0.0,11.0,45.0,1.0,0.0,0.0,382.0,53.0,0.0
578.0,0.0,7.0,40.0,1.0,0.0,0.0,373.0,80.0,0.0
535.0,0.0,6.0,34.0,1.0,0.0,0.0,350.0,66.0,0.0
736.0,0.0,19.0,63.0,1.0,0.0,0.0,501.0,87.0,0.0
638.0,1.0,11.0,43.0,1.0,0.0,0.0,449.0,50.0,0.0
758.0,0.0,19.0,65.0,1.0,0.0,0.0,509.0,94.0,0.0
613.0,0.0,9.0,47.0,2.0,0.0,0.0,382.0,100.0,0.0
769.0,0.0,19.0,64.0,1.0,0.0,0.0,522.0,92.0,0.0
823.0,1.0,19.0,64.0,1.0,0.0,0.0,561.0,98.0,0.0
640.0,1.0,11.0,45.0,1.0,0.0,0.0,436.0,58.0,0.0
683.0,1.0,11.0,56.0,4.0,0.0,0.0,447.0,77.0,0.0
822.0,1.0,19.0,62.0,1.0,0.0,0.0,565.0,92.0,0.0
707.0,1.0,11.0,51.0,1.0,0.0,0.0,460.0,99.0,0.0
680.0,1.0,11.0,52.0,2.0,0.0,0.0,462.0,67.0,0.0
629.0,1.0,11.0,43.0,1.0,0.0,0.0,440.0,50.0,0.0
599.0,1.0,7.0,36.0,2.0,0.0,0.0,410.0,54.0,0.0
605.0,1.0,9.0,39.0,2.0,0.0,0.0,418.0,52.0,0.0
606.0,1.0,9.0,39.0,2.0,0.0,0.0,421.0,50.0,0.0
650.0,1.0,7.0,38.0,1.0,0.0,0.0,431.0,83.0,0.0
652.0,1.0,7.0,41.0,1.0,0.0,0.0,427.0,86.0,0.0
821.0,1.0,19.0,62.0,1.0,0.0,0.0,568.0,87.0,0.0
822.0,1.0,19.0,61.0,1.0,0.0,0.0,564.0,93.0,0.0
822.0,1.0,19.0,63.0,1.0,0.0,0.0,560.0,95.0,0.0
638.0,1.0,11.0,44.0,1.0,0.0,0.0,438.0,57.0,0.0
662.0,1.0,7.0,43.0,1.0,0.0,0.0,449.0,72.0,0.0
775.0,0.0,19.0,63.0,1.0,0.0,0.0,521.0,99.0,0.0
586.0,1.0,7.0,35.0,1.0,0.0,0.0,395.0,59.0,0.0
501.0,0.0,6.0,34.0,1.0,0.0,0.0,332.0,51.0,0.0
582.0,0.0,11.0,48.0,1.0,0.0,0.0,384.0,65.0,0.0
630.0,1.0,11.0,43.0,1.0,0.0,0.0,434.0,57.0,0.0
893.0,1.0,19.0,68.0,1.0,0.0,0.0,600.0,122.0,0.0
819.0,1.0,19.0,63.0,1.0,0.0,0.0,560.0,96.0,0.0
769.0,0.0,19.0,64.0,1.0,0.0,0.0,527.0,85.0,0.0
502.0,0.0,6.0,33.0,1.0,0.0,0.0,331.0,54.0,0.0
585.0,0.0,7.0,45.0,1.0,0.0,0.0,372.0,85.0,0.0
603.0,0.0,9.0,57.0,2.0,0.0,0.0,372.0,88.0,0.0
504.0,0.0,6.0,34.0,1.0,0.0,0.0,341.0,45.0,0.0
766.0,0.0,19.0,63.0,1.0,0.0,0.0,518.0,94.0,0.0
813.0,1.0,19.0,63.0,1.0,0.0,0.0,555.0,94.0,0.0
829.0,1.0,19.0,67.0,1.0,0.0,0.0,570.0,90.0,0.0
645.0,1.0,9.0,42.0,2.0,0.0,0.0,417.0,89.0,0.0
825.0,1.0,19.0,64.0,1.0,0.0,0.0,572.0,87.0,0.0
847.0,0.0,19.0,64.0,1.0,0.0,0.0,580.0,94.0,0.0
655.0,1.0,11.0,48.0,1.0,0.0,0.0,439.0,69.0,0.0
573.0,0.0,11.0,45.0,1.0,0.0,0.0,390.0,52.0,0.0
570.0,0.0,7.0,44.0,3.0,0.0,0.0,374.0,63.0,0.0
862.0,1.0,19.0,65.0,1.0,0.0,0.0,578.0,119.0,0.0
843.0,1.0,19.0,63.0,1.0,0.0,0.0,583.0,92.0,0.0
593.0,0.0,7.0,56.0,2.0,0.0,0.0,357.0,94.0,0.0
624.0,0.0,11.0,48.0,1.0,0.0,0.0,410.0,82.0,0.0
499.0,0.0,6.0,33.0,1.0,0.0,0.0,338.0,45.0,0.0
808.0,0.0,19.0,67.0,1.0,0.0,0.0,538.0,112.0,0.0
751.0,0.0,19.0,62.0,1.0,0.0,0.0,503.0,96.0,0.0
568.0,0.0,11.0,44.0,1.0,0.0,0.0,386.0,55.0,0.0
513.0,0.0,6.0,33.0,1.0,0.0,0.0,344.0,52.0,0.0
502.0,0.0,6.0,33.0,1.0,0.0,0.0,339.0,47.0,0.0
506.0,0.0,7.0,36.0,1.0,0.0,0.0,339.0,48.0,0.0
569.0,0.0,11.0,44.0,1.0,0.0,0.0,388.0,53.0,0.0
635.0,1.0,11.0,44.0,1.0,0.0,0.0,445.0,50.0,0.0
597.0,0.0,9.0,47.0,2.0,0.0,0.0,403.0,62.0,0.0
840.0,1.0,19.0,65.0,1.0,0.0,0.0,570.0,99.0,0.0
539.0,0.0,7.0,40.0,1.0,0.0,0.0,353.0,60.0,0.0
639.0,0.0,9.0,53.0,1.0,0.0,0.0,401.0,102.0,0.0
782.0,0.0,19.0,71.0,2.0,0.0,0.0,518.0,105.0,0.0
613.0,0.0,11.0,56.0,4.0,0.0,0.0,394.0,73.0,0.0
525.0,0.0,6.0,34.0,1.0,0.0,0.0,336.0,70.0,0.0
592.0,0.0,7.0,43.0,1.0,0.0,0.0,386.0,78.0,0.0
757.0,1.0,7.0,53.0,1.0,1.0,0.0,516.0,82.0,0.0
759.0,0.0,19.0,63.0,1.0,0.0,0.0,517.0,89.0,0.0
652.0,1.0,7.0,48.0,4.0,0.0,0.0,429.0,70.0,0.0
902.0,1.0,19.0,73.0,1.0,0.0,0.0,611.0,111.0,0.0
747.0,0.0,19.0,64.0,1.0,0.0,0.0,500.0,94.0,0.0
573.0,0.0,11.0,47.0,1.0,0.0,0.0,385.0,58.0,0.0
810.0,1.0,19.0,61.0,1.0,0.0,0.0,559.0,89.0,0.0
744.0,0.0,19.0,61.0,1.0,0.0,0.0,508.0,85.0,0.0
752.0,0.0,19.0,64.0,1.0,0.0,0.0,508.0,89.0,0.0
614.0,1.0,9.0,40.0,2.0,0.0,0.0,418.0,58.0,0.0
508.0,0.0,6.0,34.0,1.0,0.0,0.0,345.0,46.0,0.0
523.0,0.0,6.0,35.0,1.0,0.0,0.0,351.0,53.0,0.0
753.0,0.0,19.0,67.0,1.0,0.0,0.0,510.0,87.0,0.0
767.0,0.0,19.0,65.0,1.0,0.0,0.0,525.0,87.0,0.0
750.0,0.0,19.0,65.0,1.0,0.0,0.0,504.0,91.0,0.0
582.0,1.0,7.0,35.0,1.0,0.0,0.0,394.0,56.0,0.0
819.0,1.0,19.0,63.0,1.0,0.0,0.0,551.0,100.0,0.0
569.0,0.0,7.0,45.0,1.0,0.0,0.0,377.0,63.0,0.0
502.0,0.0,6.0,34.0,1.0,0.0,0.0,338.0,47.0,0.0
633.0,1.0,7.0,40.0,1.0,0.0,0.0,415.0,81.0,0.0
642.0,1.0,11.0,44.0,1.0,0.0,0.0,442.0,57.0,0.0
640.0,1.0,11.0,45.0,1.0,0.0,0.0,434.0,65.0,0.0
837.0,1.0,19.0,65.0,1.0,0.0,0.0,574.0,94.0,0.0
747.0,0.0,19.0,62.0,1.0,0.0,0.0,501.0,93.0,0.0
630.0,1.0,11.0,44.0,1.0,0.0,0.0,435.0,55.0,0.0
500.0,0.0,6.0,33.0,1.0,0.0,0.0,335.0,48.0,0.0
830.0,1.0,19.0,64.0,1.0,0.0,0.0,572.0,91.0,0.0
763.0,0.0,19.0,64.0,1.0,0.0,0.0,515.0,91.0,0.0
514.0,0.0,6.0,35.0,1.0,0.0,0.0,339.0,54.0,0.0
530.0,0.0,6.0,35.0,1.0,0.0,0.0,368.0,43.0,0.0
807.0,1.0,19.0,63.0,1.0,0.0,0.0,548.0,97.0,0.0
500.0,0.0,6.0,33.0,1.0,0.0,0.0,329.0,55.0,0.0
830.0,1.0,19.0,64.0,1.0,0.0,0.0,573.0,89.0,0.0
811.0,1.0,19.0,61.0,1.0,0.0,0.0,561.0,87.0,0.0
844.0,0.0,19.0,64.0,1.0,0.0,0.0,584.0,90.0,0.0
503.0,0.0,6.0,33.0,1.0,0.0,0.0,332.0,52.0,0.0
578.0,0.0,11.0,46.0,1.0,0.0,0.0,386.0,63.0,0.0
581.0,0.0,11.0,48.0,1.0,0.0,0.0,384.0,62.0,0.0
764.0,0.0,19.0,61.0,1.0,0.0,0.0,525.0,88.0,0.0
511.0,0.0,6.0,34.0,1.0,0.0,0.0,341.0,53.0,0.0
482.0,0.0,6.0,31.0,1.0,0.0,0.0,315.0,53.0,0.0
598.0,0.0,7.0,47.0,1.0,0.0,0.0,384.0,84.0,0.0
733.0,0.0,19.0,61.0,1.0,0.0,0.0,499.0,82.0,0.0
812.0,1.0,19.0,63.0,1.0,0.0,0.0,549.0,97.0,0.0
665.0,1.0,11.0,47.0,2.0,0.0,0.0,454.0,62.0,0.0
656.0,1.0,11.0,49.0,1.0,0.0,0.0,441.0,65.0,0.0
736.0,0.0,19.0,65.0,1.0,0.0,0.0,493.0,92.0,0.0
735.0,0.0,19.0,62.0,1.0,0.0,0.0,494.0,89.0,0.0
767.0,0.0,19.0,62.0,1.0,0.0,0.0,515.0,101.0,0.0
776.0,0.0,19.0,68.0,1.0,0.0,0.0,507.0,108.0,0.0
505.0,0.0,6.0,34.0,1.0,0.0,0.0,338.0,49.0,0.0
855.0,1.0,19.0,64.0,1.0,0.0,0.0,591.0,92.0,0.0
518.0,0.0,6.0,33.0,1.0,0.0,0.0,331.0,70.0,0.0
634.0,1.0,11.0,44.0,1.0,0.0,0.0,437.0,57.0,0.0
777.0,0.0,19.0,62.0,1.0,0.0,0.0,533.0,90.0,0.0
763.0,0.0,19.0,63.0,1.0,0.0,0.0,520.0,89.0,0.0
880.0,1.0,19.0,68.0,1.0,0.0,0.0,583.0,125.0,0.0
523.0,0.0,6.0,35.0,1.0,0.0,0.0,350.0,53.0,0.0
522.0,0.0,6.0,34.0,1.0,0.0,0.0,339.0,66.0,0.0
828.0,1.0,19.0,62.0,1.0,0.0,0.0,566.0,96.0,0.0
810.0,0.0,19.0,74.0,2.0,0.0,0.0,529.0,112.0,0.0
852.0,1.0,19.0,66.0,1.0,0.0,0.0,581.0,100.0,0.0
630.0,1.0,7.0,45.0,1.0,0.0,0.0,422.0,67.0,0.0
775.0,0.0,19.0,63.0,1.0,0.0,0.0,531.0,87.0,0.0
770.0,0.0,19.0,62.0,1.0,0.0,0.0,522.0,94.0,0.0
493.0,0.0,6.0,32.0,1.0,0.0,0.0,328.0,50.0,0.0
556.0,0.0,7.0,44.0,2.0,0.0,0.0,355.0,71.0,0.0
568.0,0.0,11.0,45.0,1.0,0.0,0.0,380.0,60.0,0.0
836.0,1.0,19.0,65.0,1.0,0.0,0.0,575.0,93.0,0.0
760.0,0.0,19.0,65.0,1.0,0.0,0.0,516.0,88.0,0.0
824.0,1.0,19.0,64.0,1.0,0.0,0.0,563.0,95.0,0.0
496.0,0.0,6.0,32.0,1.0,0.0,0.0,332.0,46.0,0.0
603.0,0.0,9.0,45.0,2.0,0.0,0.0,383.0,91.0,0.0
732.0,0.0,19.0,63.0,1.0,0.0,0.0,496.0,84.0,0.0
638.0,1.0,7.0,48.0,4.0,0.0,0.0,419.0,67.0,0.0
598.0,0.0,9.0,44.0,2.0,0.0,0.0,381.0,89.0,0.0
814.0,1.0,19.0,63.0,1.0,0.0,0.0,545.0,104.0,0.0
531.0,0.0,6.0,36.0,1.0,0.0,0.0,359.0,49.0,0.0
773.0,0.0,19.0,65.0,1.0,0.0,0.0,521.0,95.0,0.0
845.0,1.0,19.0,65.0,1.0,0.0,0.0,572.0,102.0,0.0
651.0,1.0,11.0,48.0,1.0,0.0,0.0,432.0,73.0,0.0
588.0,0.0,11.0,50.0,1.0,0.0,0.0,386.0,66.0,0.0
526.0,0.0,7.0,36.0,1.0,0.0,0.0,358.0,48.0,0.0
642.0,1.0,11.0,46.0,1.0,0.0,0.0,436.0,64.0,0.0
834.0,1.0,19.0,61.0,1.0,0.0,0.0,575.0,93.0,0.0
855.0,1.0,19.0,62.0,1.0,0.0,0.0,601.0,85.0,0.0
567.0,0.0,11.0,43.0,1.0,0.0,0.0,393.0,47.0,0.0
842.0,1.0,19.0,64.0,2.0,0.0,0.0,567.0,104.0,0.0
508.0,0.0,6.0,34.0,2.0,0.0,0.0,338.0,53.0,0.0
859.0,1.0,19.0,65.0,1.0,0.0,0.0,593.0,96.0,0.0
526.0,0.0,6.0,34.0,1.0,0.0,0.0,337.0,70.0,0.0
882.0,1.0,19.0,72.0,2.0,0.0,0.0,595.0,107.0,0.0
700.0,1.0,11.0,53.0,1.0,0.0,0.0,463.0,88.0,0.0
518.0,0.0,7.0,36.0,1.0,0.0,0.0,347.0,52.0,0.0
586.0,0.0,7.0,53.0,2.0,0.0,0.0,361.0,86.0,0.0
490.0,0.0,6.0,33.0,1.0,0.0,0.0,321.0,54.0,0.0
827.0,1.0,19.0,62.0,1.0,0.0,0.0,567.0,94.0,0.0
515.0,0.0,6.0,33.0,1.0,0.0,0.0,332.0,66.0,0.0
911.0,1.0,19.0,80.0,2.0,0.0,0.0,597.0,126.0,0.0
495.0,0.0,6.0,33.0,1.0,0.0,0.0,332.0,47.0,0.0
576.0,0.0,11.0,46.0,1.0,0.0,0.0,388.0,58.0,0.0
750.0,0.0,19.0,67.0,1.0,0.0,0.0,506.0,89.0,0.0
878.0,1.0,19.0,67.0,1.0,0.0,0.0,590.0,117.0,0.0
574.0,0.0,11.0,45.0,1.0,0.0,0.0,391.0,55.0,0.0
517.0,0.0,7.0,36.0,1.0,0.0,0.0,350.0,48.0,0.0
576.0,0.0,11.0,45.0,1.0,0.0,0.0,396.0,52.0,0.0
567.0,0.0,11.0,43.0,1.0,0.0,0.0,391.0,50.0,0.0
533.0,0.0,9.0,40.0,2.0,0.0,0.0,355.0,55.0,0.0
497.0,0.0,6.0,33.0,1.0,0.0,0.0,335.0,47.0,0.0
499.0,0.0,6.0,33.0,1.0,0.0,0.0,340.0,43.0,0.0
500.0,0.0,6.0,33.0,1.0,0.0,0.0,336.0,48.0,0.0
561.0,0.0,11.0,43.0,1.0,0.0,0.0,380.0,55.0,0.0
836.0,1.0,19.0,65.0,1.0,0.0,0.0,568.0,99.0,0.0
755.0,0.0,19.0,63.0,1.0,0.0,0.0,511.0,91.0,0.0
494.0,0.0,6.0,31.0,1.0,0.0,0.0,322.0,55.0,0.0
796.0,0.0,19.0,66.0,1.0,0.0,0.0,520.0,124.0,0.0
690.0,1.0,11.0,56.0,4.0,0.0,0.0,466.0,64.0,0.0
628.0,0.0,11.0,43.0,1.0,0.0,0.0,436.0,54.0,0.0
513.0,0.0,6.0,34.0,1.0,0.0,0.0,341.0,54.0,0.0
810.0,1.0,19.0,61.0,1.0,0.0,0.0,561.0,87.0,0.0
641.0,1.0,11.0,46.0,1.0,0.0,0.0,439.0,60.0,0.0
635.0,1.0,7.0,44.0,3.0,0.0,0.0,428.0,62.0,0.0
743.0,0.0,19.0,62.0,1.0,0.0,0.0,500.0,92.0,0.0
828.0,1.0,19.0,64.0,1.0,0.0,0.0,561.0,101.0,0.0
637.0,1.0,11.0,44.0,1.0,0.0,0.0,434.0,60.0,0.0
808.0,1.0,19.0,61.0,1.0,0.0,0.0,554.0,90.0,0.0
750.0,0.0,19.0,62.0,1.0,0.0,0.0,512.0,87.0,0.0
807.0,1.0,19.0,63.0,1.0,0.0,0.0,551.0,92.0,0.0
845.0,1.0,19.0,62.0,1.0,0.0,0.0,581.0,96.0,0.0
572.0,0.0,11.0,45.0,1.0,0.0,0.0,377.0,62.0,0.0
827.0,1.0,19.0,65.0,1.0,0.0,0.0,562.0,98.0,0.0
648.0,1.0,11.0,44.0,1.0,0.0,0.0,452.0,55.0,0.0
629.0,1.0,11.0,44.0,1.0,0.0,0.0,430.0,58.0,0.0
509.0,0.0,6.0,33.0,1.0,0.0,0.0,323.0,71.0,0.0
817.0,1.0,19.0,67.0,1.0,0.0,0.0,552.0,97.0,0.0
819.0,0.0,19.0,69.0,1.0,0.0,0.0,529.0,129.0,0.0
841.0,0.0,19.0,61.0,1.0,0.0,0.0,579.0,95.0,0.0
572.0,0.0,11.0,44.0,1.0,0.0,0.0,384.0,58.0,0.0
655.0,1.0,11.0,44.0,1.0,0.0,0.0,449.0,65.0,0.0
572.0,0.0,11.0,43.0,1.0,0.0,0.0,387.0,58.0,0.0
766.0,0.0,19.0,65.0,1.0,0.0,0.0,518.0,91.0,0.0
818.0,1.0,19.0,61.0,1.0,0.0,0.0,560.0,95.0,0.0
658.0,1.0,9.0,44.0,2.0,0.0,0.0,424.0,93.0,0.0
914.0,1.0,19.0,74.0,1.0,0.0,0.0,617.0,118.0,0.0
748.0,0.0,19.0,62.0,1.0,0.0,0.0,507.0,89.0,0.0
569.0,0.0,11.0,44.0,1.0,0.0,0.0,382.0,60.0,0.0
751.0,0.0,19.0,65.0,1.0,0.0,0.0,508.0,90.0,0.0
778.0,1.0,9.0,57.0,2.0,1.0,0.0,530.0,84.0,0.0
637.0,1.0,11.0,44.0,1.0,0.0,0.0,433.0,61.0,0.0
810.0,1.0,19.0,62.0,1.0,0.0,0.0,559.0,87.0,0.0
485.0,0.0,6.0,31.0,1.0,0.0,0.0,316.0,55.0,0.0
779.0,0.0,19.0,67.0,1.0,0.0,0.0,515.0,103.0,0.0
565.0,0.0,11.0,44.0,1.0,0.0,0.0,379.0,59.0,0.0
828.0,1.0,19.0,65.0,1.0,0.0,0.0,575.0,85.0,0.0
624.0,1.0,7.0,45.0,1.0,0.0,0.0,419.0,64.0,0.0
496.0,0.0,6.0,33.0,1.0,0.0,0.0,330.0,49.0,0.0
743.0,1.0,7.0,53.0,1.0,1.0,0.0,500.0,85.0,0.0
576.0,1.0,7.0,36.0,1.0,0.0,0.0,383.0,61.0,0.0
770.0,0.0,19.0,61.0,1.0,0.0,0.0,526.0,89.0,0.0
747.0,0.0,19.0,65.0,1.0,0.0,0.0,495.0,98.0,0.0
828.0,1.0,19.0,63.0,1.0,0.0,0.0,568.0,91.0,0.0
573.0,0.0,11.0,46.0,1.0,0.0,0.0,381.0,60.0,0.0
774.0,0.0,19.0,67.0,1.0,0.0,0.0,524.0,90.0,0.0
584.0,0.0,7.0,35.0,1.0,0.0,0.0,399.0,54.0,0.0
1137.0,1.0,7.0,144.0,1.0,0.0,0.0,450.0,445.0,0.0
662.0,1.0,7.0,43.0,1.0,0.0,0.0,421.0,100.0,0.0
498.0,0.0,6.0,33.0,1.0,0.0,0.0,332.0,49.0,0.0
852.0,1.0,19.0,71.0,1.0,0.0,0.0,577.0,103.0,0.0
762.0,0.0,19.0,68.0,1.0,0.0,0.0,499.0,104.0,0.0
765.0,0.0,19.0,66.0,1.0,0.0,0.0,518.0,89.0,0.0
507.0,0.0,6.0,33.0,1.0,0.0,0.0,333.0,56.0,0.0
828.0,1.0,19.0,64.0,1.0,0.0,0.0,568.0,94.0,0.0
753.0,0.0,19.0,65.0,1.0,0.0,0.0,512.0,87.0,0.0
728.0,1.0,11.0,67.0,2.0,0.0,0.0,457.0,102.0,0.0
819.0,1.0,19.0,62.0,1.0,0.0,0.0,563.0,89.0,0.0
557.0,0.0,7.0,44.0,2.0,0.0,0.0,357.0,70.0,0.0
525.0,0.0,6.0,35.0,1.0,0.0,0.0,360.0,46.0,0.0
833.0,1.0,19.0,62.0,1.0,0.0,0.0,571.0,96.0,0.0
703.0,1.0,11.0,52.0,1.0,0.0,0.0,479.0,71.0,0.0
757.0,0.0,19.0,61.0,1.0,0.0,0.0,523.0,82.0,0.0
569.0,0.0,11.0,43.0,1.0,0.0,0.0,386.0,56.0,0.0
835.0,1.0,19.0,63.0,1.0,0.0,0.0,573.0,95.0,0.0
852.0,1.0,19.0,63.0,1.0,0.0,0.0,592.0,90.0,0.0
745.0,0.0,19.0,61.0,1.0,0.0,0.0,509.0,87.0,0.0
738.0,0.0,19.0,62.0,1.0,0.0,0.0,496.0,92.0,0.0
612.0,1.0,9.0,40.0,2.0,0.0,0.0,423.0,51.0,0.0
642.0,1.0,7.0,39.0,1.0,0.0,0.0,428.0,77.0,0.0
517.0,0.0,6.0,34.0,1.0,0.0,0.0,348.0,49.0,0.0
761.0,0.0,19.0,66.0,1.0,0.0,0.0,511.0,96.0,0.0
648.0,1.0,7.0,48.0,4.0,0.0,0.0,425.0,71.0,0.0
544.0,0.0,9.0,40.0,2.0,0.0,0.0,371.0,48.0,0.0
834.0,0.0,19.0,64.0,1.0,0.0,0.0,567.0,102.0,0.0
644.0,1.0,11.0,46.0,1.0,0.0,0.0,440.0,59.0,0.0
836.0,1.0,19.0,64.0,1.0,0.0,0.0,573.0,93.0,0.0
790.0,0.0,19.0,74.0,2.0,0.0,0.0,515.0,112.0,0.0
821.0,1.0,19.0,61.0,1.0,0.0,0.0,559.0,93.0,0.0
646.0,1.0,11.0,46.0,1.0,0.0,0.0,440.0,64.0,0.0
880.0,1.0,19.0,69.0,1.0,0.0,0.0,568.0,140.0,0.0
846.0,1.0,19.0,63.0,1.0,0.0,0.0,582.0,97.0,0.0
522.0,0.0,6.0,35.0,1.0,0.0,0.0,352.0,48.0,0.0
529.0,0.0,6.0,34.0,1.0,0.0,0.0,337.0,73.0,0.0
742.0,0.0,19.0,62.0,1.0,0.0,0.0,494.0,95.0,0.0
645.0,1.0,11.0,47.0,1.0,0.0,0.0,438.0,61.0,0.0
624.0,1.0,7.0,40.0,1.0,0.0,0.0,424.0,61.0,0.0
598.0,1.0,7.0,36.0,1.0,0.0,0.0,418.0,47.0,0.0
766.0,0.0,19.0,64.0,1.0,0.0,0.0,517.0,95.0,0.0
639.0,1.0,11.0,44.0,1.0,0.0,0.0,445.0,54.0,0.0
822.0,1.0,19.0,64.0,1.0,0.0,0.0,560.0,95.0,0.0
853.0,1.0,19.0,66.0,1.0,0.0,0.0,588.0,92.0,0.0
629.0,1.0,11.0,44.0,1.0,0.0,0.0,435.0,54.0,0.0
517.0,0.0,7.0,35.0,1.0,0.0,0.0,349.0,49.0,0.0
835.0,1.0,19.0,64.0,1.0,0.0,0.0,568.0,96.0,0.0
579.0,0.0,11.0,47.0,1.0,0.0,0.0,382.0,67.0,0.0
848.0,1.0,19.0,73.0,4.0,0.0,0.0,568.0,101.0,0.0
535.0,0.0,7.0,40.0,1.0,0.0,0.0,350.0,60.0,0.0
635.0,1.0,11.0,43.0,1.0,0.0,0.0,443.0,53.0,0.0
820.0,1.0,19.0,63.0,1.0,0.0,0.0,561.0,94.0,0.0
509.0,0.0,6.0,35.0,1.0,0.0,0.0,343.0,48.0,0.0
734.0,0.0,19.0,62.0,1.0,0.0,0.0,492.0,93.0,0.0
540.0,0.0,9.0,39.0,2.0,0.0,0.0,360.0,56.0,0.0
822.0,1.0,19.0,61.0,1.0,0.0,0.0,573.0,85.0,0.0
742.0,0.0,19.0,63.0,1.0,0.0,0.0,501.0,90.0,0.0
737.0,1.0,11.0,57.0,1.0,0.0,0.0,481.0,103.0,0.0
1127.0,0.0,11.0,152.0,1.0,0.0,0.0,444.0,446.0,0.0
569.0,0.0,11.0,44.0,1.0,0.0,0.0,392.0,50.0,0.0
863.0,1.0,19.0,72.0,4.0,0.0,0.0,572.0,110.0,0.0
513.0,0.0,7.0,35.0,1.0,0.0,0.0,343.0,52.0,0.0
522.0,0.0,7.0,36.0,1.0,0.0,0.0,353.0,49.0,0.0
841.0,1.0,19.0,61.0,1.0,0.0,0.0,576.0,96.0,0.0
747.0,0.0,19.0,61.0,1.0,0.0,0.0,505.0,89.0,0.0
513.0,0.0,6.0,34.0,1.0,0.0,0.0,346.0,49.0,0.0
750.0,0.0,19.0,63.0,1.0,0.0,0.0,504.0,94.0,0.0
767.0,0.0,19.0,63.0,1.0,0.0,0.0,521.0,89.0,0.0
602.0,0.0,7.0,47.0,1.0,0.0,0.0,394.0,77.0,0.0
534.0,0.0,7.0,35.0,1.0,0.0,0.0,368.0,47.0,0.0
507.0,0.0,6.0,33.0,1.0,0.0,0.0,339.0,51.0,0.0
642.0,1.0,11.0,44.0,1.0,0.0,0.0,441.0,61.0,0.0
641.0,0.0,11.0,53.0,1.0,0.0,0.0,417.0,88.0,0.0
819.0,1.0,19.0,64.0,1.0,0.0,0.0,562.0,91.0,0.0
820.0,1.0,19.0,61.0,1.0,0.0,0.0,564.0,92.0,0.0
572.0,0.0,11.0,45.0,1.0,0.0,0.0,381.0,60.0,0.0
764.0,0.0,19.0,61.0,1.0,0.0,0.0,528.0,85.0,0.0
1018.0,1.0,19.0,81.0,1.0,1.0,0.0,699.0,125.0,0.0
512.0,0.0,6.0,35.0,1.0,0.0,0.0,342.0,52.0,0.0
1206.0,1.0,11.0,153.0,1.0,0.0,0.0,498.0,454.0,0.0
850.0,1.0,19.0,66.0,1.0,0.0,0.0,579.0,100.0,0.0
817.0,1.0,19.0,65.0,1.0,0.0,0.0,555.0,96.0,0.0
641.0,1.0,11.0,45.0,1.0,0.0,0.0,445.0,55.0,0.0
523.0,0.0,6.0,34.0,1.0,0.0,0.0,336.0,69.0,0.0
527.0,0.0,6.0,36.0,1.0,0.0,0.0,353.0,52.0,0.0
605.0,1.0,9.0,39.0,2.0,0.0,0.0,413.0,57.0,0.0
569.0,0.0,11.0,44.0,1.0,0.0,0.0,387.0,55.0,0.0
544.0,0.0,9.0,40.0,2.0,0.0,0.0,364.0,55.0,0.0
833.0,1.0,19.0,65.0,1.0,0.0,0.0,573.0,92.0,0.0
523.0,0.0,6.0,35.0,1.0,0.0,0.0,353.0,50.0,0.0
774.0,0.0,19.0,64.0,1.0,0.0,0.0,530.0,90.0,0.0
810.0,0.0,19.0,82.0,2.0,0.0,0.0,512.0,128.0,0.0
603.0,1.0,9.0,40.0,1.0,0.0,0.0,406.0,61.0,0.0
858.0,1.0,19.0,75.0,2.0,0.0,0.0,564.0,114.0,0.0
539.0,0.0,7.0,40.0,1.0,0.0,0.0,347.0,66.0,0.0
760.0,0.0,19.0,61.0,1.0,0.0,0.0,524.0,84.0,0.0
1137.0,1.0,7.0,144.0,1.0,0.0,0.0,444.0,451.0,0.0
477.0,0.0,6.0,31.0,1.0,0.0,0.0,317.0,46.0,0.0
501.0,0.0,6.0,33.0,1.0,0.0,0.0,337.0,49.0,0.0
747.0,0.0,19.0,65.0,1.0,0.0,0.0,501.0,90.0,0.0
477.0,0.0,6.0,31.0,1.0,0.0,0.0,308.0,55.0,0.0
1392.0,1.0,19.0,173.0,1.0,0.0,0.0,631.0,483.0,0.0
635.0,1.0,11.0,44.0,1.0,0.0,0.0,437.0,57.0,0.0
641.0,0.0,11.0,61.0,2.0,0.0,0.0,401.0,93.0,0.0
742.0,0.0,19.0,66.0,1.0,0.0,0.0,492.0,96.0,0.0
514.0,0.0,7.0,35.0,1.0,0.0,0.0,345.0,51.0,0.0
793.0,0.0,19.0,73.0,2.0,0.0,0.0,524.0,103.0,0.0
518.0,0.0,7.0,35.0,1.0,0.0,0.0,349.0,50.0,0.0
567.0,0.0,11.0,44.0,1.0,0.0,0.0,392.0,48.0,0.0
821.0,0.0,19.0,63.0,1.0,0.0,0.0,552.0,100.0,0.0
727.0,0.0,19.0,65.0,1.0,0.0,0.0,478.0,96.0,0.0
510.0,0.0,6.0,33.0,1.0,0.0,0.0,334.0,57.0,0.0
501.0,0.0,6.0,33.0,1.0,0.0,0.0,334.0,51.0,0.0
841.0,1.0,19.0,66.0,1.0,0.0,0.0,577.0,94.0,0.0
852.0,1.0,19.0,71.0,2.0,0.0,0.0,573.0,107.0,0.0
641.0,1.0,11.0,46.0,1.0,0.0,0.0,446.0,53.0,0.0
740.0,0.0,19.0,62.0,1.0,0.0,0.0,506.0,84.0,0.0
756.0,0.0,19.0,62.0,1.0,0.0,0.0,505.0,95.0,0.0
827.0,1.0,19.0,61.0,1.0,0.0,0.0,571.0,92.0,0.0
603.0,1.0,7.0,35.0,1.0,0.0,0.0,421.0,50.0,0.0
583.0,0.0,7.0,40.0,3.0,0.0,0.0,389.0,59.0,0.0
503.0,0.0,6.0,33.0,1.0,0.0,0.0,339.0,49.0,0.0
758.0,0.0,19.0,62.0,1.0,0.0,0.0,520.0,86.0,0.0
736.0,0.0,19.0,62.0,1.0,0.0,0.0,491.0,95.0,0.0
827.0,1.0,19.0,64.0,1.0,0.0,0.0,567.0,93.0,0.0
522.0,0.0,6.0,34.0,1.0,0.0,0.0,355.0,46.0,0.0
675.0,1.0,9.0,49.0,2.0,0.0,0.0,443.0,87.0,0.0
746.0,0.0,19.0,65.0,1.0,0.0,0.0,506.0,86.0,0.0
769.0,0.0,19.0,62.0,1.0,0.0,0.0,528.0,85.0,0.0
751.0,0.0,19.0,63.0,1.0,0.0,0.0,503.0,96.0,0.0
507.0,0.0,6.0,33.0,1.0,0.0,0.0,335.0,54.0,0.0
827.0,0.0,19.0,70.0,1.0,0.0,0.0,538.0,127.0,0.0
637.0,1.0,11.0,44.0,1.0,0.0,0.0,437.0,60.0,0.0
584.0,1.0,7.0,36.0,1.0,0.0,0.0,400.0,52.0,0.0
619.0,0.0,7.0,49.0,1.0,0.0,0.0,396.0,91.0,0.0
512.0,0.0,7.0,36.0,1.0,0.0,0.0,349.0,44.0,0.0
680.0,1.0,11.0,54.0,1.0,0.0,0.0,451.0,77.0,0.0
763.0,0.0,19.0,62.0,1.0,0.0,0.0,521.0,91.0,0.0
597.0,0.0,7.0,43.0,1.0,0.0,0.0,392.0,76.0,0.0
776.0,0.0,19.0,63.0,1.0,0.0,0.0,529.0,91.0,0.0
566.0,0.0,11.0,43.0,1.0,0.0,0.0,383.0,57.0,0.0
696.0,1.0,11.0,48.0,3.0,0.0,0.0,472.0,67.0,0.0
486.0,0.0,6.0,32.0,1.0,0.0,0.0,322.0,50.0,0.0
647.0,1.0,7.0,48.0,4.0,0.0,0.0,436.0,59.0,0.0
896.0,1.0,19.0,70.0,1.0,0.0,0.0,600.0,121.0,0.0
570.0,0.0,11.0,44.0,1.0,0.0,0.0,390.0,53.0,0.0
753.0,0.0,19.0,64.0,1.0,0.0,0.0,509.0,88.0,0.0
731.0,0.0,19.0,62.0,1.0,0.0,0.0,487.0,95.0,0.0
667.0,1.0,9.0,44.0,2.0,0.0,0.0,444.0,82.0,0.0
597.0,0.0,7.0,47.0,1.0,0.0,0.0,393.0,74.0,0.0
593.0,0.0,7.0,43.0,1.0,0.0,0.0,373.0,92.0,0.0
635.0,1.0,11.0,43.0,1.0,0.0,0.0,438.0,58.0,0.0
676.0,1.0,9.0,47.0,2.0,0.0,0.0,457.0,72.0,0.0
764.0,0.0,19.0,65.0,1.0,0.0,0.0,516.0,92.0,0.0
639.0,1.0,11.0,44.0,1.0,0.0,0.0,433.0,66.0,0.0
744.0,0.0,19.0,62.0,1.0,0.0,0.0,500.0,94.0,0.0
578.0,0.0,9.0,47.0,3.0,0.0,0.0,373.0,72.0,0.0
616.0,1.0,9.0,40.0,2.0,0.0,0.0,418.0,60.0,0.0
800.0,1.0,19.0,63.0,1.0,0.0,0.0,539.0,98.0,0.0
486.0,0.0,6.0,31.0,1.0,0.0,0.0,323.0,47.0,0.0
594.0,0.0,7.0,40.0,1.0,0.0,0.0,382.0,87.0,0.0
608.0,0.0,11.0,55.0,2.0,0.0,0.0,392.0,75.0,0.0
585.0,0.0,7.0,45.0,1.0,0.0,0.0,395.0,61.0,0.0
1076.0,0.0,7.0,144.0,1.0,0.0,0.0,404.0,443.0,0.0
607.0,1.0,9.0,39.0,2.0,0.0,0.0,417.0,55.0,0.0
530.0,0.0,6.0,34.0,1.0,0.0,0.0,344.0,67.0,0.0
839.0,0.0,19.0,75.0,1.0,0.0,0.0,555.0,117.0,0.0
643.0,1.0,11.0,45.0,1.0,0.0,0.0,435.0,64.0,0.0
786.0,0.0,19.0,70.0,2.0,0.0,0.0,522.0,102.0,0.0
782.0,0.0,19.0,71.0,1.0,0.0,0.0,524.0,99.0,0.0
833.0,1.0,19.0,66.0,1.0,0.0,0.0,565.0,97.0,0.0
688.0,1.0,7.0,47.0,1.0,0.0,0.0,464.0,80.0,0.0
741.0,0.0,19.0,62.0,1.0,0.0,0.0,502.0,90.0,0.0
631.0,1.0,9.0,40.0,3.0,0.0,0.0,431.0,59.0,0.0
642.0,1.0,11.0,45.0,1.0,0.0,0.0,442.0,56.0,0.0
607.0,1.0,9.0,39.0,2.0,0.0,0.0,422.0,50.0,0.0
748.0,0.0,19.0,62.0,1.0,0.0,0.0,506.0,91.0,0.0
675.0,1.0,7.0,45.0,1.0,0.0,0.0,445.0,88.0,0.0
760.0,0.0,19.0,62.0,1.0,0.0,0.0,522.0,86.0,0.0
650.0,1.0,7.0,38.0,1.0,0.0,0.0,436.0,78.0,0.0
763.0,0.0,19.0,63.0,1.0,0.0,0.0,514.0,94.0,0.0
652.0,1.0,7.0,48.0,4.0,0.0,0.0,436.0,63.0,0.0
755.0,0.0,19.0,61.0,1.0,0.0,0.0,511.0,91.0,0.0
504.0,0.0,6.0,32.0,1.0,0.0,0.0,316.0,73.0,0.0
744.0,0.0,19.0,61.0,1.0,0.0,0.0,506.0,86.0,0.0
492.0,0.0,6.0,32.0,1.0,0.0,0.0,331.0,45.0,0.0
574.0,0.0,11.0,46.0,1.0,0.0,0.0,386.0,56.0,0.0
853.0,1.0,19.0,63.0,1.0,0.0,0.0,588.0,94.0,0.0
850.0,1.0,19.0,64.0,1.0,0.0,0.0,580.0,96.0,0.0
862.0,1.0,19.0,62.0,1.0,0.0,0.0,600.0,91.0,0.0
645.0,1.0,7.0,50.0,2.0,0.0,0.0,411.0,85.0,0.0
567.0,0.0,7.0,50.0,2.0,0.0,0.0,358.0,73.0,0.0
841.0,1.0,19.0,69.0,2.0,0.0,0.0,574.0,93.0,0.0
840.0,1.0,19.0,62.0,1.0,0.0,0.0,579.0,92.0,0.0
818.0,1.0,19.0,63.0,1.0,0.0,0.0,567.0,85.0,0.0
501.0,0.0,6.0,33.0,1.0,0.0,0.0,327.0,58.0,0.0
738.0,0.0,19.0,62.0,1.0,0.0,0.0,499.0,87.0,0.0
828.0,1.0,19.0,62.0,1.0,0.0,0.0,568.0,91.0,0.0
785.0,0.0,19.0,71.0,4.0,0.0,0.0,519.0,103.0,0.0
764.0,0.0,19.0,62.0,1.0,0.0,0.0,521.0,89.0,0.0
507.0,0.0,6.0,33.0,1.0,0.0,0.0,343.0,47.0,0.0
819.0,1.0,19.0,64.0,1.0,0.0,0.0,557.0,97.0,0.0
823.0,1.0,19.0,60.0,1.0,0.0,0.0,575.0,86.0,0.0
630.0,1.0,7.0,45.0,1.0,0.0,0.0,426.0,63.0,0.0
288.0,0.0,2.0,27.0,1.0,0.0,0.0,200.0,18.0,0.0
818.0,1.0,19.0,61.0,1.0,0.0,0.0,563.0,91.0,0.0
529.0,0.0,7.0,39.0,1.0,0.0,0.0,346.0,61.0,0.0
629.0,0.0,11.0,49.0,1.0,0.0,0.0,400.0,93.0,0.0
494.0,0.0,6.0,32.0,1.0,0.0,0.0,322.0,56.0,0.0
509.0,0.0,6.0,35.0,1.0,0.0,0.0,337.0,54.0,0.0
713.0,1.0,9.0,53.0,1.0,0.0,0.0,455.0,107.0,0.0
787.0,0.0,19.0,72.0,4.0,0.0,0.0,508.0,111.0,0.0
818.0,1.0,19.0,65.0,1.0,0.0,0.0,559.0,90.0,0.0
820.0,1.0,19.0,62.0,1.0,0.0,0.0,564.0,91.0,0.0
520.0,0.0,6.0,35.0,1.0,0.0,0.0,350.0,49.0,0.0
591.0,1.0,7.0,36.0,1.0,0.0,0.0,403.0,55.0,0.0
873.0,1.0,19.0,74.0,2.0,0.0,0.0,580.0,110.0,0.0
827.0,1.0,19.0,65.0,1.0,0.0,0.0,569.0,91.0,0.0
625.0,1.0,11.0,43.0,1.0,0.0,0.0,440.0,46.0,0.0
570.0,0.0,11.0,44.0,1.0,0.0,0.0,381.0,62.0,0.0
605.0,0.0,11.0,47.0,1.0,0.0,0.0,386.0,86.0,0.0
816.0,1.0,19.0,64.0,1.0,0.0,0.0,552.0,96.0,0.0
829.0,1.0,19.0,64.0,1.0,0.0,0.0,564.0,100.0,0.0
645.0,0.0,11.0,62.0,2.0,0.0,0.0,400.0,94.0,0.0
870.0,1.0,19.0,68.0,1.0,0.0,0.0,570.0,132.0,0.0
578.0,0.0,9.0,47.0,3.0,0.0,0.0,376.0,69.0,0.0
555.0,0.0,7.0,40.0,1.0,0.0,0.0,368.0,61.0,0.0
753.0,0.0,19.0,63.0,1.0,0.0,0.0,512.0,87.0,0.0
769.0,0.0,19.0,65.0,1.0,0.0,0.0,525.0,87.0,0.0
667.0,1.0,9.0,54.0,2.0,0.0,0.0,429.0,83.0,0.0
514.0,0.0,7.0,35.0,1.0,0.0,0.0,348.0,48.0,0.0
638.0,1.0,7.0,45.0,1.0,0.0,0.0,436.0,60.0,0.0
775.0,0.0,19.0,72.0,2.0,0.0,0.0,504.0,107.0,0.0
648.0,0.0,11.0,64.0,2.0,0.0,0.0,401.0,94.0,0.0
640.0,1.0,11.0,45.0,1.0,0.0,0.0,438.0,61.0,0.0
634.0,1.0,11.0,44.0,1.0,0.0,0.0,442.0,52.0,0.0
803.0,1.0,19.0,65.0,1.0,0.0,0.0,541.0,97.0,0.0
593.0,0.0,9.0,43.0,2.0,0.0,0.0,378.0,88.0,0.0
637.0,0.0,11.0,53.0,1.0,0.0,0.0,417.0,84.0,0.0
764.0,0.0,19.0,61.0,1.0,0.0,0.0,522.0,90.0,0.0
512.0,0.0,6.0,34.0,1.0,0.0,0.0,344.0,50.0,0.0
631.0,1.0,11.0,44.0,1.0,0.0,0.0,441.0,50.0,0.0
498.0,0.0,6.0,33.0,1.0,0.0,0.0,333.0,49.0,0.0
516.0,0.0,7.0,36.0,1.0,0.0,0.0,344.0,53.0,0.0
820.0,1.0,19.0,63.0,1.0,0.0,0.0,566.0,89.0,0.0
522.0,0.0,7.0,36.0,1.0,0.0,0.0,346.0,56.0,0.0
518.0,0.0,7.0,36.0,1.0,0.0,0.0,344.0,55.0,0.0
821.0,1.0,19.0,63.0,1.0,0.0,0.0,564.0,92.0,0.0
797.0,1.0,11.0,62.0,1.0,1.0,0.0,539.0,89.0,0.0
686.0,1.0,11.0,53.0,2.0,0.0,0.0,453.0,78.0,0.0
762.0,0.0,19.0,67.0,1.0,0.0,0.0,508.0,97.0,0.0
569.0,0.0,7.0,45.0,1.0,0.0,0.0,375.0,65.0,0.0
507.0,0.0,6.0,33.0,1.0,0.0,0.0,338.0,52.0,0.0
786.0,1.0,19.0,61.0,1.0,0.0,0.0,539.0,87.0,0.0
681.0,1.0,9.0,57.0,3.0,0.0,0.0,431.0,94.0,0.0
570.0,0.0,7.0,40.0,1.0,0.0,0.0,364.0,82.0,0.0
806.0,1.0,19.0,65.0,1.0,0.0,0.0,544.0,98.0,0.0
651.0,1.0,11.0,48.0,1.0,0.0,0.0,438.0,65.0,0.0
523.0,0.0,6.0,34.0,1.0,0.0,0.0,353.0,50.0,0.0
782.0,0.0,19.0,65.0,1.0,0.0,0.0,534.0,90.0,0.0
578.0,0.0,11.0,47.0,1.0,0.0,0.0,384.0,61.0,0.0
762.0,0.0,19.0,63.0,1.0,0.0,0.0,518.0,89.0,0.0
536.0,0.0,7.0,36.0,1.0,0.0,0.0,365.0,51.0,0.0
824.0,1.0,19.0,64.0,1.0,0.0,0.0,564.0,93.0,0.0
631.0,0.0,11.0,53.0,1.0,0.0,0.0,408.0,87.0,0.0
703.0,1.0,11.0,59.0,2.0,0.0,0.0,458.0,84.0,0.0
854.0,1.0,19.0,64.0,1.0,0.0,0.0,594.0,90.0,0.0
838.0,1.0,19.0,64.0,1.0,0.0,0.0,578.0,91.0,0.0
488.0,0.0,6.0,32.0,1.0,0.0,0.0,327.0,46.0,0.0
563.0,0.0,11.0,44.0,1.0,0.0,0.0,380.0,56.0,0.0
622.0,1.0,7.0,43.0,2.0,0.0,0.0,415.0,65.0,0.0
517.0,0.0,7.0,36.0,1.0,0.0,0.0,343.0,55.0,0.0
843.0,0.0,19.0,64.0,1.0,0.0,0.0,577.0,96.0,0.0
722.0,0.0,19.0,61.0,1.0,0.0,0.0,490.0,85.0,0.0
672.0,1.0,11.0,52.0,2.0,0.0,0.0,448.0,73.0,0.0
628.0,1.0,7.0,39.0,1.0,0.0,0.0,409.0,83.0,0.0
576.0,1.0,7.0,36.0,1.0,0.0,0.0,389.0,55.0,0.0
824.0,1.0,19.0,63.0,1.0,0.0,0.0,562.0,92.0,0.0
550.0,0.0,7.0,36.0,1.0,0.0,0.0,374.0,55.0,0.0
489.0,0.0,6.0,33.0,1.0,0.0,0.0,320.0,53.0,0.0
550.0,0.0,9.0,44.0,2.0,0.0,0.0,355.0,66.0,0.0
531.0,0.0,6.0,35.0,1.0,0.0,0.0,360.0,49.0,0.0
747.0,0.0,19.0,62.0,1.0,0.0,0.0,503.0,90.0,0.0
822.0,1.0,19.0,63.0,1.0,0.0,0.0,566.0,92.0,0.0
624.0,1.0,9.0,40.0,2.0,0.0,0.0,430.0,55.0,0.0
815.0,0.0,19.0,69.0,1.0,0.0,0.0,521.0,133.0,0.0
940.0,0.0,19.0,82.0,1.0,1.0,0.0,641.0,117.0,0.0
652.0,1.0,11.0,47.0,1.0,0.0,0.0,443.0,62.0,0.0
756.0,0.0,19.0,65.0,1.0,0.0,0.0,512.0,88.0,0.0
500.0,0.0,6.0,34.0,1.0,0.0,0.0,330.0,52.0,0.0
707.0,1.0,11.0,50.0,1.0,0.0,0.0,471.0,89.0,0.0
753.0,0.0,19.0,64.0,1.0,0.0,0.0,503.0,97.0,0.0
591.0,0.0,7.0,53.0,2.0,0.0,0.0,366.0,85.0,0.0
826.0,1.0,19.0,64.0,1.0,0.0,0.0,562.0,95.0,0.0
519.0,0.0,6.0,34.0,1.0,0.0,0.0,332.0,70.0,0.0
489.0,0.0,6.0,32.0,1.0,0.0,0.0,328.0,46.0,0.0
623.0,0.0,11.0,51.0,1.0,0.0,0.0,421.0,66.0,0.0
643.0,1.0,11.0,45.0,1.0,0.0,0.0,439.0,62.0,0.0
489.0,0.0,6.0,32.0,1.0,0.0,0.0,325.0,49.0,0.0
826.0,0.0,19.0,63.0,1.0,0.0,0.0,563.0,94.0,0.0
631.0,1.0,11.0,43.0,1.0,0.0,0.0,445.0,47.0,0.0
499.0,0.0,6.0,33.0,1.0,0.0,0.0,331.0,52.0,0.0
581.0,1.0,7.0,36.0,1.0,0.0,0.0,400.0,49.0,0.0
576.0,0.0,11.0,46.0,1.0,0.0,0.0,387.0,57.0,0.0
763.0,0.0,19.0,61.0,1.0,0.0,0.0,521.0,91.0,0.0
638.0,1.0,11.0,43.0,1.0,0.0,0.0,441.0,58.0,0.0
829.0,1.0,19.0,67.0,1.0,0.0,0.0,563.0,95.0,0.0
502.0,0.0,6.0,32.0,1.0,0.0,0.0,337.0,47.0,0.0
736.0,0.0,19.0,62.0,1.0,0.0,0.0,491.0,93.0,0.0
542.0,0.0,7.0,45.0,4.0,0.0,0.0,347.0,63.0,0.0
484.0,0.0,6.0,31.0,1.0,0.0,0.0,321.0,49.0,0.0
767.0,0.0,19.0,63.0,1.0,0.0,0.0,517.0,96.0,0.0
608.0,1.0,9.0,39.0,2.0,0.0,0.0,418.0,52.0,0.0
763.0,0.0,19.0,65.0,1.0,0.0,0.0,521.0,88.0,0.0
842.0,1.0,19.0,62.0,1.0,0.0,0.0,576.0,98.0,0.0
712.0,1.0,11.0,64.0,2.0,0.0,0.0,449.0,100.0,0.0
557.0,0.0,9.0,44.0,2.0,0.0,0.0,360.0,68.0,0.0
504.0,0.0,6.0,33.0,1.0,0.0,0.0,338.0,50.0,0.0
634.0,0.0,11.0,61.0,2.0,0.0,0.0,406.0,81.0,0.0
761.0,0.0,19.0,63.0,1.0,0.0,0.0,525.0,82.0,0.0
836.0,1.0,19.0,66.0,1.0,0.0,0.0,567.0,98.0,0.0
565.0,0.0,11.0,44.0,1.0,0.0,0.0,382.0,56.0,0.0
638.0,1.0,11.0,44.0,1.0,0.0,0.0,440.0,58.0,0.0
544.0,0.0,9.0,40.0,2.0,0.0,0.0,365.0,54.0,0.0
818.0,1.0,19.0,66.0,1.0,0.0,0.0,552.0,98.0,0.0
510.0,0.0,6.0,33.0,1.0,0.0,0.0,340.0,51.0,0.0
752.0,0.0,19.0,63.0,1.0,0.0,0.0,506.0,91.0,0.0
756.0,0.0,19.0,64.0,1.0,0.0,0.0,514.0,89.0,0.0
518.0,0.0,7.0,35.0,1.0,0.0,0.0,341.0,58.0,0.0
827.0,1.0,19.0,61.0,1.0,0.0,0.0,569.0,93.0,0.0
609.0,1.0,9.0,40.0,2.0,0.0,0.0,417.0,56.0,0.0
835.0,1.0,19.0,66.0,1.0,0.0,0.0,567.0,97.0,0.0
534.0,0.0,7.0,36.0,2.0,0.0,0.0,358.0,54.0,0.0
575.0,0.0,7.0,45.0,1.0,0.0,0.0,365.0,82.0,0.0
572.0,0.0,11.0,46.0,1.0,0.0,0.0,387.0,55.0,0.0
632.0,1.0,11.0,43.0,1.0,0.0,0.0,443.0,50.0,0.0
836.0,0.0,19.0,73.0,1.0,0.0,0.0,560.0,112.0,0.0
650.0,1.0,7.0,50.0,2.0,0.0,0.0,418.0,82.0,0.0
609.0,0.0,11.0,47.0,1.0,0.0,0.0,391.0,86.0,0.0
500.0,0.0,6.0,33.0,1.0,0.0,0.0,333.0,51.0,0.0
595.0,1.0,7.0,36.0,1.0,0.0,0.0,404.0,57.0,0.0
817.0,1.0,19.0,63.0,1.0,0.0,0.0,562.0,89.0,0.0
743.0,0.0,19.0,63.0,1.0,0.0,0.0,497.0,92.0,0.0
506.0,0.0,6.0,34.0,1.0,0.0,0.0,336.0,51.0,0.0
791.0,0.0,19.0,64.0,1.0,0.0,0.0,546.0,84.0,0.0
621.0,0.0,11.0,59.0,2.0,0.0,0.0,392.0,82.0,0.0
629.0,0.0,11.0,56.0,4.0,0.0,0.0,410.0,72.0,0.0
631.0,1.0,7.0,44.0,3.0,0.0,0.0,424.0,62.0,0.0
841.0,1.0,19.0,67.0,1.0,0.0,0.0,573.0,97.0,0.0
826.0,1.0,19.0,62.0,1.0,0.0,0.0,571.0,87.0,0.0
564.0,0.0,7.0,45.0,1.0,0.0,0.0,369.0,67.0,0.0
509.0,0.0,6.0,34.0,1.0,0.0,0.0,343.0,48.0,0.0
818.0,0.0,19.0,62.0,1.0,0.0,0.0,564.0,90.0,0.0
569.0,0.0,11.0,43.0,1.0,0.0,0.0,392.0,50.0,0.0
514.0,0.0,7.0,35.0,1.0,0.0,0.0,353.0,43.0,0.0
532.0,0.0,6.0,35.0,1.0,0.0,0.0,343.0,70.0,0.0
827.0,1.0,19.0,62.0,1.0,0.0,0.0,569.0,91.0,0.0
506.0,0.0,7.0,36.0,1.0,0.0,0.0,331.0,56.0,0.0
587.0,0.0,7.0,56.0,2.0,0.0,0.0,351.0,94.0,0.0
671.0,1.0,9.0,44.0,2.0,0.0,0.0,439.0,89.0,0.0
642.0,1.0,11.0,45.0,1.0,0.0,0.0,438.0,60.0,0.0
1010.0,1.0,19.0,82.0,1.0,1.0,0.0,696.0,119.0,0.0
504.0,0.0,6.0,33.0,1.0,0.0,0.0,340.0,48.0,0.0
766.0,0.0,19.0,64.0,1.0,0.0,0.0,520.0,91.0,0.0
578.0,0.0,11.0,47.0,1.0,0.0,0.0,381.0,64.0,0.0
607.0,1.0,7.0,36.0,2.0,0.0,0.0,420.0,51.0,0.0
762.0,0.0,19.0,62.0,1.0,0.0,0.0,527.0,84.0,0.0
514.0,0.0,6.0,34.0,1.0,0.0,0.0,345.0,50.0,0.0
502.0,0.0,6.0,34.0,1.0,0.0,0.0,334.0,50.0,0.0
618.0,0.0,9.0,60.0,2.0,0.0,0.0,379.0,91.0,0.0
601.0,1.0,9.0,40.0,2.0,0.0,0.0,407.0,58.0,0.0
501.0,0.0,6.0,33.0,1.0,0.0,0.0,333.0,48.0,0.0
567.0,0.0,11.0,44.0,1.0,0.0,0.0,382.0,58.0,0.0
811.0,1.0,19.0,61.0,1.0,0.0,0.0,560.0,88.0,0.0
630.0,1.0,11.0,43.0,1.0,0.0,0.0,431.0,60.0,0.0
491.0,0.0,6.0,33.0,1.0,0.0,0.0,327.0,48.0,0.0
837.0,1.0,19.0,64.0,1.0,0.0,0.0,577.0,92.0,0.0
500.0,0.0,6.0,31.0,1.0,0.0,0.0,318.0,67.0,0.0
528.0,0.0,6.0,35.0,1.0,0.0,0.0,358.0,51.0,0.0
554.0,0.0,9.0,40.0,2.0,0.0,0.0,371.0,59.0,0.0
636.0,1.0,11.0,43.0,1.0,0.0,0.0,444.0,52.0,0.0
872.0,1.0,19.0,70.0,1.0,0.0,0.0,576.0,123.0,0.0
567.0,0.0,11.0,44.0,1.0,0.0,0.0,379.0,61.0,0.0
625.0,1.0,7.0,45.0,4.0,0.0,0.0,412.0,67.0,0.0
610.0,1.0,9.0,40.0,2.0,0.0,0.0,417.0,55.0,0.0
840.0,1.0,19.0,62.0,1.0,0.0,0.0,587.0,87.0,0.0
477.0,0.0,6.0,31.0,1.0,0.0,0.0,313.0,50.0,0.0
509.0,0.0,6.0,34.0,1.0,0.0,0.0,335.0,55.0,0.0
500.0,0.0,6.0,32.0,1.0,0.0,0.0,320.0,66.0,0.0
613.0,0.0,7.0,46.0,1.0,0.0,0.0,422.0,58.0,0.0
760.0,0.0,19.0,63.0,1.0,0.0,0.0,519.0,89.0,0.0
618.0,0.0,11.0,49.0,1.0,0.0,0.0,394.0,89.0,0.0
526.0,0.0,7.0,36.0,1.0,0.0,0.0,357.0,49.0,0.0
576.0,0.0,11.0,46.0,1.0,0.0,0.0,387.0,60.0,0.0
794.0,0.0,19.0,73.0,2.0,0.0,0.0,517.0,110.0,0.0
640.0,1.0,11.0,44.0,1.0,0.0,0.0,433.0,64.0,0.0
516.0,0.0,6.0,33.0,1.0,0.0,0.0,326.0,73.0,0.0
581.0,0.0,9.0,42.0,2.0,0.0,0.0,384.0,71.0,0.0
836.0,0.0,19.0,68.0,3.0,0.0,0.0,565.0,100.0,0.0
718.0,1.0,11.0,55.0,1.0,0.0,0.0,483.0,84.0,0.0
687.0,1.0,11.0,56.0,4.0,0.0,0.0,451.0,77.0,0.0
693.0,1.0,11.0,53.0,3.0,0.0,0.0,466.0,70.0,0.0
778.0,0.0,19.0,65.0,1.0,0.0,0.0,524.0,94.0,0.0
740.0,0.0,19.0,62.0,1.0,0.0,0.0,500.0,89.0,0.0
497.0,0.0,6.0,33.0,1.0,0.0,0.0,331.0,51.0,0.0
513.0,0.0,6.0,33.0,1.0,0.0,0.0,326.0,71.0,0.0
583.0,0.0,11.0,48.0,1.0,0.0,0.0,383.0,66.0,0.0
819.0,1.0,19.0,62.0,1.0,0.0,0.0,560.0,93.0,0.0
827.0,1.0,19.0,64.0,1.0,0.0,0.0,564.0,96.0,0.0
894.0,1.0,19.0,68.0,3.0,0.0,0.0,618.0,94.0,0.0
806.0,1.0,19.0,62.0,1.0,0.0,0.0,553.0,91.0,0.0
624.0,1.0,9.0,44.0,2.0,0.0,0.0,417.0,65.0,0.0
678.0,1.0,11.0,46.0,1.0,0.0,0.0,459.0,76.0,0.0
740.0,0.0,19.0,66.0,1.0,0.0,0.0,492.0,94.0,0.0
623.0,1.0,11.0,44.0,1.0,0.0,0.0,415.0,67.0,0.0
564.0,0.0,11.0,43.0,1.0,0.0,0.0,384.0,53.0,0.0
485.0,0.0,6.0,31.0,1.0,0.0,0.0,320.0,51.0,0.0
759.0,0.0,19.0,65.0,1.0,0.0,0.0,509.0,94.0,0.0
593.0,0.0,9.0,43.0,2.0,0.0,0.0,380.0,86.0,0.0
534.0,0.0,7.0,35.0,1.0,0.0,0.0,362.0,53.0,0.0
531.0,0.0,6.0,35.0,1.0,0.0,0.0,363.0,46.0,0.0
845.0,0.0,19.0,61.0,1.0,0.0,0.0,585.0,95.0,0.0
683.0,1.0,7.0,43.0,1.0,0.0,0.0,460.0,81.0,0.0
803.0,1.0,19.0,60.0,1.0,0.0,0.0,548.0,95.0,0.0
771.0,0.0,19.0,64.0,1.0,0.0,0.0,527.0,89.0,0.0
611.0,1.0,9.0,39.0,2.0,0.0,0.0,412.0,62.0,0.0
770.0,0.0,19.0,64.0,1.0,0.0,0.0,517.0,95.0,0.0
629.0,0.0,11.0,51.0,1.0,0.0,0.0,427.0,65.0,0.0
768.0,0.0,19.0,61.0,1.0,0.0,0.0,533.0,84.0,0.0
847.0,0.0,19.0,78.0,1.0,0.0,0.0,549.0,133.0,0.0
639.0,1.0,11.0,45.0,1.0,0.0,0.0,441.0,57.0,0.0
817.0,1.0,19.0,61.0,1.0,0.0,0.0,559.0,94.0,0.0
647.0,0.0,11.0,52.0,1.0,0.0,0.0,422.0,85.0,0.0
659.0,1.0,9.0,49.0,2.0,0.0,0.0,444.0,68.0,0.0
638.0,1.0,11.0,43.0,1.0,0.0,0.0,445.0,54.0,0.0
584.0,0.0,11.0,45.0,1.0,0.0,0.0,399.0,56.0,0.0
775.0,0.0,19.0,63.0,1.0,0.0,0.0,531.0,88.0,0.0
486.0,0.0,6.0,32.0,1.0,0.0,0.0,324.0,48.0,0.0
638.0,1.0,11.0,43.0,1.0,0.0,0.0,435.0,64.0,0.0
548.0,0.0,7.0,45.0,4.0,0.0,0.0,351.0,65.0,0.0
521.0,0.0,6.0,34.0,1.0,0.0,0.0,329.0,75.0,0.0
666.0,1.0,7.0,43.0,1.0,0.0,0.0,458.0,66.0,0.0
540.0,0.0,9.0,40.0,2.0,0.0,0.0,364.0,53.0,0.0
698.0,0.0,9.0,57.0,2.0,1.0,0.0,471.0,78.0,0.0
751.0,0.0,19.0,62.0,1.0,0.0,0.0,510.0,91.0,0.0
689.0,1.0,11.0,47.0,1.0,0.0,0.0,455.0,87.0,0.0
721.0,1.0,11.0,55.0,1.0,0.0,0.0,489.0,80.0,0.0
491.0,0.0,6.0,31.0,1.0,0.0,0.0,328.0,46.0,0.0
804.0,1.0,19.0,64.0,1.0,0.0,0.0,548.0,92.0,0.0
837.0,1.0,19.0,63.0,1.0,0.0,0.0,575.0,91.0,0.0
498.0,0.0,6.0,32.0,1.0,0.0,0.0,330.0,51.0,0.0
880.0,1.0,19.0,70.0,1.0,0.0,0.0,575.0,133.0,0.0
591.0,1.0,7.0,36.0,1.0,0.0,0.0,402.0,56.0,0.0
1278.0,0.0,19.0,170.0,1.0,0.0,0.0,537.0,481.0,0.0
503.0,0.0,6.0,33.0,1.0,0.0,0.0,331.0,53.0,0.0
518.0,0.0,6.0,35.0,1.0,0.0,0.0,348.0,49.0,0.0
895.0,1.0,19.0,66.0,3.0,0.0,0.0,618.0,96.0,0.0
645.0,1.0,11.0,46.0,1.0,0.0,0.0,444.0,59.0,0.0
640.0,1.0,11.0,43.0,1.0,0.0,0.0,449.0,52.0,0.0
604.0,0.0,9.0,52.0,5.0,0.0,0.0,389.0,70.0,0.0
720.0,1.0,11.0,56.0,1.0,0.0,0.0,483.0,82.0,0.0
491.0,0.0,6.0,33.0,1.0,0.0,0.0,324.0,51.0,0.0
931.0,0.0,19.0,82.0,1.0,1.0,0.0,631.0,118.0,0.0
602.0,0.0,9.0,57.0,3.0,0.0,0.0,368.0,91.0,0.0
1067.0,0.0,7.0,144.0,1.0,0.0,0.0,389.0,449.0,0.0
527.0,0.0,6.0,34.0,1.0,0.0,0.0,343.0,65.0,0.0
811.0,0.0,19.0,63.0,1.0,0.0,0.0,556.0,90.0,0.0
737.0,0.0,19.0,62.0,1.0,0.0,0.0,501.0,87.0,0.0
577.0,0.0,11.0,45.0,1.0,0.0,0.0,383.0,66.0,0.0
565.0,0.0,11.0,43.0,1.0,0.0,0.0,379.0,59.0,0.0
852.0,1.0,19.0,67.0,1.0,0.0,0.0,577.0,105.0,0.0
638.0,1.0,11.0,43.0,1.0,0.0,0.0,442.0,57.0,0.0
641.0,1.0,11.0,44.0,1.0,0.0,0.0,445.0,55.0,0.0
801.0,0.0,19.0,62.0,1.0,0.0,0.0,546.0,94.0,0.0
760.0,0.0,19.0,63.0,1.0,0.0,0.0,516.0,89.0,0.0
741.0,0.0,11.0,62.0,1.0,1.0,0.0,493.0,91.0,0.0
677.0,1.0,9.0,57.0,3.0,0.0,0.0,437.0,84.0,0.0
631.0,0.0,11.0,62.0,2.0,0.0,0.0,390.0,91.0,0.0
500.0,0.0,6.0,31.0,1.0,0.0,0.0,323.0,62.0,0.0
576.0,0.0,11.0,46.0,1.0,0.0,0.0,389.0,55.0,0.0
757.0,0.0,19.0,63.0,1.0,0.0,0.0,514.0,88.0,0.0
499.0,0.0,6.0,33.0,1.0,0.0,0.0,338.0,44.0,0.0
539.0,0.0,9.0,40.0,1.0,0.0,0.0,349.0,65.0,0.0
679.0,1.0,11.0,52.0,2.0,0.0,0.0,452.0,76.0,0.0
513.0,0.0,7.0,35.0,1.0,0.0,0.0,342.0,52.0,0.0
566.0,0.0,11.0,44.0,1.0,0.0,0.0,389.0,50.0,0.0
607.0,0.0,9.0,57.0,3.0,0.0,0.0,381.0,83.0,0.0
633.0,1.0,7.0,40.0,1.0,0.0,0.0,411.0,85.0,0.0
608.0,0.0,11.0,52.0,2.0,0.0,0.0,394.0,73.0,0.0
575.0,0.0,11.0,46.0,1.0,0.0,0.0,382.0,60.0,0.0
703.0,1.0,11.0,50.0,1.0,0.0,0.0,459.0,94.0,0.0
638.0,1.0,11.0,46.0,1.0,0.0,0.0,436.0,60.0,0.0
571.0,0.0,11.0,44.0,1.0,0.0,0.0,391.0,53.0,0.0
486.0,0.0,6.0,31.0,1.0,0.0,0.0,321.0,51.0,0.0
819.0,1.0,19.0,62.0,1.0,0.0,0.0,563.0,90.0,0.0
843.0,1.0,19.0,65.0,1.0,0.0,0.0,572.0,99.0,0.0
1168.0,1.0,9.0,148.0,1.0,0.0,0.0,469.0,451.0,0.0
838.0,1.0,19.0,63.0,1.0,0.0,0.0,575.0,96.0,0.0
567.0,0.0,11.0,43.0,1.0,0.0,0.0,384.0,57.0,0.0
675.0,1.0,7.0,45.0,1.0,0.0,0.0,447.0,86.0,0.0
871.0,1.0,19.0,68.0,1.0,0.0,0.0,571.0,131.0,0.0
881.0,1.0,19.0,74.0,4.0,0.0,0.0,583.0,114.0,0.0
492.0,0.0,6.0,31.0,1.0,0.0,0.0,312.0,67.0,0.0
747.0,0.0,19.0,61.0,1.0,0.0,0.0,506.0,91.0,0.0
775.0,0.0,19.0,71.0,2.0,0.0,0.0,500.0,113.0,0.0
788.0,0.0,19.0,74.0,4.0,0.0,0.0,520.0,99.0,0.0
752.0,0.0,19.0,61.0,1.0,0.0,0.0,518.0,80.0,0.0
518.0,0.0,6.0,35.0,1.0,0.0,0.0,345.0,52.0,0.0
751.0,0.0,19.0,62.0,1.0,0.0,0.0,509.0,90.0,0.0
842.0,1.0,19.0,61.0,1.0,0.0,0.0,585.0,92.0,0.0
565.0,0.0,11.0,44.0,1.0,0.0,0.0,387.0,51.0,0.0
825.0,1.0,19.0,62.0,1.0,0.0,0.0,556.0,103.0,0.0
836.0,1.0,19.0,66.0,1.0,0.0,0.0,569.0,97.0,0.0
640.0,1.0,11.0,44.0,1.0,0.0,0.0,443.0,57.0,0.0
827.0,1.0,19.0,62.0,1.0,0.0,0.0,573.0,90.0,0.0
749.0,0.0,19.0,62.0,1.0,0.0,0.0,512.0,86.0,0.0
607.0,0.0,9.0,45.0,2.0,0.0,0.0,391.0,85.0,0.0
763.0,0.0,19.0,63.0,1.0,0.0,0.0,520.0,88.0,0.0
618.0,0.0,11.0,55.0,2.0,0.0,0.0,399.0,75.0,0.0
755.0,0.0,19.0,64.0,1.0,0.0,0.0,512.0,88.0,0.0
516.0,0.0,6.0,33.0,1.0,0.0,0.0,330.0,69.0,0.0
570.0,0.0,11.0,44.0,1.0,0.0,0.0,393.0,49.0,0.0
779.0,0.0,19.0,64.0,1.0,0.0,0.0,533.0,85.0,0.0
845.0,1.0,19.0,65.0,1.0,0.0,0.0,574.0,97.0,0.0
862.0,1.0,19.0,62.0,1.0,0.0,0.0,600.0,93.0,0.0
575.0,0.0,7.0,41.0,1.0,0.0,0.0,364.0,86.0,0.0
568.0,0.0,11.0,44.0,1.0,0.0,0.0,394.0,47.0,0.0
736.0,0.0,19.0,63.0,1.0,0.0,0.0,492.0,92.0,0.0
828.0,1.0,19.0,63.0,1.0,0.0,0.0,571.0,88.0,0.0
850.0,1.0,19.0,65.0,1.0,0.0,0.0,583.0,95.0,0.0
572.0,0.0,11.0,45.0,1.0,0.0,0.0,391.0,53.0,0.0
502.0,0.0,6.0,33.0,1.0,0.0,0.0,332.0,54.0,0.0
815.0,1.0,19.0,64.0,1.0,0.0,0.0,560.0,91.0,0.0
551.0,0.0,9.0,40.0,2.0,0.0,0.0,370.0,55.0,0.0
820.0,1.0,19.0,63.0,1.0,0.0,0.0,567.0,87.0,0.0
624.0,0.0,11.0,51.0,1.0,0.0,0.0,397.0,91.0,0.0
739.0,1.0,11.0,57.0,1.0,0.0,0.0,487.0,99.0,0.0
634.0,1.0,11.0,45.0,1.0,0.0,0.0,439.0,54.0,0.0
831.0,1.0,19.0,64.0,1.0,0.0,0.0,574.0,89.0,0.0
695.0,1.0,11.0,53.0,1.0,0.0,0.0,449.0,96.0,0.0
741.0,0.0,19.0,63.0,1.0,0.0,0.0,495.0,93.0,0.0
579.0,0.0,7.0,35.0,1.0,0.0,0.0,401.0,48.0,0.0
476.0,0.0,6.0,30.0,1.0,0.0,0.0,307.0,56.0,0.0
504.0,0.0,6.0,34.0,1.0,0.0,0.0,339.0,47.0,0.0
569.0,0.0,11.0,47.0,1.0,0.0,0.0,376.0,63.0,0.0
740.0,0.0,19.0,63.0,1.0,0.0,0.0,498.0,90.0,0.0
764.0,0.0,19.0,63.0,1.0,0.0,0.0,520.0,89.0,0.0
692.0,1.0,9.0,47.0,2.0,0.0,0.0,459.0,86.0,0.0
815.0,0.0,19.0,69.0,1.0,0.0,0.0,543.0,113.0,0.0
688.0,1.0,11.0,56.0,4.0,0.0,0.0,456.0,71.0,0.0
835.0,1.0,19.0,62.0,1.0,0.0,0.0,572.0,94.0,0.0
743.0,0.0,19.0,63.0,1.0,0.0,0.0,501.0,92.0,0.0
838.0,1.0,19.0,63.0,1.0,0.0,0.0,577.0,93.0,0.0
747.0,0.0,19.0,65.0,1.0,0.0,0.0,490.0,99.0,0.0
824.0,1.0,19.0,63.0,1.0,0.0,0.0,566.0,94.0,0.0
741.0,1.0,11.0,57.0,1.0,0.0,0.0,488.0,100.0,0.0
503.0,0.0,6.0,33.0,1.0,0.0,0.0,339.0,48.0,0.0
828.0,1.0,19.0,70.0,4.0,0.0,0.0,560.0,95.0,0.0
642.0,1.0,7.0,39.0,1.0,0.0,0.0,420.0,85.0,0.0
589.0,1.0,7.0,36.0,1.0,0.0,0.0,398.0,58.0,0.0
505.0,0.0,6.0,34.0,1.0,0.0,0.0,340.0,47.0,0.0
643.0,1.0,11.0,45.0,1.0,0.0,0.0,437.0,62.0,0.0
649.0,0.0,11.0,51.0,3.0,0.0,0.0,436.0,64.0,0.0
654.0,1.0,11.0,45.0,1.0,0.0,0.0,444.0,65.0,0.0
745.0,0.0,19.0,62.0,1.0,0.0,0.0,505.0,89.0,0.0
509.0,0.0,6.0,34.0,1.0,0.0,0.0,338.0,51.0,0.0
576.0,0.0,11.0,46.0,1.0,0.0,0.0,388.0,56.0,0.0
746.0,0.0,19.0,61.0,1.0,0.0,0.0,504.0,92.0,0.0
531.0,0.0,6.0,35.0,1.0,0.0,0.0,362.0,47.0,0.0
829.0,1.0,19.0,61.0,1.0,0.0,0.0,577.0,90.0,0.0
486.0,0.0,6.0,32.0,1.0,0.0,0.0,327.0,45.0,0.0
608.0,0.0,11.0,55.0,1.0,0.0,0.0,396.0,73.0,0.0
708.0,1.0,11.0,48.0,3.0,0.0,0.0,488.0,64.0,0.0
658.0,1.0,7.0,45.0,1.0,0.0,0.0,420.0,96.0,0.0
851.0,1.0,19.0,65.0,2.0,0.0,0.0,588.0,92.0,0.0
797.0,0.0,19.0,62.0,1.0,0.0,0.0,531.0,102.0,0.0
503.0,0.0,6.0,33.0,1.0,0.0,0.0,329.0,57.0,0.0
514.0,0.0,6.0,35.0,1.0,0.0,0.0,344.0,49.0,0.0
562.0,0.0,7.0,44.0,3.0,0.0,0.0,367.0,63.0,0.0
814.0,1.0,19.0,63.0,1.0,0.0,0.0,559.0,91.0,0.0
522.0,0.0,6.0,34.0,1.0,0.0,0.0,333.0,71.0,0.0
491.0,0.0,6.0,31.0,1.0,0.0,0.0,333.0,41.0,0.0
638.0,1.0,11.0,44.0,1.0,0.0,0.0,439.0,56.0,0.0
493.0,0.0,6.0,31.0,1.0,0.0,0.0,310.0,69.0,0.0
538.0,0.0,7.0,36.0,1.0,0.0,0.0,370.0,48.0,0.0
652.0,1.0,7.0,48.0,4.0,0.0,0.0,431.0,68.0,0.0
594.0,1.0,7.0,40.0,1.0,0.0,0.0,396.0,60.0,0.0
512.0,0.0,6.0,35.0,1.0,0.0,0.0,346.0,48.0,0.0
530.0,0.0,7.0,36.0,1.0,0.0,0.0,362.0,48.0,0.0
833.0,1.0,19.0,64.0,1.0,0.0,0.0,560.0,101.0,0.0
734.0,0.0,19.0,63.0,1.0,0.0,0.0,482.0,99.0,0.0
674.0,1.0,11.0,52.0,2.0,0.0,0.0,454.0,69.0,0.0
570.0,0.0,11.0,43.0,1.0,0.0,0.0,395.0,49.0,0.0
797.0,0.0,19.0,74.0,4.0,0.0,0.0,533.0,94.0,0.0
822.0,0.0,19.0,62.0,1.0,0.0,0.0,562.0,98.0,0.0
505.0,0.0,6.0,34.0,1.0,0.0,0.0,334.0,53.0,0.0
748.0,0.0,19.0,64.0,1.0,0.0,0.0,507.0,86.0,0.0
746.0,0.0,19.0,63.0,1.0,0.0,0.0,503.0,92.0,0.0
494.0,0.0,6.0,32.0,1.0,0.0,0.0,330.0,48.0,0.0
766.0,0.0,19.0,66.0,1.0,0.0,0.0,516.0,93.0,0.0
632.0,1.0,11.0,43.0,1.0,0.0,0.0,438.0,55.0,0.0
761.0,0.0,19.0,67.0,1.0,0.0,0.0,513.0,91.0,0.0
639.0,1.0,11.0,45.0,1.0,0.0,0.0,433.0,62.0,0.0
628.0,1.0,11.0,43.0,1.0,0.0,0.0,439.0,50.0,0.0
635.0,1.0,11.0,44.0,1.0,0.0,0.0,439.0,56.0,0.0
752.0,0.0,19.0,63.0,1.0,0.0,0.0,508.0,90.0,0.0
832.0,1.0,19.0,66.0,1.0,0.0,0.0,564.0,100.0,0.0
660.0,1.0,7.0,53.0,2.0,0.0,0.0,423.0,84.0,0.0
821.0,1.0,19.0,63.0,1.0,0.0,0.0,563.0,92.0,0.0
567.0,0.0,11.0,44.0,1.0,0.0,0.0,396.0,44.0,0.0
779.0,0.0,19.0,64.0,1.0,0.0,0.0,534.0,89.0,0.0
642.0,1.0,11.0,45.0,1.0,0.0,0.0,442.0,54.0,0.0
853.0,1.0,19.0,61.0,1.0,0.0,0.0,595.0,90.0,0.0
821.0,1.0,19.0,63.0,1.0,0.0,0.0,554.0,101.0,0.0
616.0,1.0,7.0,44.0,2.0,0.0,0.0,405.0,68.0,0.0
848.0,1.0,19.0,64.0,1.0,0.0,0.0,592.0,87.0,0.0
764.0,0.0,19.0,68.0,1.0,0.0,0.0,511.0,95.0,0.0
758.0,0.0,19.0,64.0,1.0,0.0,0.0,514.0,90.0,0.0
540.0,0.0,9.0,40.0,2.0,0.0,0.0,361.0,56.0,0.0
612.0,0.0,11.0,55.0,4.0,0.0,0.0,402.0,67.0,0.0
487.0,0.0,6.0,32.0,1.0,0.0,0.0,327.0,46.0,0.0
752.0,0.0,19.0,64.0,1.0,0.0,0.0,514.0,84.0,0.0
629.0,1.0,11.0,44.0,1.0,0.0,0.0,433.0,56.0,0.0
561.0,0.0,7.0,38.0,1.0,0.0,0.0,364.0,75.0,0.0
603.0,1.0,9.0,39.0,2.0,0.0,0.0,412.0,55.0,0.0
598.0,1.0,7.0,39.0,1.0,0.0,0.0,404.0,59.0,0.0
622.0,0.0,7.0,49.0,1.0,0.0,0.0,387.0,103.0,0.0
824.0,1.0,19.0,62.0,1.0,0.0,0.0,572.0,87.0,0.0
824.0,1.0,19.0,63.0,1.0,0.0,0.0,566.0,91.0,0.0
601.0,1.0,9.0,40.0,1.0,0.0,0.0,403.0,62.0,0.0
833.0,1.0,19.0,61.0,1.0,0.0,0.0,575.0,93.0,0.0
571.0,0.0,11.0,46.0,1.0,0.0,0.0,382.0,60.0,0.0
515.0,0.0,6.0,34.0,1.0,0.0,0.0,345.0,51.0,0.0
764.0,0.0,19.0,64.0,1.0,0.0,0.0,516.0,94.0,0.0
639.0,1.0,11.0,45.0,1.0,0.0,0.0,436.0,59.0,0.0
906.0,1.0,19.0,75.0,1.0,0.0,0.0,615.0,114.0,0.0
643.0,1.0,11.0,45.0,1.0,0.0,0.0,442.0,57.0,0.0
604.0,0.0,11.0,54.0,4.0,0.0,0.0,398.0,65.0,0.0
746.0,0.0,19.0,62.0,1.0,0.0,0.0,503.0,92.0,0.0
912.0,1.0,19.0,83.0,2.0,0.0,0.0,585.0,135.0,0.0
838.0,1.0,19.0,64.0,1.0,0.0,0.0,582.0,86.0,0.0
765.0,0.0,19.0,66.0,1.0,0.0,0.0,529.0,78.0,0.0
742.0,0.0,19.0,64.0,1.0,0.0,0.0,507.0,82.0,0.0
637.0,1.0,11.0,43.0,1.0,0.0,0.0,441.0,56.0,0.0
833.0,1.0,19.0,60.0,1.0,0.0,0.0,574.0,94.0,0.0
637.0,1.0,11.0,43.0,1.0,0.0,0.0,437.0,61.0,0.0
640.0,1.0,11.0,44.0,1.0,0.0,0.0,441.0,56.0,0.0
534.0,0.0,6.0,34.0,1.0,0.0,0.0,370.0,47.0,0.0
1208.0,1.0,11.0,155.0,1.0,0.0,0.0,500.0,452.0,0.0
823.0,1.0,19.0,61.0,1.0,0.0,0.0,571.0,89.0,0.0
528.0,0.0,6.0,34.0,1.0,0.0,0.0,357.0,54.0,0.0
642.0,0.0,11.0,46.0,1.0,0.0,0.0,435.0,63.0,0.0
752.0,0.0,19.0,62.0,1.0,0.0,0.0,509.0,93.0,0.0
816.0,1.0,19.0,65.0,1.0,0.0,0.0,556.0,94.0,0.0
566.0,0.0,11.0,44.0,1.0,0.0,0.0,375.0,63.0,0.0
819.0,0.0,19.0,82.0,2.0,0.0,0.0,522.0,122.0,0.0
498.0,0.0,6.0,33.0,1.0,0.0,0.0,341.0,41.0,0.0
610.0,1.0,9.0,40.0,2.0,0.0,0.0,419.0,55.0,0.0
756.0,0.0,19.0,61.0,1.0,0.0,0.0,516.0,88.0,0.0
703.0,1.0,11.0,62.0,2.0,0.0,0.0,449.0,93.0,0.0
499.0,0.0,6.0,32.0,1.0,0.0,0.0,329.0,53.0,0.0
752.0,0.0,19.0,62.0,1.0,0.0,0.0,510.0,87.0,0.0
836.0,1.0,19.0,63.0,1.0,0.0,0.0,581.0,88.0,0.0
597.0,0.0,7.0,43.0,1.0,0.0,0.0,407.0,61.0,0.0
679.0,0.0,7.0,53.0,1.0,1.0,0.0,452.0,82.0,0.0
835.0,1.0,19.0,63.0,1.0,0.0,0.0,572.0,95.0,0.0
491.0,0.0,6.0,32.0,1.0,0.0,0.0,324.0,52.0,0.0
561.0,0.0,11.0,43.0,1.0,0.0,0.0,384.0,51.0,0.0
861.0,1.0,19.0,65.0,1.0,0.0,0.0,597.0,94.0,0.0
703.0,1.0,11.0,50.0,1.0,0.0,0.0,456.0,97.0,0.0
874.0,1.0,19.0,74.0,4.0,0.0,0.0,585.0,108.0,0.0
739.0,0.0,19.0,61.0,1.0,0.0,0.0,506.0,83.0,0.0
489.0,0.0,6.0,33.0,1.0,0.0,0.0,324.0,50.0,0.0
573.0,0.0,7.0,39.0,1.0,0.0,0.0,371.0,78.0,0.0
742.0,0.0,19.0,61.0,1.0,0.0,0.0,495.0,93.0,0.0
811.0,1.0,19.0,61.0,1.0,0.0,0.0,562.0,85.0,0.0
802.0,1.0,19.0,63.0,1.0,0.0,0.0,544.0,95.0,0.0
526.0,0.0,6.0,34.0,1.0,0.0,0.0,341.0,66.0,0.0
496.0,0.0,6.0,33.0,1.0,0.0,0.0,334.0,47.0,0.0
687.0,1.0,7.0,56.0,2.0,0.0,0.0,443.0,88.0,0.0
733.0,0.0,19.0,61.0,1.0,0.0,0.0,490.0,92.0,0.0
563.0,0.0,11.0,45.0,1.0,0.0,0.0,376.0,57.0,0.0
629.0,1.0,11.0,44.0,1.0,0.0,0.0,428.0,61.0,0.0
645.0,1.0,7.0,43.0,1.0,0.0,0.0,442.0,62.0,0.0
576.0,0.0,11.0,46.0,1.0,0.0,0.0,380.0,67.0,0.0
828.0,1.0,19.0,63.0,1.0,0.0,0.0,569.0,89.0,0.0
698.0,0.0,9.0,57.0,2.0,1.0,0.0,469.0,80.0,0.0
748.0,0.0,19.0,63.0,1.0,0.0,0.0,507.0,90.0,0.0
689.0,1.0,11.0,48.0,1.0,0.0,0.0,458.0,85.0,0.0
770.0,0.0,19.0,63.0,1.0,0.0,0.0,520.0,95.0,0.0
807.0,1.0,19.0,61.0,1.0,0.0,0.0,548.0,94.0,0.0
909.0,1.0,19.0,75.0,1.0,0.0,0.0,608.0,121.0,0.0
697.0,1.0,9.0,51.0,2.0,0.0,0.0,465.0,83.0,0.0
538.0,0.0,7.0,36.0,1.0,0.0,0.0,363.0,55.0,0.0
644.0,1.0,11.0,45.0,1.0,0.0,0.0,439.0,61.0,0.0
752.0,0.0,19.0,62.0,1.0,0.0,0.0,511.0,89.0,0.0
1205.0,1.0,11.0,153.0,1.0,0.0,0.0,497.0,454.0,0.0
760.0,0.0,19.0,63.0,1.0,0.0,0.0,512.0,94.0,0.0
733.0,0.0,19.0,62.0,1.0,0.0,0.0,496.0,85.0,0.0
617.0,0.0,11.0,55.0,2.0,0.0,0.0,399.0,74.0,0.0
497.0,0.0,6.0,33.0,1.0,0.0,0.0,330.0,52.0,0.0
695.0,1.0,11.0,55.0,3.0,0.0,0.0,463.0,73.0,0.0
638.0,0.0,11.0,44.0,1.0,0.0,0.0,438.0,58.0,0.0
898.0,1.0,19.0,80.0,2.0,0.0,0.0,586.0,126.0,0.0
901.0,1.0,19.0,76.0,2.0,0.0,0.0,600.0,117.0,0.0
904.0,1.0,19.0,72.0,1.0,0.0,0.0,602.0,126.0,0.0
815.0,1.0,19.0,61.0,1.0,0.0,0.0,560.0,92.0,0.0
731.0,0.0,19.0,64.0,1.0,0.0,0.0,489.0,90.0,0.0
817.0,1.0,19.0,63.0,1.0,0.0,0.0,563.0,89.0,0.0
587.0,0.0,9.0,51.0,3.0,0.0,0.0,381.0,69.0,0.0
486.0,0.0,6.0,31.0,1.0,0.0,0.0,319.0,53.0,0.0
544.0,0.0,9.0,40.0,2.0,0.0,0.0,367.0,52.0,0.0
870.0,1.0,19.0,66.0,3.0,0.0,0.0,594.0,97.0,0.0
745.0,0.0,19.0,63.0,1.0,0.0,0.0,496.0,96.0,0.0
822.0,1.0,19.0,61.0,1.0,0.0,0.0,561.0,94.0,0.0
763.0,0.0,19.0,63.0,1.0,0.0,0.0,519.0,90.0,0.0
836.0,1.0,19.0,62.0,1.0,0.0,0.0,580.0,87.0,0.0
577.0,0.0,11.0,47.0,1.0,0.0,0.0,388.0,56.0,0.0
566.0,0.0,11.0,44.0,1.0,0.0,0.0,387.0,51.0,0.0
814.0,1.0,19.0,64.0,1.0,0.0,0.0,557.0,91.0,0.0
754.0,0.0,19.0,64.0,1.0,0.0,0.0,515.0,85.0,0.0
840.0,1.0,19.0,64.0,1.0,0.0,0.0,574.0,98.0,0.0
514.0,0.0,7.0,35.0,1.0,0.0,0.0,335.0,61.0,0.0
620.0,1.0,11.0,44.0,1.0,0.0,0.0,420.0,59.0,0.0
537.0,0.0,6.0,35.0,1.0,0.0,0.0,344.0,73.0,0.0
785.0,1.0,19.0,62.0,1.0,0.0,0.0,536.0,90.0,0.0
844.0,1.0,19.0,63.0,2.0,0.0,0.0,577.0,96.0,0.0
833.0,1.0,19.0,63.0,1.0,0.0,0.0,572.0,94.0,0.0
850.0,1.0,19.0,62.0,1.0,0.0,0.0,587.0,94.0,0.0
752.0,0.0,19.0,61.0,1.0,0.0,0.0,510.0,90.0,0.0
693.0,1.0,11.0,51.0,1.0,0.0,0.0,484.0,60.0,0.0
763.0,0.0,19.0,60.0,1.0,0.0,0.0,529.0,81.0,0.0
658.0,1.0,11.0,47.0,1.0,0.0,0.0,449.0,62.0,0.0
570.0,0.0,11.0,45.0,1.0,0.0,0.0,385.0,54.0,0.0
750.0,0.0,19.0,65.0,1.0,0.0,0.0,502.0,93.0,0.0
651.0,1.0,11.0,48.0,1.0,0.0,0.0,436.0,67.0,0.0
741.0,0.0,19.0,63.0,1.0,0.0,0.0,510.0,78.0,0.0
652.0,1.0,7.0,43.0,1.0,0.0,0.0,426.0,85.0,0.0
846.0,1.0,19.0,69.0,1.0,0.0,0.0,564.0,111.0,0.0
789.0,0.0,19.0,67.0,1.0,0.0,0.0,528.0,97.0,0.0
683.0,1.0,9.0,47.0,2.0,0.0,0.0,434.0,105.0,0.0
754.0,0.0,19.0,63.0,1.0,0.0,0.0,515.0,88.0,0.0
738.0,0.0,19.0,61.0,1.0,0.0,0.0,498.0,91.0,0.0
574.0,0.0,9.0,47.0,3.0,0.0,0.0,381.0,60.0,0.0
537.0,0.0,9.0,39.0,2.0,0.0,0.0,360.0,55.0,0.0
634.0,1.0,11.0,43.0,1.0,0.0,0.0,436.0,58.0,0.0
609.0,0.0,9.0,39.0,2.0,0.0,0.0,419.0,54.0,0.0
853.0,1.0,19.0,65.0,1.0,0.0,0.0,583.0,96.0,0.0
499.0,0.0,6.0,33.0,1.0,0.0,0.0,335.0,46.0,0.0
603.0,1.0,7.0,40.0,1.0,0.0,0.0,401.0,64.0,0.0
613.0,0.0,9.0,47.0,2.0,0.0,0.0,404.0,77.0,0.0
639.0,0.0,11.0,53.0,1.0,0.0,0.0,415.0,88.0,0.0
859.0,1.0,19.0,70.0,4.0,0.0,0.0,580.0,100.0,0.0
523.0,0.0,6.0,34.0,1.0,0.0,0.0,350.0,52.0,0.0
841.0,1.0,19.0,63.0,1.0,0.0,0.0,583.0,92.0,0.0
833.0,0.0,19.0,66.0,3.0,0.0,0.0,559.0,104.0,0.0
644.0,1.0,11.0,46.0,1.0,0.0,0.0,436.0,62.0,0.0
743.0,0.0,19.0,63.0,1.0,0.0,0.0,502.0,89.0,0.0
635.0,0.0,11.0,61.0,2.0,0.0,0.0,396.0,92.0,0.0
522.0,0.0,6.0,34.0,1.0,0.0,0.0,339.0,65.0,0.0
1286.0,0.0,19.0,170.0,1.0,0.0,0.0,549.0,478.0,0.0
506.0,0.0,6.0,32.0,1.0,0.0,0.0,343.0,48.0,0.0
642.0,0.0,11.0,46.0,1.0,0.0,0.0,439.0,59.0,0.0
753.0,0.0,19.0,62.0,1.0,0.0,0.0,519.0,82.0,0.0
533.0,0.0,6.0,34.0,1.0,0.0,0.0,340.0,74.0,0.0
839.0,1.0,19.0,65.0,1.0,0.0,0.0,572.0,100.0,0.0
741.0,0.0,19.0,65.0,1.0,0.0,0.0,495.0,93.0,0.0
499.0,0.0,6.0,33.0,1.0,0.0,0.0,328.0,54.0,0.0
702.0,1.0,11.0,57.0,4.0,0.0,0.0,474.0,67.0,0.0
808.0,1.0,19.0,63.0,1.0,0.0,0.0,548.0,95.0,0.0
813.0,1.0,19.0,64.0,1.0,0.0,0.0,557.0,91.0,0.0
531.0,0.0,6.0,34.0,1.0,0.0,0.0,340.0,73.0,0.0
484.0,0.0,6.0,31.0,1.0,0.0,0.0,315.0,55.0,0.0
823.0,1.0,19.0,60.0,1.0,0.0,0.0,567.0,90.0,0.0
637.0,1.0,11.0,43.0,1.0,0.0,0.0,436.0,61.0,0.0
676.0,1.0,11.0,52.0,2.0,0.0,0.0,448.0,74.0,0.0
768.0,0.0,19.0,63.0,1.0,0.0,0.0,522.0,88.0,0.0
692.0,1.0,11.0,49.0,1.0,0.0,0.0,456.0,87.0,0.0
767.0,0.0,19.0,61.0,1.0,0.0,0.0,522.0,92.0,0.0
593.0,0.0,7.0,43.0,1.0,0.0,0.0,374.0,91.0,0.0
833.0,1.0,19.0,61.0,1.0,0.0,0.0,578.0,91.0,0.0
607.0,1.0,7.0,36.0,1.0,0.0,0.0,416.0,58.0,0.0
503.0,0.0,6.0,34.0,1.0,0.0,0.0,337.0,48.0,0.0
484.0,0.0,6.0,31.0,1.0,0.0,0.0,328.0,42.0,0.0
530.0,0.0,6.0,34.0,1.0,0.0,0.0,338.0,73.0,0.0
804.0,1.0,19.0,65.0,1.0,0.0,0.0,544.0,94.0,0.0
607.0,1.0,9.0,39.0,2.0,0.0,0.0,413.0,59.0,0.0
489.0,0.0,6.0,32.0,1.0,0.0,0.0,327.0,47.0,0.0
815.0,0.0,19.0,68.0,3.0,0.0,0.0,540.0,105.0,0.0
760.0,0.0,19.0,65.0,1.0,0.0,0.0,513.0,90.0,0.0
583.0,0.0,7.0,48.0,4.0,0.0,0.0,375.0,68.0,0.0
758.0,0.0,19.0,65.0,1.0,0.0,0.0,512.0,90.0,0.0
641.0,0.0,11.0,51.0,1.0,0.0,0.0,426.0,79.0,0.0
566.0,0.0,11.0,44.0,1.0,0.0,0.0,383.0,54.0,0.0
501.0,0.0,6.0,33.0,1.0,0.0,0.0,340.0,45.0,0.0
843.0,1.0,19.0,62.0,1.0,0.0,0.0,575.0,98.0,0.0
821.0,1.0,19.0,64.0,1.0,0.0,0.0,563.0,89.0,0.0
850.0,1.0,19.0,73.0,4.0,0.0,0.0,567.0,106.0,0.0
636.0,1.0,11.0,44.0,1.0,0.0,0.0,439.0,57.0,0.0
543.0,0.0,9.0,39.0,2.0,0.0,0.0,360.0,59.0,0.0
481.0,0.0,6.0,31.0,1.0,0.0,0.0,322.0,45.0,0.0
812.0,1.0,19.0,63.0,1.0,0.0,0.0,555.0,93.0,0.0
803.0,1.0,19.0,61.0,1.0,0.0,0.0,541.0,98.0,0.0
821.0,1.0,19.0,62.0,1.0,0.0,0.0,563.0,93.0,0.0
1322.0,0.0,19.0,173.0,1.0,0.0,0.0,574.0,483.0,0.0
837.0,1.0,19.0,65.0,1.0,0.0,0.0,576.0,90.0,0.0
835.0,1.0,19.0,64.0,1.0,0.0,0.0,574.0,94.0,0.0
752.0,0.0,19.0,65.0,1.0,0.0,0.0,506.0,93.0,0.0
672.0,1.0,7.0,47.0,1.0,0.0,0.0,446.0,82.0,0.0
699.0,1.0,11.0,52.0,1.0,0.0,0.0,476.0,70.0,0.0
650.0,1.0,9.0,49.0,1.0,0.0,0.0,429.0,76.0,0.0
764.0,0.0,19.0,63.0,1.0,0.0,0.0,520.0,90.0,0.0
846.0,1.0,19.0,65.0,1.0,0.0,0.0,581.0,95.0,0.0
505.0,0.0,6.0,34.0,1.0,0.0,0.0,335.0,52.0,0.0
581.0,1.0,7.0,35.0,1.0,0.0,0.0,401.0,49.0,0.0
1001.0,1.0,19.0,82.0,1.0,1.0,0.0,691.0,115.0,0.0
813.0,1.0,19.0,62.0,1.0,0.0,0.0,560.0,90.0,0.0
815.0,0.0,19.0,72.0,1.0,0.0,0.0,550.0,103.0,0.0
668.0,1.0,7.0,41.0,1.0,0.0,0.0,439.0,90.0,0.0
514.0,0.0,7.0,36.0,1.0,0.0,0.0,341.0,54.0,0.0
499.0,0.0,6.0,33.0,1.0,0.0,0.0,329.0,54.0,0.0
508.0,0.0,6.0,35.0,1.0,0.0,0.0,341.0,49.0,0.0
768.0,0.0,19.0,62.0,1.0,0.0,0.0,524.0,88.0,0.0
816.0,1.0,19.0,63.0,1.0,0.0,0.0,560.0,92.0,0.0
566.0,0.0,7.0,47.0,2.0,0.0,0.0,363.0,70.0,0.0
875.0,1.0,19.0,76.0,1.0,0.0,0.0,584.0,117.0,0.0
715.0,1.0,11.0,51.0,1.0,0.0,0.0,484.0,80.0,0.0
840.0,0.0,19.0,72.0,1.0,0.0,0.0,550.0,127.0,0.0
511.0,0.0,6.0,34.0,1.0,0.0,0.0,342.0,49.0,0.0
598.0,0.0,9.0,44.0,2.0,0.0,0.0,378.0,92.0,0.0
571.0,0.0,11.0,43.0,1.0,0.0,0.0,384.0,61.0,0.0
635.0,1.0,11.0,44.0,1.0,0.0,0.0,444.0,50.0,0.0
799.0,0.0,19.0,77.0,2.0,0.0,0.0,515.0,117.0,0.0
818.0,0.0,19.0,63.0,1.0,0.0,0.0,561.0,92.0,0.0
639.0,1.0,11.0,46.0,1.0,0.0,0.0,433.0,64.0,0.0
746.0,0.0,19.0,66.0,1.0,0.0,0.0,499.0,92.0,0.0
637.0,1.0,11.0,45.0,1.0,0.0,0.0,437.0,59.0,0.0
836.0,1.0,19.0,68.0,1.0,0.0,0.0,569.0,95.0,0.0
769.0,0.0,19.0,64.0,1.0,0.0,0.0,515.0,98.0,0.0
753.0,0.0,19.0,64.0,1.0,0.0,0.0,510.0,88.0,0.0
831.0,1.0,19.0,66.0,1.0,0.0,0.0,565.0,97.0,0.0
781.0,0.0,19.0,64.0,1.0,0.0,0.0,528.0,93.0,0.0
503.0,0.0,6.0,33.0,1.0,0.0,0.0,343.0,44.0,0.0
629.0,1.0,11.0,43.0,1.0,0.0,0.0,433.0,56.0,0.0
827.0,1.0,19.0,62.0,1.0,0.0,0.0,567.0,95.0,0.0
567.0,0.0,11.0,44.0,1.0,0.0,0.0,397.0,43.0,0.0
759.0,0.0,19.0,61.0,1.0,0.0,0.0,516.0,91.0,0.0
890.0,1.0,19.0,74.0,1.0,0.0,0.0,589.0,122.0,0.0
815.0,1.0,19.0,65.0,1.0,0.0,0.0,555.0,95.0,0.0
781.0,0.0,19.0,65.0,1.0,0.0,0.0,522.0,102.0,0.0
853.0,0.0,19.0,76.0,1.0,0.0,0.0,558.0,128.0,0.0
567.0,0.0,7.0,50.0,2.0,0.0,0.0,347.0,84.0,0.0
843.0,0.0,19.0,80.0,2.0,0.0,0.0,549.0,119.0,0.0
681.0,1.0,9.0,44.0,4.0,0.0,0.0,464.0,65.0,0.0
814.0,1.0,19.0,63.0,1.0,0.0,0.0,553.0,94.0,0.0
813.0,1.0,19.0,65.0,1.0,0.0,0.0,553.0,95.0,0.0
538.0,0.0,9.0,40.0,2.0,0.0,0.0,357.0,58.0,0.0
499.0,0.0,6.0,33.0,1.0,0.0,0.0,327.0,56.0,0.0
833.0,1.0,19.0,64.0,1.0,0.0,0.0,564.0,98.0,0.0
630.0,0.0,11.0,52.0,1.0,0.0,0.0,422.0,68.0,0.0
672.0,1.0,11.0,55.0,4.0,0.0,0.0,454.0,63.0,0.0
823.0,1.0,19.0,61.0,1.0,0.0,0.0,564.0,95.0,0.0
756.0,0.0,19.0,65.0,1.0,0.0,0.0,509.0,91.0,0.0
856.0,1.0,19.0,71.0,1.0,0.0,0.0,575.0,106.0,0.0
661.0,1.0,9.0,54.0,3.0,0.0,0.0,425.0,83.0,0.0
563.0,0.0,11.0,43.0,1.0,0.0,0.0,394.0,43.0,0.0
666.0,1.0,7.0,56.0,2.0,0.0,0.0,421.0,90.0,0.0
685.0,1.0,11.0,47.0,1.0,0.0,0.0,459.0,82.0,0.0
578.0,0.0,11.0,47.0,1.0,0.0,0.0,379.0,66.0,0.0
835.0,0.0,19.0,83.0,2.0,0.0,0.0,534.0,124.0,0.0
834.0,1.0,19.0,62.0,1.0,0.0,0.0,577.0,91.0,0.0
750.0,0.0,19.0,64.0,1.0,0.0,0.0,511.0,86.0,0.0
656.0,1.0,7.0,56.0,2.0,0.0,0.0,407.0,94.0,0.0
543.0,0.0,9.0,39.0,2.0,0.0,0.0,368.0,51.0,0.0
781.0,0.0,19.0,65.0,2.0,0.0,0.0,527.0,96.0,0.0
1077.0,0.0,7.0,144.0,1.0,0.0,0.0,402.0,446.0,0.0
569.0,0.0,11.0,45.0,1.0,0.0,0.0,387.0,54.0,0.0
794.0,0.0,19.0,68.0,3.0,0.0,0.0,533.0,95.0,0.0
783.0,0.0,19.0,71.0,2.0,0.0,0.0,515.0,104.0,0.0
574.0,0.0,11.0,44.0,1.0,0.0,0.0,397.0,50.0,0.0
823.0,1.0,19.0,64.0,1.0,0.0,0.0,569.0,88.0,0.0
810.0,0.0,19.0,77.0,2.0,0.0,0.0,525.0,115.0,0.0
801.0,0.0,19.0,70.0,2.0,0.0,0.0,532.0,105.0,0.0
566.0,0.0,11.0,44.0,1.0,0.0,0.0,379.0,57.0,0.0
576.0,0.0,7.0,43.0,1.0,0.0,0.0,386.0,62.0,0.0
643.0,1.0,11.0,45.0,1.0,0.0,0.0,441.0,58.0,0.0
502.0,0.0,6.0,33.0,1.0,0.0,0.0,329.0,57.0,0.0
901.0,1.0,19.0,80.0,2.0,0.0,0.0,592.0,124.0,0.0
615.0,0.0,11.0,47.0,1.0,0.0,0.0,404.0,80.0,0.0
773.0,1.0,9.0,57.0,2.0,1.0,0.0,526.0,85.0,0.0
834.0,1.0,19.0,62.0,1.0,0.0,0.0,581.0,86.0,0.0
644.0,1.0,7.0,48.0,4.0,0.0,0.0,429.0,63.0,0.0
783.0,0.0,19.0,63.0,1.0,0.0,0.0,533.0,92.0,0.0
637.0,0.0,11.0,54.0,1.0,0.0,0.0,424.0,71.0,0.0
597.0,0.0,7.0,50.0,2.0,0.0,0.0,380.0,80.0,0.0
838.0,1.0,19.0,61.0,1.0,0.0,0.0,585.0,89.0,0.0
796.0,0.0,19.0,68.0,1.0,0.0,0.0,542.0,95.0,0.0
513.0,0.0,6.0,34.0,1.0,0.0,0.0,342.0,52.0,0.0
773.0,1.0,7.0,53.0,1.0,1.0,0.0,529.0,85.0,0.0
496.0,0.0,6.0,33.0,1.0,0.0,0.0,328.0,53.0,0.0
570.0,0.0,11.0,45.0,1.0,0.0,0.0,389.0,53.0,0.0
581.0,0.0,7.0,43.0,1.0,0.0,0.0,391.0,61.0,0.0
491.0,0.0,6.0,32.0,1.0,0.0,0.0,325.0,51.0,0.0
676.0,1.0,11.0,53.0,1.0,0.0,0.0,457.0,70.0,0.0
634.0,1.0,7.0,38.0,1.0,0.0,0.0,416.0,82.0,0.0
584.0,0.0,7.0,35.0,1.0,0.0,0.0,403.0,50.0,0.0
825.0,0.0,19.0,66.0,3.0,0.0,0.0,561.0,96.0,0.0
688.0,1.0,7.0,47.0,1.0,0.0,0.0,459.0,85.0,0.0
609.0,1.0,9.0,40.0,2.0,0.0,0.0,420.0,53.0,0.0
602.0,1.0,7.0,35.0,1.0,0.0,0.0,422.0,48.0,0.0
753.0,0.0,19.0,65.0,1.0,0.0,0.0,504.0,91.0,0.0
754.0,0.0,19.0,63.0,1.0,0.0,0.0,511.0,91.0,0.0
703.0,1.0,11.0,61.0,2.0,0.0,0.0,452.0,91.0,0.0
531.0,0.0,6.0,36.0,1.0,0.0,0.0,356.0,52.0,0.0
620.0,0.0,11.0,49.0,1.0,0.0,0.0,404.0,82.0,0.0
795.0,0.0,19.0,70.0,1.0,0.0,0.0,522.0,114.0,0.0
807.0,0.0,19.0,61.0,1.0,0.0,0.0,545.0,103.0,0.0
647.0,1.0,11.0,45.0,2.0,0.0,0.0,442.0,59.0,0.0
752.0,0.0,19.0,63.0,1.0,0.0,0.0,513.0,87.0,0.0
862.0,1.0,19.0,76.0,2.0,0.0,0.0,560.0,119.0,0.0
874.0,1.0,19.0,67.0,1.0,0.0,0.0,604.0,92.0,0.0
603.0,0.0,9.0,44.0,2.0,0.0,0.0,385.0,88.0,0.0
764.0,0.0,19.0,62.0,1.0,0.0,0.0,517.0,92.0,0.0
739.0,0.0,19.0,63.0,1.0,0.0,0.0,496.0,90.0,0.0
649.0,1.0,11.0,47.0,1.0,0.0,0.0,437.0,66.0,0.0
821.0,1.0,19.0,63.0,1.0,0.0,0.0,566.0,90.0,0.0
754.0,0.0,19.0,61.0,1.0,0.0,0.0,515.0,88.0,0.0
887.0,1.0,19.0,84.0,2.0,0.0,0.0,575.0,123.0,0.0
754.0,0.0,19.0,70.0,1.0,0.0,0.0,493.0,103.0,0.0
508.0,0.0,6.0,33.0,1.0,0.0,0.0,329.0,64.0,0.0
864.0,1.0,19.0,68.0,1.0,0.0,0.0,584.0,101.0,0.0
613.0,0.0,11.0,56.0,4.0,0.0,0.0,397.0,70.0,0.0
517.0,0.0,7.0,35.0,1.0,0.0,0.0,341.0,57.0,0.0
913.0,1.0,19.0,75.0,1.0,0.0,0.0,599.0,138.0,0.0
536.0,0.0,9.0,39.0,2.0,0.0,0.0,364.0,50.0,0.0
823.0,1.0,19.0,64.0,1.0,0.0,0.0,561.0,96.0,0.0
860.0,0.0,19.0,76.0,1.0,0.0,0.0,558.0,136.0,0.0
759.0,0.0,19.0,64.0,1.0,0.0,0.0,512.0,95.0,0.0
818.0,1.0,19.0,62.0,1.0,0.0,0.0,561.0,90.0,0.0
818.0,1.0,19.0,64.0,1.0,0.0,0.0,557.0,93.0,0.0
817.0,1.0,19.0,63.0,1.0,0.0,0.0,557.0,95.0,0.0
703.0,0.0,7.0,53.0,1.0,1.0,0.0,475.0,82.0,0.0
850.0,1.0,19.0,65.0,1.0,0.0,0.0,586.0,94.0,0.0
569.0,0.0,11.0,44.0,1.0,0.0,0.0,389.0,51.0,0.0
491.0,0.0,6.0,32.0,1.0,0.0,0.0,321.0,55.0,0.0
517.0,0.0,6.0,34.0,1.0,0.0,0.0,331.0,69.0,0.0
744.0,0.0,19.0,63.0,1.0,0.0,0.0,506.0,86.0,0.0
876.0,1.0,19.0,70.0,1.0,0.0,0.0,596.0,103.0,0.0
832.0,1.0,19.0,62.0,1.0,0.0,0.0,573.0,92.0,0.0
757.0,0.0,19.0,61.0,1.0,0.0,0.0,516.0,89.0,0.0
517.0,0.0,6.0,34.0,1.0,0.0,0.0,346.0,51.0,0.0
813.0,1.0,19.0,63.0,1.0,0.0,0.0,558.0,89.0,0.0
825.0,1.0,19.0,63.0,1.0,0.0,0.0,571.0,88.0,0.0
847.0,0.0,19.0,80.0,2.0,0.0,0.0,550.0,120.0,0.0
632.0,1.0,11.0,44.0,1.0,0.0,0.0,436.0,56.0,0.0
753.0,0.0,19.0,62.0,1.0,0.0,0.0,521.0,78.0,0.0
647.0,1.0,7.0,48.0,4.0,0.0,0.0,424.0,71.0,0.0
537.0,0.0,6.0,35.0,1.0,0.0,0.0,351.0,66.0,0.0
559.0,0.0,11.0,43.0,1.0,0.0,0.0,378.0,55.0,0.0
753.0,0.0,19.0,65.0,1.0,0.0,0.0,505.0,92.0,0.0
762.0,0.0,19.0,61.0,1.0,0.0,0.0,529.0,80.0,0.0
763.0,0.0,19.0,64.0,1.0,0.0,0.0,519.0,89.0,0.0
638.0,0.0,11.0,57.0,4.0,0.0,0.0,409.0,78.0,0.0
719.0,1.0,11.0,51.0,3.0,0.0,0.0,487.0,70.0,0.0
836.0,1.0,19.0,65.0,1.0,0.0,0.0,576.0,90.0,0.0
706.0,1.0,11.0,49.0,3.0,0.0,0.0,483.0,66.0,0.0
1355.0,1.0,19.0,170.0,1.0,0.0,0.0,593.0,488.0,0.0
517.0,0.0,6.0,34.0,1.0,0.0,0.0,343.0,53.0,0.0
490.0,0.0,6.0,32.0,1.0,0.0,0.0,323.0,50.0,0.0
810.0,1.0,19.0,63.0,1.0,0.0,0.0,557.0,89.0,0.0
662.0,1.0,9.0,44.0,1.0,0.0,0.0,429.0,90.0,0.0
817.0,1.0,19.0,62.0,1.0,0.0,0.0,561.0,90.0,0.0
766.0,0.0,19.0,65.0,1.0,0.0,0.0,520.0,90.0,0.0
511.0,0.0,6.0,33.0,1.0,0.0,0.0,339.0,55.0,0.0
526.0,0.0,6.0,34.0,1.0,0.0,0.0,353.0,53.0,0.0
554.0,0.0,7.0,36.0,2.0,0.0,0.0,382.0,49.0,0.0
643.0,1.0,11.0,46.0,1.0,0.0,0.0,442.0,59.0,0.0
666.0,1.0,9.0,47.0,2.0,0.0,0.0,460.0,61.0,0.0
562.0,0.0,11.0,43.0,1.0,0.0,0.0,381.0,55.0,0.0
755.0,0.0,19.0,63.0,1.0,0.0,0.0,519.0,84.0,0.0
638.0,1.0,11.0,44.0,1.0,0.0,0.0,442.0,56.0,0.0
803.0,1.0,19.0,61.0,1.0,0.0,0.0,547.0,94.0,0.0
754.0,0.0,19.0,64.0,1.0,0.0,0.0,514.0,86.0,0.0
815.0,1.0,19.0,63.0,1.0,0.0,0.0,555.0,95.0,0.0
647.0,1.0,11.0,45.0,2.0,0.0,0.0,440.0,61.0,0.0
489.0,0.0,6.0,33.0,1.0,0.0,0.0,323.0,51.0,0.0
820.0,1.0,19.0,62.0,1.0,0.0,0.0,560.0,93.0,0.0
634.0,1.0,7.0,44.0,3.0,0.0,0.0,428.0,61.0,0.0
642.0,1.0,11.0,45.0,1.0,0.0,0.0,434.0,62.0,0.0
563.0,0.0,11.0,44.0,1.0,0.0,0.0,383.0,53.0,0.0
486.0,0.0,6.0,31.0,1.0,0.0,0.0,327.0,44.0,0.0
819.0,1.0,19.0,60.0,1.0,0.0,0.0,565.0,91.0,0.0
803.0,0.0,19.0,76.0,2.0,0.0,0.0,526.0,110.0,0.0
687.0,0.0,7.0,53.0,1.0,1.0,0.0,463.0,78.0,0.0
528.0,0.0,6.0,35.0,1.0,0.0,0.0,359.0,50.0,0.0
838.0,1.0,19.0,68.0,1.0,0.0,0.0,553.0,115.0,0.0
739.0,0.0,19.0,62.0,1.0,0.0,0.0,495.0,93.0,0.0
833.0,1.0,19.0,63.0,1.0,0.0,0.0,575.0,92.0,0.0
646.0,1.0,11.0,45.0,1.0,0.0,0.0,440.0,63.0,0.0
842.0,1.0,19.0,63.0,1.0,0.0,0.0,575.0,97.0,0.0
493.0,0.0,6.0,31.0,1.0,0.0,0.0,312.0,67.0,0.0
652.0,1.0,7.0,41.0,1.0,0.0,0.0,420.0,93.0,0.0
767.0,0.0,19.0,66.0,1.0,0.0,0.0,520.0,92.0,0.0
631.0,0.0,11.0,48.0,3.0,0.0,0.0,424.0,64.0,0.0
559.0,0.0,7.0,47.0,4.0,0.0,0.0,356.0,69.0,0.0
571.0,0.0,11.0,44.0,1.0,0.0,0.0,388.0,55.0,0.0
831.0,1.0,19.0,62.0,1.0,0.0,0.0,575.0,89.0,0.0
820.0,0.0,19.0,71.0,2.0,0.0,0.0,549.0,102.0,0.0
837.0,1.0,19.0,64.0,1.0,0.0,0.0,572.0,95.0,0.0
508.0,0.0,6.0,33.0,1.0,0.0,0.0,324.0,69.0,0.0
501.0,0.0,6.0,34.0,1.0,0.0,0.0,336.0,48.0,0.0
641.0,1.0,11.0,44.0,1.0,0.0,0.0,435.0,63.0,0.0
739.0,0.0,19.0,60.0,1.0,0.0,0.0,502.0,87.0,0.0
765.0,0.0,19.0,63.0,1.0,0.0,0.0,516.0,95.0,0.0
624.0,1.0,7.0,40.0,1.0,0.0,0.0,428.0,57.0,0.0
630.0,1.0,7.0,45.0,1.0,0.0,0.0,423.0,66.0,0.0
754.0,0.0,19.0,63.0,1.0,0.0,0.0,506.0,96.0,0.0
641.0,1.0,11.0,44.0,1.0,0.0,0.0,444.0,54.0,0.0
764.0,0.0,19.0,63.0,1.0,0.0,0.0,521.0,87.0,0.0
764.0,0.0,19.0,62.0,1.0,0.0,0.0,517.0,90.0,0.0
531.0,0.0,6.0,36.0,1.0,0.0,0.0,358.0,50.0,0.0
812.0,0.0,19.0,73.0,1.0,0.0,0.0,528.0,122.0,0.0
844.0,1.0,19.0,61.0,1.0,0.0,0.0,587.0,89.0,0.0
765.0,0.0,19.0,62.0,1.0,0.0,0.0,519.0,91.0,0.0
517.0,0.0,6.0,35.0,1.0,0.0,0.0,347.0,49.0,0.0
567.0,0.0,7.0,47.0,2.0,0.0,0.0,361.0,73.0,0.0
634.0,1.0,11.0,43.0,1.0,0.0,0.0,436.0,59.0,0.0
506.0,0.0,6.0,34.0,1.0,0.0,0.0,339.0,49.0,0.0
611.0,1.0,9.0,39.0,2.0,0.0,0.0,413.0,61.0,0.0
811.0,1.0,19.0,65.0,1.0,0.0,0.0,560.0,86.0,0.0
819.0,1.0,19.0,62.0,1.0,0.0,0.0,564.0,92.0,0.0
881.0,1.0,19.0,68.0,1.0,0.0,0.0,583.0,127.0,0.0
729.0,0.0,11.0,61.0,1.0,1.0,0.0,498.0,78.0,0.0
692.0,1.0,11.0,48.0,1.0,0.0,0.0,463.0,84.0,0.0
629.0,1.0,11.0,43.0,1.0,0.0,0.0,430.0,60.0,0.0
657.0,1.0,7.0,43.0,1.0,0.0,0.0,423.0,94.0,0.0
774.0,0.0,19.0,64.0,1.0,0.0,0.0,528.0,91.0,0.0
565.0,0.0,7.0,38.0,1.0,0.0,0.0,361.0,81.0,0.0
689.0,1.0,11.0,56.0,2.0,0.0,0.0,448.0,83.0,0.0
813.0,1.0,19.0,62.0,1.0,0.0,0.0,545.0,105.0,0.0
760.0,0.0,19.0,63.0,1.0,0.0,0.0,516.0,91.0,0.0
761.0,0.0,19.0,61.0,1.0,0.0,0.0,521.0,89.0,0.0
489.0,0.0,6.0,32.0,1.0,0.0,0.0,322.0,52.0,0.0
576.0,0.0,11.0,45.0,1.0,0.0,0.0,386.0,59.0,0.0
570.0,0.0,11.0,44.0,1.0,0.0,0.0,387.0,55.0,0.0
708.0,1.0,11.0,48.0,3.0,0.0,0.0,481.0,71.0,0.0
620.0,0.0,11.0,48.0,1.0,0.0,0.0,408.0,80.0,0.0
809.0,1.0,19.0,60.0,1.0,0.0,0.0,555.0,91.0,0.0
751.0,0.0,19.0,62.0,1.0,0.0,0.0,512.0,85.0,0.0
850.0,1.0,19.0,65.0,1.0,0.0,0.0,583.0,97.0,0.0
613.0,0.0,9.0,47.0,2.0,0.0,0.0,399.0,82.0,0.0
512.0,0.0,7.0,36.0,1.0,0.0,0.0,346.0,47.0,0.0
889.0,1.0,19.0,78.0,2.0,0.0,0.0,581.0,125.0,0.0
814.0,0.0,19.0,70.0,1.0,0.0,0.0,529.0,125.0,0.0
606.0,1.0,9.0,39.0,2.0,0.0,0.0,417.0,54.0,0.0
716.0,1.0,11.0,64.0,2.0,0.0,0.0,456.0,97.0,0.0
500.0,0.0,6.0,32.0,1.0,0.0,0.0,321.0,65.0,0.0
837.0,0.0,19.0,75.0,1.0,0.0,0.0,550.0,122.0,0.0
511.0,0.0,6.0,33.0,1.0,0.0,0.0,345.0,49.0,0.0
816.0,0.0,19.0,71.0,1.0,0.0,0.0,537.0,120.0,0.0
523.0,0.0,6.0,34.0,1.0,0.0,0.0,335.0,70.0,0.0
743.0,0.0,19.0,60.0,1.0,0.0,0.0,507.0,85.0,0.0
761.0,0.0,19.0,60.0,1.0,0.0,0.0,518.0,92.0,0.0
506.0,0.0,7.0,36.0,1.0,0.0,0.0,337.0,50.0,0.0
750.0,0.0,19.0,63.0,1.0,0.0,0.0,502.0,92.0,0.0
518.0,0.0,6.0,35.0,1.0,0.0,0.0,349.0,47.0,0.0
721.0,1.0,11.0,56.0,1.0,0.0,0.0,477.0,89.0,0.0
629.0,1.0,11.0,46.0,1.0,0.0,0.0,425.0,61.0,0.0
486.0,0.0,6.0,31.0,1.0,0.0,0.0,325.0,47.0,0.0
818.0,1.0,19.0,61.0,1.0,0.0,0.0,571.0,85.0,0.0
648.0,1.0,11.0,45.0,1.0,0.0,0.0,450.0,56.0,0.0
511.0,0.0,6.0,32.0,1.0,0.0,0.0,344.0,52.0,0.0
757.0,0.0,19.0,62.0,1.0,0.0,0.0,516.0,88.0,0.0
493.0,0.0,6.0,33.0,1.0,0.0,0.0,326.0,51.0,0.0
602.0,1.0,7.0,35.0,1.0,0.0,0.0,412.0,58.0,0.0
521.0,0.0,6.0,35.0,1.0,0.0,0.0,353.0,47.0,0.0
579.0,0.0,7.0,47.0,4.0,0.0,0.0,377.0,67.0,0.0
511.0,0.0,6.0,32.0,1.0,0.0,0.0,343.0,53.0,0.0
606.0,0.0,9.0,54.0,3.0,0.0,0.0,381.0,83.0,0.0
508.0,0.0,6.0,32.0,1.0,0.0,0.0,323.0,69.0,0.0
747.0,0.0,19.0,61.0,1.0,0.0,0.0,509.0,88.0,0.0
507.0,0.0,6.0,33.0,1.0,0.0,0.0,322.0,70.0,0.0
683.0,1.0,9.0,47.0,2.0,0.0,0.0,439.0,100.0,0.0
554.0,0.0,9.0,40.0,2.0,0.0,0.0,370.0,60.0,0.0
751.0,0.0,19.0,62.0,1.0,0.0,0.0,513.0,87.0,0.0
583.0,0.0,7.0,53.0,2.0,0.0,0.0,358.0,86.0,0.0
508.0,0.0,6.0,32.0,1.0,0.0,0.0,343.0,50.0,0.0
611.0,1.0,9.0,40.0,2.0,0.0,0.0,416.0,59.0,0.0
731.0,0.0,19.0,61.0,1.0,0.0,0.0,492.0,89.0,0.0
752.0,0.0,19.0,61.0,1.0,0.0,0.0,515.0,86.0,0.0
524.0,0.0,7.0,36.0,2.0,0.0,0.0,346.0,56.0,0.0
792.0,0.0,19.0,64.0,1.0,0.0,0.0,536.0,96.0,0.0
639.0,1.0,7.0,40.0,1.0,0.0,0.0,418.0,84.0,0.0
842.0,1.0,19.0,64.0,1.0,0.0,0.0,573.0,101.0,0.0
824.0,0.0,19.0,63.0,1.0,0.0,0.0,568.0,88.0,0.0
692.0,1.0,11.0,48.0,1.0,0.0,0.0,455.0,92.0,0.0
598.0,0.0,9.0,43.0,2.0,0.0,0.0,384.0,85.0,0.0
522.0,0.0,6.0,34.0,1.0,0.0,0.0,332.0,73.0,0.0
514.0,0.0,7.0,35.0,1.0,0.0,0.0,345.0,50.0,0.0
641.0,1.0,11.0,45.0,1.0,0.0,0.0,431.0,66.0,0.0
760.0,0.0,19.0,62.0,1.0,0.0,0.0,513.0,93.0,0.0
766.0,0.0,19.0,63.0,1.0,0.0,0.0,520.0,93.0,0.0
609.0,0.0,11.0,55.0,2.0,0.0,0.0,401.0,67.0,0.0
637.0,0.0,11.0,44.0,1.0,0.0,0.0,443.0,55.0,0.0
822.0,1.0,19.0,63.0,1.0,0.0,0.0,558.0,97.0,0.0
819.0,1.0,19.0,62.0,1.0,0.0,0.0,564.0,91.0,0.0
834.0,1.0,19.0,62.0,1.0,0.0,0.0,566.0,101.0,0.0
792.0,0.0,19.0,76.0,2.0,0.0,0.0,508.0,114.0,0.0
521.0,0.0,6.0,34.0,1.0,0.0,0.0,332.0,72.0,0.0
769.0,0.0,19.0,66.0,1.0,0.0,0.0,509.0,102.0,0.0
602.0,0.0,11.0,51.0,2.0,0.0,0.0,399.0,66.0,0.0
763.0,0.0,19.0,65.0,1.0,0.0,0.0,511.0,98.0,0.0
644.0,1.0,11.0,45.0,1.0,0.0,0.0,445.0,58.0,0.0
820.0,1.0,19.0,64.0,1.0,0.0,0.0,559.0,97.0,0.0
514.0,0.0,7.0,36.0,1.0,0.0,0.0,337.0,58.0,0.0
637.0,1.0,11.0,44.0,1.0,0.0,0.0,439.0,55.0,0.0
628.0,1.0,7.0,47.0,4.0,0.0,0.0,415.0,66.0,0.0
655.0,1.0,9.0,48.0,4.0,0.0,0.0,442.0,64.0,0.0
620.0,1.0,9.0,40.0,2.0,0.0,0.0,423.0,58.0,0.0
633.0,1.0,11.0,44.0,1.0,0.0,0.0,434.0,59.0,0.0
806.0,1.0,19.0,61.0,1.0,0.0,0.0,552.0,91.0,0.0
488.0,0.0,6.0,31.0,1.0,0.0,0.0,326.0,48.0,0.0
869.0,1.0,19.0,63.0,1.0,0.0,0.0,601.0,96.0,0.0
517.0,0.0,6.0,35.0,1.0,0.0,0.0,343.0,53.0,0.0
490.0,0.0,6.0,32.0,1.0,0.0,0.0,330.0,46.0,0.0
811.0,1.0,19.0,64.0,1.0,0.0,0.0,558.0,87.0,0.0
856.0,1.0,19.0,64.0,1.0,0.0,0.0,589.0,97.0,0.0
642.0,1.0,11.0,46.0,1.0,0.0,0.0,437.0,63.0,0.0
650.0,1.0,9.0,49.0,5.0,0.0,0.0,430.0,69.0,0.0
871.0,1.0,19.0,62.0,1.0,0.0,0.0,609.0,91.0,0.0
823.0,1.0,19.0,64.0,1.0,0.0,0.0,571.0,85.0,0.0
784.0,0.0,19.0,64.0,2.0,0.0,0.0,539.0,87.0,0.0
557.0,0.0,7.0,44.0,2.0,0.0,0.0,361.0,66.0,0.0
497.0,0.0,6.0,31.0,1.0,0.0,0.0,312.0,70.0,0.0
492.0,0.0,6.0,32.0,1.0,0.0,0.0,331.0,43.0,0.0
568.0,0.0,11.0,44.0,1.0,0.0,0.0,380.0,59.0,0.0
625.0,0.0,11.0,51.0,1.0,0.0,0.0,432.0,57.0,0.0
813.0,1.0,19.0,64.0,1.0,0.0,0.0,556.0,91.0,0.0
767.0,0.0,19.0,65.0,1.0,0.0,0.0,517.0,92.0,0.0
876.0,1.0,19.0,67.0,1.0,0.0,0.0,582.0,124.0,0.0
561.0,0.0,7.0,44.0,2.0,0.0,0.0,362.0,68.0,0.0
760.0,0.0,19.0,63.0,1.0,0.0,0.0,514.0,92.0,0.0
818.0,1.0,19.0,63.0,1.0,0.0,0.0,560.0,93.0,0.0
488.0,0.0,6.0,32.0,1.0,0.0,0.0,331.0,43.0,0.0
810.0,0.0,19.0,80.0,2.0,0.0,0.0,509.0,125.0,0.0
502.0,0.0,6.0,34.0,1.0,0.0,0.0,335.0,50.0,0.0
684.0,0.0,11.0,60.0,1.0,0.0,0.0,431.0,107.0,0.0
692.0,1.0,11.0,48.0,1.0,0.0,0.0,456.0,91.0,0.0
895.0,1.0,19.0,75.0,1.0,0.0,0.0,586.0,132.0,0.0
870.0,1.0,19.0,65.0,1.0,0.0,0.0,602.0,94.0,0.0
576.0,0.0,11.0,46.0,1.0,0.0,0.0,383.0,61.0,0.0
520.0,0.0,6.0,34.0,1.0,0.0,0.0,332.0,71.0,0.0
530.0,0.0,6.0,35.0,1.0,0.0,0.0,352.0,56.0,0.0
571.0,0.0,11.0,44.0,1.0,0.0,0.0,388.0,53.0,0.0
512.0,0.0,6.0,33.0,1.0,0.0,0.0,350.0,45.0,0.0
642.0,1.0,11.0,47.0,1.0,0.0,0.0,437.0,62.0,0.0
642.0,1.0,11.0,44.0,1.0,0.0,0.0,441.0,58.0,0.0
802.0,1.0,19.0,60.0,1.0,0.0,0.0,545.0,96.0,0.0
509.0,0.0,6.0,34.0,1.0,0.0,0.0,343.0,49.0,0.0
504.0,0.0,6.0,32.0,1.0,0.0,0.0,315.0,74.0,0.0
626.0,0.0,11.0,56.0,1.0,0.0,0.0,410.0,74.0,0.0
759.0,0.0,19.0,63.0,1.0,0.0,0.0,518.0,90.0,0.0
501.0,0.0,6.0,33.0,1.0,0.0,0.0,339.0,46.0,0.0
750.0,0.0,19.0,63.0,1.0,0.0,0.0,498.0,98.0,0.0
642.0,1.0,11.0,44.0,1.0,0.0,0.0,432.0,69.0,0.0
567.0,0.0,11.0,44.0,1.0,0.0,0.0,389.0,51.0,0.0
737.0,0.0,19.0,60.0,1.0,0.0,0.0,501.0,87.0,0.0
579.0,0.0,7.0,43.0,1.0,0.0,0.0,364.0,88.0,0.0
754.0,0.0,19.0,61.0,1.0,0.0,0.0,513.0,88.0,0.0
871.0,0.0,19.0,87.0,2.0,0.0,0.0,559.0,130.0,0.0
504.0,0.0,6.0,32.0,1.0,0.0,0.0,329.0,60.0,0.0
496.0,0.0,6.0,33.0,1.0,0.0,0.0,330.0,51.0,0.0
636.0,1.0,7.0,43.0,1.0,0.0,0.0,429.0,66.0,0.0
528.0,0.0,6.0,36.0,1.0,0.0,0.0,357.0,49.0,0.0
636.0,1.0,11.0,45.0,1.0,0.0,0.0,438.0,57.0,0.0
650.0,1.0,7.0,50.0,2.0,0.0,0.0,413.0,87.0,0.0
553.0,0.0,7.0,44.0,2.0,0.0,0.0,354.0,69.0,0.0
573.0,0.0,11.0,44.0,1.0,0.0,0.0,392.0,51.0,0.0
513.0,0.0,6.0,33.0,1.0,0.0,0.0,328.0,69.0,0.0
516.0,0.0,6.0,34.0,1.0,0.0,0.0,344.0,53.0,0.0
821.0,1.0,19.0,63.0,1.0,0.0,0.0,559.0,97.0,0.0
638.0,1.0,11.0,44.0,1.0,0.0,0.0,439.0,59.0,0.0
1147.0,1.0,7.0,144.0,1.0,0.0,0.0,457.0,448.0,0.0
642.0,1.0,11.0,43.0,1.0,0.0,0.0,450.0,53.0,0.0
761.0,0.0,19.0,67.0,1.0,0.0,0.0,499.0,101.0,0.0
638.0,1.0,11.0,44.0,1.0,0.0,0.0,438.0,59.0,0.0
611.0,0.0,9.0,57.0,3.0,0.0,0.0,379.0,89.0,0.0
506.0,0.0,7.0,36.0,1.0,0.0,0.0,332.0,55.0,0.0
846.0,1.0,19.0,66.0,1.0,0.0,0.0,581.0,95.0,0.0
776.0,0.0,19.0,63.0,1.0,0.0,0.0,530.0,89.0,0.0
705.0,1.0,11.0,61.0,2.0,0.0,0.0,447.0,98.0,0.0
885.0,1.0,19.0,72.0,1.0,0.0,0.0,609.0,101.0,0.0
640.0,1.0,11.0,45.0,1.0,0.0,0.0,431.0,65.0,0.0
639.0,1.0,11.0,44.0,1.0,0.0,0.0,447.0,52.0,0.0
743.0,0.0,19.0,64.0,1.0,0.0,0.0,502.0,86.0,0.0
607.0,1.0,9.0,40.0,2.0,0.0,0.0,414.0,57.0,0.0
870.0,1.0,19.0,75.0,2.0,0.0,0.0,577.0,114.0,0.0
760.0,0.0,19.0,61.0,1.0,0.0,0.0,522.0,85.0,0.0
838.0,1.0,19.0,63.0,1.0,0.0,0.0,577.0,96.0,0.0
674.0,1.0,11.0,56.0,4.0,0.0,0.0,438.0,78.0,0.0
835.0,1.0,19.0,65.0,1.0,0.0,0.0,580.0,86.0,0.0
575.0,0.0,11.0,45.0,1.0,0.0,0.0,388.0,56.0,0.0
789.0,0.0,19.0,66.0,1.0,0.0,0.0,534.0,92.0,0.0
575.0,0.0,11.0,43.0,1.0,0.0,0.0,393.0,56.0,0.0
625.0,1.0,7.0,44.0,2.0,0.0,0.0,410.0,72.0,0.0
841.0,1.0,19.0,65.0,1.0,0.0,0.0,576.0,98.0,0.0
544.0,0.0,9.0,40.0,2.0,0.0,0.0,369.0,50.0,0.0
522.0,0.0,6.0,35.0,1.0,0.0,0.0,350.0,50.0,0.0
581.0,0.0,11.0,48.0,1.0,0.0,0.0,383.0,63.0,0.0
563.0,0.0,11.0,43.0,1.0,0.0,0.0,379.0,58.0,0.0
827.0,1.0,19.0,62.0,1.0,0.0,0.0,568.0,94.0,0.0
840.0,1.0,19.0,61.0,1.0,0.0,0.0,579.0,95.0,0.0
545.0,0.0,9.0,40.0,2.0,0.0,0.0,363.0,57.0,0.0
779.0,0.0,19.0,64.0,1.0,0.0,0.0,527.0,96.0,0.0
731.0,0.0,19.0,62.0,1.0,0.0,0.0,498.0,84.0,0.0
760.0,0.0,19.0,62.0,1.0,0.0,0.0,525.0,82.0,0.0
575.0,0.0,11.0,46.0,1.0,0.0,0.0,390.0,56.0,0.0
772.0,0.0,19.0,65.0,1.0,0.0,0.0,518.0,97.0,0.0
633.0,0.0,11.0,59.0,2.0,0.0,0.0,411.0,77.0,0.0
762.0,0.0,19.0,64.0,1.0,0.0,0.0,518.0,89.0,0.0
818.0,1.0,19.0,65.0,1.0,0.0,0.0,558.0,93.0,0.0
572.0,0.0,11.0,45.0,1.0,0.0,0.0,381.0,62.0,0.0
502.0,0.0,6.0,33.0,1.0,0.0,0.0,338.0,48.0,0.0
759.0,0.0,19.0,61.0,1.0,0.0,0.0,515.0,91.0,0.0
822.0,1.0,19.0,62.0,1.0,0.0,0.0,567.0,91.0,0.0
751.0,0.0,19.0,63.0,1.0,0.0,0.0,505.0,91.0,0.0
631.0,1.0,11.0,43.0,1.0,0.0,0.0,436.0,56.0,0.0
823.0,1.0,19.0,63.0,1.0,0.0,0.0,563.0,93.0,0.0
737.0,1.0,11.0,57.0,1.0,0.0,0.0,489.0,95.0,0.0
817.0,0.0,19.0,64.0,1.0,0.0,0.0,563.0,90.0,0.0
823.0,1.0,19.0,64.0,1.0,0.0,0.0,564.0,92.0,0.0
574.0,0.0,11.0,46.0,1.0,0.0,0.0,385.0,57.0,0.0
805.0,0.0,19.0,61.0,1.0,0.0,0.0,552.0,95.0,0.0
759.0,0.0,19.0,64.0,1.0,0.0,0.0,518.0,86.0,0.0
821.0,1.0,19.0,64.0,1.0,0.0,0.0,557.0,94.0,0.0
801.0,1.0,19.0,62.0,1.0,0.0,0.0,546.0,91.0,0.0
820.0,1.0,19.0,63.0,1.0,0.0,0.0,558.0,96.0,0.0
636.0,1.0,11.0,44.0,1.0,0.0,0.0,436.0,57.0,0.0
589.0,0.0,7.0,39.0,1.0,0.0,0.0,385.0,80.0,0.0
658.0,1.0,9.0,44.0,2.0,0.0,0.0,422.0,95.0,0.0
591.0,0.0,7.0,53.0,2.0,0.0,0.0,369.0,82.0,0.0
824.0,1.0,19.0,63.0,1.0,0.0,0.0,568.0,91.0,0.0
638.0,1.0,11.0,44.0,1.0,0.0,0.0,435.0,60.0,0.0
761.0,0.0,19.0,62.0,1.0,0.0,0.0,516.0,90.0,0.0
581.0,0.0,7.0,50.0,2.0,0.0,0.0,366.0,78.0,0.0
521.0,0.0,6.0,35.0,1.0,0.0,0.0,346.0,53.0,0.0
512.0,0.0,6.0,35.0,1.0,0.0,0.0,344.0,50.0,0.0
590.0,0.0,9.0,44.0,1.0,0.0,0.0,370.0,92.0,0.0
504.0,0.0,6.0,33.0,1.0,0.0,0.0,333.0,52.0,0.0
718.0,1.0,11.0,51.0,3.0,0.0,0.0,486.0,70.0,0.0
767.0,0.0,19.0,62.0,1.0,0.0,0.0,520.0,91.0,0.0
748.0,0.0,19.0,61.0,1.0,0.0,0.0,509.0,87.0,0.0
644.0,1.0,11.0,45.0,1.0,0.0,0.0,452.0,51.0,0.0
641.0,0.0,11.0,51.0,1.0,0.0,0.0,420.0,85.0,0.0
890.0,1.0,19.0,76.0,1.0,0.0,0.0,596.0,116.0,0.0
738.0,0.0,19.0,63.0,1.0,0.0,0.0,497.0,91.0,0.0
508.0,0.0,6.0,35.0,1.0,0.0,0.0,338.0,52.0,0.0
748.0,0.0,19.0,66.0,1.0,0.0,0.0,496.0,97.0,0.0
509.0,0.0,6.0,34.0,1.0,0.0,0.0,344.0,48.0,0.0
570.0,0.0,11.0,45.0,1.0,0.0,0.0,382.0,60.0,0.0
558.0,0.0,7.0,43.0,2.0,0.0,0.0,364.0,64.0,0.0
624.0,1.0,7.0,45.0,1.0,0.0,0.0,417.0,66.0,0.0
523.0,0.0,6.0,35.0,1.0,0.0,0.0,352.0,52.0,0.0
802.0,1.0,19.0,62.0,1.0,0.0,0.0,551.0,88.0,0.0
578.0,0.0,7.0,48.0,4.0,0.0,0.0,374.0,65.0,0.0
647.0,0.0,11.0,51.0,1.0,0.0,0.0,431.0,80.0,0.0
737.0,0.0,19.0,61.0,1.0,0.0,0.0,505.0,83.0,0.0
523.0,0.0,6.0,34.0,1.0,0.0,0.0,357.0,45.0,0.0
747.0,0.0,19.0,63.0,1.0,0.0,0.0,504.0,92.0,0.0
631.0,1.0,7.0,44.0,3.0,0.0,0.0,420.0,66.0,0.0
842.0,1.0,19.0,61.0,1.0,0.0,0.0,587.0,90.0,0.0
512.0,0.0,6.0,33.0,1.0,0.0,0.0,343.0,49.0,0.0
631.0,1.0,11.0,44.0,1.0,0.0,0.0,433.0,58.0,0.0
708.0,1.0,11.0,48.0,3.0,0.0,0.0,486.0,66.0,0.0
933.0,1.0,19.0,76.0,1.0,0.0,0.0,614.0,140.0,0.0
838.0,1.0,19.0,65.0,1.0,0.0,0.0,575.0,94.0,0.0
832.0,0.0,19.0,69.0,1.0,0.0,0.0,549.0,121.0,0.0
593.0,0.0,7.0,43.0,1.0,0.0,0.0,377.0,88.0,0.0
759.0,0.0,19.0,67.0,1.0,0.0,0.0,504.0,100.0,0.0
523.0,0.0,6.0,35.0,2.0,0.0,0.0,354.0,50.0,0.0
750.0,0.0,19.0,66.0,1.0,0.0,0.0,500.0,92.0,0.0
631.0,1.0,11.0,44.0,1.0,0.0,0.0,428.0,62.0,0.0
665.0,1.0,11.0,51.0,1.0,0.0,0.0,443.0,70.0,0.0
505.0,0.0,6.0,32.0,1.0,0.0,0.0,321.0,69.0,0.0
477.0,0.0,6.0,31.0,1.0,0.0,0.0,312.0,51.0,0.0
501.0,0.0,6.0,33.0,1.0,0.0,0.0,335.0,49.0,0.0
833.0,1.0,19.0,62.0,1.0,0.0,0.0,578.0,91.0,0.0
682.0,0.0,7.0,53.0,1.0,1.0,0.0,456.0,81.0,0.0
737.0,0.0,19.0,63.0,1.0,0.0,0.0,502.0,84.0,0.0
641.0,1.0,11.0,45.0,1.0,0.0,0.0,445.0,54.0,0.0
825.0,1.0,19.0,64.0,1.0,0.0,0.0,558.0,101.0,0.0
639.0,1.0,11.0,43.0,1.0,0.0,0.0,441.0,59.0,0.0
550.0,0.0,9.0,44.0,2.0,0.0,0.0,357.0,64.0,0.0
625.0,1.0,7.0,44.0,2.0,0.0,0.0,415.0,67.0,0.0
825.0,1.0,19.0,64.0,1.0,0.0,0.0,560.0,97.0,0.0
572.0,0.0,11.0,43.0,1.0,0.0,0.0,395.0,50.0,0.0
636.0,0.0,11.0,54.0,1.0,0.0,0.0,415.0,84.0,0.0
518.0,0.0,7.0,35.0,1.0,0.0,0.0,350.0,49.0,0.0
513.0,0.0,6.0,34.0,1.0,0.0,0.0,343.0,50.0,0.0
566.0,0.0,11.0,43.0,1.0,0.0,0.0,389.0,51.0,0.0
800.0,0.0,19.0,71.0,3.0,0.0,0.0,523.0,110.0,0.0
825.0,1.0,19.0,62.0,1.0,0.0,0.0,568.0,92.0,0.0
832.0,1.0,19.0,64.0,1.0,0.0,0.0,572.0,93.0,0.0
681.0,1.0,11.0,47.0,1.0,0.0,0.0,454.0,83.0,0.0
638.0,1.0,7.0,39.0,1.0,0.0,0.0,424.0,78.0,0.0
520.0,0.0,7.0,36.0,1.0,0.0,0.0,352.0,48.0,0.0
829.0,1.0,19.0,63.0,1.0,0.0,0.0,566.0,95.0,0.0
645.0,1.0,9.0,42.0,2.0,0.0,0.0,423.0,83.0,0.0
514.0,0.0,7.0,35.0,1.0,0.0,0.0,347.0,49.0,0.0
565.0,0.0,7.0,39.0,1.0,0.0,0.0,363.0,79.0,0.0
834.0,1.0,19.0,63.0,1.0,0.0,0.0,572.0,93.0,0.0
606.0,1.0,9.0,39.0,2.0,0.0,0.0,412.0,59.0,0.0
496.0,0.0,6.0,31.0,1.0,0.0,0.0,313.0,69.0,0.0
879.0,1.0,19.0,76.0,4.0,0.0,0.0,589.0,102.0,0.0
567.0,0.0,11.0,44.0,1.0,0.0,0.0,384.0,53.0,0.0
511.0,0.0,6.0,34.0,1.0,0.0,0.0,349.0,45.0,0.0
807.0,1.0,19.0,64.0,1.0,0.0,0.0,544.0,97.0,0.0
537.0,0.0,9.0,39.0,2.0,0.0,0.0,357.0,58.0,0.0
851.0,1.0,19.0,63.0,1.0,0.0,0.0,588.0,93.0,0.0
513.0,0.0,6.0,34.0,1.0,0.0,0.0,338.0,56.0,0.0
833.0,1.0,19.0,65.0,1.0,0.0,0.0,569.0,96.0,0.0
752.0,0.0,19.0,61.0,1.0,0.0,0.0,512.0,88.0,0.0
814.0,1.0,19.0,63.0,1.0,0.0,0.0,555.0,94.0,0.0
761.0,0.0,19.0,64.0,1.0,0.0,0.0,516.0,91.0,0.0
878.0,1.0,19.0,65.0,1.0,0.0,0.0,592.0,117.0,0.0
830.0,1.0,19.0,63.0,1.0,0.0,0.0,565.0,99.0,0.0
749.0,0.0,19.0,64.0,1.0,0.0,0.0,509.0,87.0,0.0
508.0,0.0,7.0,36.0,1.0,0.0,0.0,337.0,52.0,0.0
821.0,1.0,19.0,63.0,1.0,0.0,0.0,561.0,94.0,0.0
828.0,1.0,19.0,65.0,1.0,0.0,0.0,564.0,95.0,0.0
650.0,1.0,7.0,50.0,2.0,0.0,0.0,424.0,76.0,0.0
575.0,0.0,11.0,46.0,1.0,0.0,0.0,384.0,59.0,0.0
837.0,0.0,19.0,69.0,1.0,0.0,0.0,544.0,132.0,0.0
526.0,0.0,6.0,35.0,1.0,0.0,0.0,355.0,50.0,0.0
623.0,0.0,11.0,47.0,1.0,0.0,0.0,407.0,85.0,0.0
646.0,1.0,7.0,40.0,3.0,0.0,0.0,439.0,59.0,0.0
815.0,0.0,19.0,84.0,2.0,0.0,0.0,509.0,130.0,0.0
575.0,0.0,11.0,45.0,1.0,0.0,0.0,384.0,60.0,0.0
613.0,0.0,7.0,46.0,1.0,0.0,0.0,428.0,52.0,0.0
809.0,1.0,19.0,62.0,1.0,0.0,0.0,554.0,93.0,0.0
806.0,1.0,19.0,63.0,1.0,0.0,0.0,552.0,92.0,0.0
597.0,1.0,7.0,39.0,1.0,0.0,0.0,405.0,57.0,0.0
542.0,0.0,9.0,39.0,2.0,0.0,0.0,367.0,51.0,0.0
830.0,1.0,19.0,62.0,1.0,0.0,0.0,574.0,90.0,0.0
690.0,1.0,11.0,49.0,1.0,0.0,0.0,453.0,88.0,0.0
762.0,0.0,19.0,62.0,1.0,0.0,0.0,517.0,92.0,0.0
533.0,0.0,6.0,35.0,1.0,0.0,0.0,347.0,67.0,0.0
738.0,0.0,19.0,63.0,1.0,0.0,0.0,499.0,87.0,0.0
490.0,0.0,6.0,32.0,1.0,0.0,0.0,327.0,48.0,0.0
570.0,0.0,11.0,45.0,1.0,0.0,0.0,388.0,53.0,0.0
752.0,0.0,19.0,62.0,1.0,0.0,0.0,509.0,90.0,0.0
1167.0,1.0,7.0,144.0,1.0,0.0,0.0,473.0,451.0,0.0
769.0,0.0,19.0,65.0,1.0,0.0,0.0,524.0,89.0,0.0
789.0,0.0,19.0,65.0,1.0,0.0,0.0,533.0,99.0,0.0
618.0,1.0,7.0,47.0,4.0,0.0,0.0,398.0,73.0,0.0
767.0,0.0,19.0,63.0,1.0,0.0,0.0,520.0,91.0,0.0
687.0,1.0,7.0,56.0,2.0,0.0,0.0,431.0,100.0,0.0
769.0,0.0,19.0,62.0,1.0,0.0,0.0,519.0,97.0,0.0
509.0,0.0,6.0,34.0,1.0,0.0,0.0,335.0,57.0,0.0
795.0,1.0,19.0,62.0,1.0,0.0,0.0,546.0,85.0,0.0
645.0,1.0,11.0,46.0,1.0,0.0,0.0,445.0,55.0,0.0
605.0,1.0,7.0,36.0,1.0,0.0,0.0,418.0,54.0,0.0
646.0,1.0,7.0,43.0,1.0,0.0,0.0,439.0,66.0,0.0
575.0,0.0,11.0,46.0,1.0,0.0,0.0,390.0,53.0,0.0
829.0,1.0,19.0,63.0,1.0,0.0,0.0,577.0,87.0,0.0
512.0,0.0,6.0,34.0,1.0,0.0,0.0,350.0,42.0,0.0
757.0,0.0,19.0,64.0,1.0,0.0,0.0,511.0,92.0,0.0
733.0,0.0,19.0,60.0,1.0,0.0,0.0,498.0,86.0,0.0
630.0,1.0,7.0,45.0,1.0,0.0,0.0,419.0,70.0,0.0
484.0,0.0,6.0,31.0,1.0,0.0,0.0,316.0,54.0,0.0
827.0,1.0,19.0,62.0,1.0,0.0,0.0,572.0,90.0,0.0
498.0,0.0,6.0,33.0,1.0,0.0,0.0,337.0,46.0,0.0
544.0,0.0,9.0,40.0,2.0,0.0,0.0,363.0,56.0,0.0
822.0,1.0,19.0,64.0,1.0,0.0,0.0,561.0,97.0,0.0
540.0,0.0,9.0,40.0,2.0,0.0,0.0,355.0,62.0,0.0
767.0,0.0,19.0,63.0,1.0,0.0,0.0,519.0,93.0,0.0
840.0,1.0,19.0,65.0,1.0,0.0,0.0,575.0,96.0,0.0
918.0,1.0,19.0,76.0,4.0,0.0,0.0,617.0,112.0,0.0
638.0,1.0,11.0,45.0,1.0,0.0,0.0,433.0,61.0,0.0
635.0,1.0,11.0,43.0,1.0,0.0,0.0,436.0,60.0,0.0
836.0,1.0,19.0,62.0,1.0,0.0,0.0,583.0,89.0,0.0
839.0,0.0,19.0,73.0,1.0,0.0,0.0,569.0,103.0,0.0
517.0,0.0,7.0,35.0,1.0,0.0,0.0,342.0,56.0,0.0
676.0,1.0,11.0,52.0,2.0,0.0,0.0,454.0,68.0,0.0
1136.0,0.0,11.0,153.0,1.0,0.0,0.0,445.0,450.0,0.0
522.0,0.0,6.0,34.0,1.0,0.0,0.0,340.0,65.0,0.0
822.0,1.0,19.0,61.0,1.0,0.0,0.0,567.0,91.0,0.0
828.0,1.0,19.0,62.0,1.0,0.0,0.0,570.0,91.0,0.0
604.0,0.0,9.0,39.0,2.0,0.0,0.0,414.0,56.0,0.0
834.0,1.0,19.0,63.0,1.0,0.0,0.0,570.0,99.0,0.0
800.0,1.0,19.0,63.0,1.0,0.0,0.0,535.0,101.0,0.0
804.0,0.0,19.0,74.0,2.0,0.0,0.0,531.0,106.0,0.0
654.0,1.0,11.0,48.0,1.0,0.0,0.0,443.0,64.0,0.0
757.0,0.0,19.0,63.0,1.0,0.0,0.0,512.0,93.0,0.0
640.0,1.0,11.0,45.0,1.0,0.0,0.0,444.0,54.0,0.0
822.0,1.0,19.0,64.0,1.0,0.0,0.0,565.0,89.0,0.0
842.0,1.0,19.0,63.0,1.0,0.0,0.0,584.0,91.0,0.0
840.0,0.0,19.0,79.0,1.0,0.0,0.0,550.0,120.0,0.0
609.0,1.0,9.0,40.0,2.0,0.0,0.0,415.0,58.0,0.0
578.0,0.0,7.0,41.0,1.0,0.0,0.0,367.0,86.0,0.0
755.0,0.0,19.0,64.0,1.0,0.0,0.0,508.0,92.0,0.0
594.0,0.0,9.0,44.0,2.0,0.0,0.0,381.0,85.0,0.0
506.0,0.0,7.0,36.0,1.0,0.0,0.0,338.0,49.0,0.0
739.0,0.0,19.0,64.0,1.0,0.0,0.0,492.0,97.0,0.0
618.0,0.0,11.0,47.0,1.0,0.0,0.0,404.0,80.0,0.0
688.0,1.0,9.0,47.0,2.0,0.0,0.0,444.0,98.0,0.0
781.0,0.0,19.0,64.0,1.0,0.0,0.0,536.0,89.0,0.0
818.0,1.0,19.0,63.0,1.0,0.0,0.0,557.0,96.0,0.0
507.0,0.0,6.0,34.0,1.0,0.0,0.0,335.0,53.0,0.0
820.0,1.0,19.0,62.0,1.0,0.0,0.0,573.0,83.0,0.0
524.0,0.0,6.0,34.0,1.0,0.0,0.0,343.0,63.0,0.0
502.0,0.0,6.0,33.0,1.0,0.0,0.0,338.0,47.0,0.0
619.0,1.0,7.0,36.0,1.0,0.0,0.0,431.0,54.0,0.0
646.0,1.0,11.0,45.0,1.0,0.0,0.0,435.0,67.0,0.0
673.0,0.0,7.0,53.0,1.0,1.0,0.0,445.0,83.0,0.0
486.0,0.0,6.0,32.0,1.0,0.0,0.0,330.0,42.0,0.0
829.0,0.0,19.0,76.0,4.0,0.0,0.0,547.0,107.0,0.0
816.0,1.0,19.0,61.0,1.0,0.0,0.0,566.0,88.0,0.0
774.0,0.0,19.0,64.0,1.0,0.0,0.0,522.0,96.0,0.0
582.0,0.0,11.0,47.0,1.0,0.0,0.0,394.0,58.0,0.0
513.0,0.0,7.0,35.0,1.0,0.0,0.0,350.0,45.0,0.0
666.0,1.0,7.0,43.0,1.0,0.0,0.0,446.0,78.0,0.0
634.0,0.0,11.0,44.0,1.0,0.0,0.0,431.0,61.0,0.0
757.0,0.0,19.0,65.0,1.0,0.0,0.0,516.0,87.0,0.0
766.0,0.0,19.0,63.0,1.0,0.0,0.0,520.0,89.0,0.0
499.0,0.0,6.0,33.0,1.0,0.0,0.0,332.0,50.0,0.0
600.0,0.0,7.0,35.0,1.0,0.0,0.0,420.0,49.0,0.0
764.0,0.0,19.0,63.0,1.0,0.0,0.0,520.0,92.0,0.0
507.0,0.0,6.0,33.0,1.0,0.0,0.0,341.0,50.0,0.0
598.0,1.0,7.0,36.0,1.0,0.0,0.0,412.0,53.0,0.0
835.0,1.0,19.0,64.0,1.0,0.0,0.0,571.0,97.0,0.0
503.0,0.0,6.0,34.0,1.0,0.0,0.0,335.0,50.0,0.0
804.0,0.0,19.0,80.0,2.0,0.0,0.0,506.0,127.0,0.0
764.0,0.0,19.0,63.0,1.0,0.0,0.0,515.0,96.0,0.0
799.0,1.0,11.0,61.0,1.0,1.0,0.0,549.0,84.0,0.0
568.0,0.0,11.0,44.0,1.0,0.0,0.0,381.0,57.0,0.0
636.0,1.0,7.0,50.0,2.0,0.0,0.0,404.0,83.0,0.0
493.0,0.0,6.0,32.0,1.0,0.0,0.0,328.0,51.0,0.0
834.0,1.0,19.0,68.0,1.0,0.0,0.0,564.0,99.0,0.0
713.0,1.0,11.0,52.0,1.0,0.0,0.0,466.0,98.0,0.0
750.0,0.0,19.0,65.0,1.0,0.0,0.0,501.0,93.0,0.0
613.0,1.0,9.0,43.0,2.0,0.0,0.0,410.0,64.0,0.0
601.0,0.0,7.0,56.0,2.0,0.0,0.0,368.0,90.0,0.0
857.0,1.0,19.0,67.0,1.0,0.0,0.0,568.0,123.0,0.0
740.0,0.0,19.0,60.0,1.0,0.0,0.0,506.0,84.0,0.0
932.0,1.0,19.0,76.0,1.0,0.0,0.0,621.0,133.0,0.0
636.0,1.0,11.0,44.0,1.0,0.0,0.0,443.0,53.0,0.0
702.0,1.0,11.0,58.0,2.0,0.0,0.0,465.0,80.0,0.0
637.0,0.0,11.0,44.0,1.0,0.0,0.0,436.0,59.0,0.0
783.0,0.0,19.0,66.0,1.0,0.0,0.0,536.0,87.0,0.0
789.0,0.0,19.0,67.0,1.0,0.0,0.0,541.0,92.0,0.0
605.0,0.0,11.0,47.0,1.0,0.0,0.0,396.0,78.0,0.0
677.0,1.0,7.0,40.0,3.0,0.0,0.0,467.0,61.0,0.0
640.0,1.0,11.0,46.0,1.0,0.0,0.0,443.0,55.0,0.0
789.0,0.0,19.0,66.0,1.0,0.0,0.0,524.0,113.0,0.0
836.0,1.0,19.0,62.0,1.0,0.0,0.0,577.0,93.0,0.0
763.0,0.0,19.0,65.0,1.0,0.0,0.0,520.0,88.0,0.0
713.0,1.0,11.0,52.0,1.0,0.0,0.0,458.0,103.0,0.0
829.0,1.0,19.0,63.0,1.0,0.0,0.0,567.0,96.0,0.0
752.0,0.0,19.0,62.0,1.0,0.0,0.0,516.0,83.0,0.0
526.0,0.0,7.0,36.0,1.0,0.0,0.0,350.0,56.0,0.0
658.0,1.0,9.0,43.0,1.0,0.0,0.0,429.0,87.0,0.0
741.0,0.0,19.0,63.0,1.0,0.0,0.0,498.0,91.0,0.0
681.0,1.0,11.0,56.0,4.0,0.0,0.0,451.0,71.0,0.0
836.0,1.0,19.0,62.0,1.0,0.0,0.0,579.0,93.0,0.0
636.0,1.0,11.0,43.0,1.0,0.0,0.0,442.0,54.0,0.0
846.0,1.0,19.0,61.0,1.0,0.0,0.0,588.0,90.0,0.0
642.0,1.0,11.0,45.0,1.0,0.0,0.0,441.0,59.0,0.0
763.0,0.0,19.0,64.0,1.0,0.0,0.0,508.0,96.0,0.0
806.0,1.0,19.0,63.0,1.0,0.0,0.0,542.0,99.0,0.0
564.0,0.0,11.0,44.0,1.0,0.0,0.0,380.0,57.0,0.0
568.0,0.0,11.0,46.0,1.0,0.0,0.0,385.0,54.0,0.0
824.0,1.0,19.0,62.0,1.0,0.0,0.0,564.0,95.0,0.0
703.0,1.0,11.0,52.0,1.0,0.0,0.0,485.0,65.0,0.0
810.0,1.0,19.0,65.0,1.0,0.0,0.0,548.0,97.0,0.0
615.0,1.0,9.0,40.0,2.0,0.0,0.0,418.0,59.0,0.0
775.0,0.0,19.0,65.0,1.0,0.0,0.0,522.0,95.0,0.0
863.0,1.0,19.0,67.0,1.0,0.0,0.0,566.0,129.0,0.0
534.0,0.0,7.0,35.0,1.0,0.0,0.0,360.0,55.0,0.0
823.0,1.0,19.0,61.0,1.0,0.0,0.0,567.0,91.0,0.0
563.0,0.0,11.0,44.0,1.0,0.0,0.0,385.0,51.0,0.0
829.0,1.0,19.0,62.0,1.0,0.0,0.0,566.0,98.0,0.0
608.0,0.0,9.0,47.0,2.0,0.0,0.0,394.0,82.0,0.0
763.0,0.0,19.0,63.0,1.0,0.0,0.0,514.0,96.0,0.0
751.0,0.0,19.0,63.0,1.0,0.0,0.0,519.0,80.0,0.0
768.0,0.0,19.0,68.0,1.0,0.0,0.0,502.0,109.0,0.0
593.0,0.0,7.0,43.0,1.0,0.0,0.0,387.0,78.0,0.0
637.0,1.0,11.0,45.0,1.0,0.0,0.0,444.0,52.0,0.0
822.0,1.0,19.0,64.0,1.0,0.0,0.0,562.0,94.0,0.0
818.0,1.0,19.0,62.0,1.0,0.0,0.0,560.0,93.0,0.0
732.0,0.0,19.0,61.0,1.0,0.0,0.0,494.0,90.0,0.0
679.0,1.0,7.0,43.0,1.0,0.0,0.0,446.0,92.0,0.0
523.0,0.0,6.0,34.0,1.0,0.0,0.0,335.0,69.0,0.0
497.0,0.0,6.0,32.0,1.0,0.0,0.0,337.0,45.0,0.0
487.0,0.0,6.0,32.0,1.0,0.0,0.0,320.0,53.0,0.0
818.0,0.0,19.0,80.0,2.0,0.0,0.0,517.0,129.0,0.0
662.0,1.0,9.0,43.0,2.0,0.0,0.0,438.0,84.0,0.0
634.0,1.0,11.0,43.0,1.0,0.0,0.0,434.0,61.0,0.0
636.0,1.0,11.0,44.0,1.0,0.0,0.0,431.0,62.0,0.0
483.0,0.0,6.0,31.0,1.0,0.0,0.0,318.0,52.0,0.0
502.0,0.0,6.0,32.0,1.0,0.0,0.0,333.0,54.0,0.0
785.0,0.0,19.0,64.0,1.0,0.0,0.0,537.0,92.0,0.0
573.0,0.0,7.0,40.0,1.0,0.0,0.0,363.0,86.0,0.0
569.0,0.0,7.0,48.0,4.0,0.0,0.0,365.0,65.0,0.0
740.0,0.0,19.0,65.0,1.0,0.0,0.0,493.0,91.0,0.0
639.0,1.0,11.0,45.0,1.0,0.0,0.0,439.0,56.0,0.0
676.0,0.0,11.0,57.0,1.0,0.0,0.0,436.0,100.0,0.0
518.0,0.0,6.0,33.0,1.0,0.0,0.0,330.0,71.0,0.0
631.0,0.0,11.0,43.0,1.0,0.0,0.0,444.0,49.0,0.0
770.0,0.0,19.0,65.0,1.0,0.0,0.0,523.0,91.0,0.0
578.0,0.0,7.0,41.0,1.0,0.0,0.0,362.0,91.0,0.0
907.0,1.0,19.0,86.0,2.0,0.0,0.0,579.0,136.0,0.0
1076.0,0.0,7.0,144.0,1.0,0.0,0.0,405.0,442.0,0.0
667.0,1.0,7.0,47.0,1.0,0.0,0.0,445.0,79.0,0.0
503.0,0.0,6.0,33.0,1.0,0.0,0.0,333.0,53.0,0.0
748.0,0.0,19.0,63.0,1.0,0.0,0.0,507.0,89.0,0.0
606.0,1.0,9.0,39.0,2.0,0.0,0.0,409.0,62.0,0.0
835.0,0.0,19.0,61.0,1.0,0.0,0.0,587.0,85.0,0.0
671.0,1.0,9.0,47.0,2.0,0.0,0.0,453.0,73.0,0.0
830.0,1.0,19.0,64.0,1.0,0.0,0.0,559.0,101.0,0.0
488.0,0.0,6.0,32.0,1.0,0.0,0.0,326.0,47.0,0.0
896.0,1.0,19.0,73.0,1.0,0.0,0.0,595.0,125.0,0.0
492.0,0.0,6.0,32.0,1.0,0.0,0.0,326.0,48.0,0.0
818.0,1.0,19.0,63.0,1.0,0.0,0.0,560.0,90.0,0.0
812.0,1.0,19.0,61.0,1.0,0.0,0.0,556.0,93.0,0.0
523.0,0.0,6.0,34.0,1.0,0.0,0.0,351.0,51.0,0.0
555.0,0.0,7.0,40.0,1.0,0.0,0.0,375.0,54.0,0.0
519.0,0.0,6.0,34.0,1.0,0.0,0.0,333.0,69.0,0.0
882.0,1.0,19.0,73.0,1.0,0.0,0.0,583.0,124.0,0.0
710.0,1.0,11.0,54.0,1.0,0.0,0.0,467.0,90.0,0.0
551.0,0.0,11.0,44.0,1.0,0.0,0.0,365.0,58.0,0.0
671.0,1.0,7.0,56.0,2.0,0.0,0.0,425.0,90.0,0.0
822.0,1.0,19.0,60.0,1.0,0.0,0.0,563.0,94.0,0.0
813.0,1.0,19.0,63.0,1.0,0.0,0.0,554.0,94.0,0.0
640.0,0.0,11.0,46.0,1.0,0.0,0.0,436.0,60.0,0.0
607.0,1.0,7.0,36.0,1.0,0.0,0.0,421.0,53.0,0.0
759.0,0.0,19.0,63.0,1.0,0.0,0.0,513.0,90.0,0.0
774.0,0.0,19.0,62.0,1.0,0.0,0.0,528.0,90.0,0.0
641.0,1.0,11.0,44.0,1.0,0.0,0.0,441.0,57.0,0.0
737.0,0.0,19.0,62.0,1.0,0.0,0.0,497.0,90.0,0.0
553.0,0.0,7.0,44.0,2.0,0.0,0.0,358.0,65.0,0.0
858.0,1.0,19.0,66.0,1.0,0.0,0.0,589.0,98.0,0.0
644.0,1.0,11.0,46.0,1.0,0.0,0.0,441.0,61.0,0.0
679.0,1.0,11.0,55.0,2.0,0.0,0.0,448.0,77.0,0.0
676.0,1.0,11.0,53.0,4.0,0.0,0.0,457.0,66.0,0.0
495.0,0.0,6.0,32.0,1.0,0.0,0.0,324.0,53.0,0.0
579.0,0.0,7.0,41.0,1.0,0.0,0.0,366.0,88.0,0.0
635.0,1.0,11.0,43.0,1.0,0.0,0.0,445.0,50.0,0.0
844.0,1.0,19.0,64.0,1.0,0.0,0.0,569.0,106.0,0.0
624.0,1.0,7.0,40.0,1.0,0.0,0.0,421.0,64.0,0.0
818.0,1.0,19.0,62.0,1.0,0.0,0.0,558.0,97.0,0.0
573.0,0.0,7.0,50.0,2.0,0.0,0.0,358.0,79.0,0.0
569.0,0.0,11.0,43.0,1.0,0.0,0.0,392.0,51.0,0.0
658.0,1.0,7.0,43.0,1.0,0.0,0.0,439.0,78.0,0.0
803.0,1.0,19.0,62.0,1.0,0.0,0.0,554.0,88.0,0.0
582.0,0.0,9.0,48.0,3.0,0.0,0.0,376.0,70.0,0.0
524.0,0.0,6.0,35.0,1.0,0.0,0.0,355.0,47.0,0.0
575.0,0.0,9.0,47.0,2.0,0.0,0.0,374.0,66.0,0.0
688.0,1.0,11.0,47.0,1.0,0.0,0.0,461.0,80.0,0.0
659.0,1.0,9.0,49.0,2.0,0.0,0.0,443.0,69.0,0.0
648.0,0.0,11.0,55.0,1.0,0.0,0.0,425.0,85.0,0.0
743.0,0.0,19.0,64.0,1.0,0.0,0.0,501.0,90.0,0.0
664.0,1.0,9.0,48.0,4.0,0.0,0.0,449.0,64.0,0.0
816.0,0.0,19.0,73.0,1.0,0.0,0.0,530.0,123.0,0.0
732.0,0.0,19.0,63.0,1.0,0.0,0.0,494.0,86.0,0.0
794.0,0.0,19.0,70.0,1.0,0.0,0.0,535.0,100.0,0.0
578.0,0.0,9.0,47.0,3.0,0.0,0.0,375.0,70.0,0.0
911.0,1.0,19.0,73.0,3.0,0.0,0.0,625.0,101.0,0.0
503.0,0.0,6.0,33.0,1.0,0.0,0.0,335.0,51.0,0.0
809.0,0.0,19.0,73.0,1.0,0.0,0.0,546.0,98.0,0.0
793.0,1.0,19.0,62.0,1.0,0.0,0.0,543.0,87.0,0.0
615.0,0.0,11.0,53.0,1.0,0.0,0.0,405.0,73.0,0.0
765.0,0.0,19.0,67.0,1.0,0.0,0.0,515.0,91.0,0.0
758.0,0.0,19.0,63.0,2.0,0.0,0.0,514.0,91.0,0.0
524.0,0.0,6.0,34.0,1.0,0.0,0.0,329.0,76.0,0.0
809.0,1.0,19.0,62.0,1.0,0.0,0.0,554.0,91.0,0.0
663.0,1.0,7.0,47.0,1.0,0.0,0.0,440.0,80.0,0.0
564.0,0.0,11.0,43.0,1.0,0.0,0.0,389.0,49.0,0.0
668.0,1.0,7.0,48.0,4.0,0.0,0.0,453.0,62.0,0.0
741.0,0.0,19.0,63.0,1.0,0.0,0.0,509.0,76.0,0.0
745.0,0.0,19.0,62.0,1.0,0.0,0.0,500.0,94.0,0.0
652.0,1.0,7.0,53.0,2.0,0.0,0.0,408.0,92.0,0.0
619.0,0.0,11.0,54.0,1.0,0.0,0.0,405.0,74.0,0.0
755.0,0.0,19.0,62.0,1.0,0.0,0.0,516.0,86.0,0.0
478.0,0.0,6.0,32.0,1.0,0.0,0.0,315.0,49.0,0.0
718.0,1.0,11.0,64.0,2.0,0.0,0.0,452.0,100.0,0.0
853.0,1.0,19.0,65.0,1.0,0.0,0.0,580.0,101.0,0.0
500.0,0.0,6.0,34.0,1.0,0.0,0.0,331.0,51.0,0.0
749.0,0.0,19.0,63.0,1.0,0.0,0.0,502.0,92.0,0.0
822.0,1.0,19.0,64.0,1.0,0.0,0.0,559.0,94.0,0.0
507.0,0.0,6.0,33.0,1.0,0.0,0.0,345.0,45.0,0.0
611.0,0.0,11.0,53.0,1.0,0.0,0.0,407.0,66.0,0.0
613.0,0.0,11.0,52.0,3.0,0.0,0.0,410.0,63.0,0.0
826.0,1.0,19.0,61.0,1.0,0.0,0.0,570.0,92.0,0.0
845.0,0.0,19.0,77.0,1.0,0.0,0.0,545.0,134.0,0.0
505.0,0.0,6.0,33.0,1.0,0.0,0.0,339.0,50.0,0.0
777.0,0.0,19.0,63.0,1.0,0.0,0.0,531.0,90.0,0.0
699.0,1.0,11.0,56.0,4.0,0.0,0.0,461.0,78.0,0.0
759.0,0.0,19.0,63.0,1.0,0.0,0.0,518.0,89.0,0.0
638.0,1.0,11.0,44.0,1.0,0.0,0.0,433.0,62.0,0.0
829.0,1.0,19.0,63.0,1.0,0.0,0.0,573.0,89.0,0.0
756.0,0.0,19.0,62.0,1.0,0.0,0.0,513.0,88.0,0.0
647.0,1.0,11.0,45.0,1.0,0.0,0.0,445.0,61.0,0.0
602.0,1.0,7.0,35.0,1.0,0.0,0.0,419.0,51.0,0.0
490.0,0.0,6.0,32.0,1.0,0.0,0.0,325.0,50.0,0.0
841.0,1.0,19.0,64.0,1.0,0.0,0.0,575.0,96.0,0.0
661.0,1.0,11.0,53.0,4.0,0.0,0.0,428.0,79.0,0.0
840.0,1.0,19.0,63.0,1.0,0.0,0.0,585.0,87.0,0.0
853.0,1.0,19.0,63.0,1.0,0.0,0.0,591.0,91.0,0.0
656.0,1.0,7.0,56.0,2.0,0.0,0.0,409.0,92.0,0.0
522.0,0.0,6.0,34.0,1.0,0.0,0.0,338.0,66.0,0.0
575.0,0.0,11.0,45.0,1.0,0.0,0.0,393.0,54.0,0.0
755.0,0.0,19.0,64.0,1.0,0.0,0.0,511.0,91.0,0.0
765.0,0.0,19.0,62.0,1.0,0.0,0.0,517.0,93.0,0.0
641.0,1.0,11.0,44.0,1.0,0.0,0.0,436.0,62.0,0.0
739.0,0.0,11.0,62.0,1.0,1.0,0.0,498.0,84.0,0.0
576.0,0.0,11.0,45.0,1.0,0.0,0.0,382.0,63.0,0.0
670.0,1.0,11.0,55.0,4.0,0.0,0.0,444.0,71.0,0.0
571.0,0.0,11.0,45.0,1.0,0.0,0.0,378.0,62.0,0.0
672.0,1.0,9.0,44.0,4.0,0.0,0.0,455.0,65.0,0.0
809.0,1.0,19.0,64.0,1.0,0.0,0.0,553.0,90.0,0.0
528.0,0.0,7.0,39.0,1.0,0.0,0.0,348.0,58.0,0.0
652.0,1.0,7.0,41.0,1.0,0.0,0.0,428.0,85.0,0.0
827.0,0.0,19.0,63.0,1.0,0.0,0.0,568.0,93.0,0.0
742.0,0.0,19.0,61.0,1.0,0.0,0.0,507.0,85.0,0.0
734.0,0.0,19.0,64.0,1.0,0.0,0.0,490.0,93.0,0.0
585.0,0.0,7.0,45.0,1.0,0.0,0.0,375.0,82.0,0.0
621.0,0.0,11.0,54.0,1.0,0.0,0.0,412.0,69.0,0.0
613.0,0.0,11.0,56.0,4.0,0.0,0.0,396.0,71.0,0.0
852.0,1.0,19.0,65.0,1.0,0.0,0.0,594.0,87.0,0.0
836.0,1.0,19.0,61.0,1.0,0.0,0.0,572.0,97.0,0.0
639.0,0.0,11.0,44.0,1.0,0.0,0.0,435.0,62.0,0.0
563.0,0.0,11.0,43.0,1.0,0.0,0.0,389.0,48.0,0.0
855.0,1.0,19.0,64.0,1.0,0.0,0.0,587.0,99.0,0.0
839.0,1.0,19.0,66.0,1.0,0.0,0.0,573.0,96.0,0.0
758.0,0.0,19.0,63.0,1.0,0.0,0.0,511.0,93.0,0.0
827.0,1.0,19.0,64.0,1.0,0.0,0.0,566.0,93.0,0.0
490.0,0.0,6.0,32.0,1.0,0.0,0.0,320.0,56.0,0.0
573.0,0.0,11.0,47.0,1.0,0.0,0.0,384.0,59.0,0.0
743.0,0.0,19.0,63.0,1.0,0.0,0.0,502.0,90.0,0.0
575.0,0.0,11.0,45.0,1.0,0.0,0.0,385.0,62.0,0.0
504.0,0.0,6.0,32.0,1.0,0.0,0.0,319.0,70.0,0.0
493.0,0.0,6.0,33.0,1.0,0.0,0.0,327.0,51.0,0.0
517.0,0.0,6.0,35.0,1.0,0.0,0.0,346.0,51.0,0.0
653.0,1.0,11.0,48.0,1.0,0.0,0.0,441.0,65.0,0.0
481.0,0.0,6.0,31.0,1.0,0.0,0.0,319.0,49.0,0.0
564.0,0.0,11.0,43.0,1.0,0.0,0.0,378.0,59.0,0.0
801.0,0.0,19.0,66.0,1.0,0.0,0.0,524.0,122.0,0.0
653.0,1.0,7.0,45.0,1.0,0.0,0.0,427.0,85.0,0.0
658.0,1.0,7.0,45.0,1.0,0.0,0.0,426.0,90.0,0.0
814.0,1.0,19.0,64.0,1.0,0.0,0.0,555.0,94.0,0.0
611.0,0.0,11.0,52.0,2.0,0.0,0.0,395.0,75.0,0.0
525.0,0.0,6.0,35.0,1.0,0.0,0.0,362.0,44.0,0.0
523.0,0.0,6.0,35.0,1.0,0.0,0.0,352.0,49.0,0.0
867.0,1.0,19.0,71.0,1.0,0.0,0.0,574.0,121.0,0.0
824.0,1.0,19.0,65.0,1.0,0.0,0.0,560.0,96.0,0.0
580.0,0.0,11.0,47.0,1.0,0.0,0.0,387.0,60.0,0.0
835.0,1.0,19.0,67.0,1.0,0.0,0.0,563.0,101.0,0.0
766.0,0.0,19.0,61.0,1.0,0.0,0.0,520.0,92.0,0.0
749.0,0.0,19.0,62.0,1.0,0.0,0.0,504.0,94.0,0.0
503.0,0.0,6.0,33.0,1.0,0.0,0.0,340.0,48.0,0.0
754.0,0.0,19.0,63.0,1.0,0.0,0.0,505.0,92.0,0.0
795.0,1.0,19.0,62.0,1.0,0.0,0.0,542.0,91.0,0.0
893.0,1.0,19.0,70.0,1.0,0.0,0.0,600.0,120.0,0.0
809.0,1.0,19.0,61.0,1.0,0.0,0.0,554.0,92.0,0.0
750.0,0.0,19.0,63.0,1.0,0.0,0.0,515.0,83.0,0.0
495.0,0.0,6.0,33.0,1.0,0.0,0.0,331.0,48.0,0.0
750.0,0.0,19.0,61.0,1.0,0.0,0.0,519.0,80.0,0.0
627.0,0.0,11.0,56.0,1.0,0.0,0.0,408.0,77.0,0.0
761.0,0.0,19.0,65.0,1.0,0.0,0.0,512.0,93.0,0.0
637.0,0.0,11.0,50.0,1.0,0.0,0.0,414.0,89.0,0.0
772.0,0.0,19.0,64.0,1.0,0.0,0.0,529.0,86.0,0.0
637.0,1.0,11.0,45.0,1.0,0.0,0.0,435.0,58.0,0.0
609.0,1.0,9.0,40.0,2.0,0.0,0.0,410.0,63.0,0.0
749.0,0.0,19.0,62.0,1.0,0.0,0.0,511.0,87.0,0.0
645.0,1.0,11.0,45.0,1.0,0.0,0.0,441.0,60.0,0.0
623.0,1.0,7.0,43.0,2.0,0.0,0.0,413.0,68.0,0.0
787.0,0.0,19.0,67.0,1.0,0.0,0.0,515.0,119.0,0.0
591.0,0.0,11.0,48.0,1.0,0.0,0.0,390.0,68.0,0.0
611.0,1.0,9.0,39.0,2.0,0.0,0.0,423.0,51.0,0.0
543.0,0.0,9.0,40.0,2.0,0.0,0.0,364.0,54.0,0.0
639.0,1.0,11.0,44.0,1.0,0.0,0.0,448.0,51.0,0.0
513.0,0.0,6.0,34.0,1.0,0.0,0.0,341.0,51.0,0.0
498.0,0.0,6.0,32.0,1.0,0.0,0.0,326.0,55.0,0.0
891.0,1.0,19.0,70.0,1.0,0.0,0.0,585.0,130.0,0.0
745.0,1.0,11.0,57.0,1.0,0.0,0.0,486.0,105.0,0.0
617.0,0.0,7.0,56.0,2.0,0.0,0.0,384.0,90.0,0.0
854.0,1.0,19.0,64.0,1.0,0.0,0.0,588.0,95.0,0.0
643.0,1.0,11.0,45.0,1.0,0.0,0.0,440.0,59.0,0.0
752.0,0.0,19.0,61.0,1.0,0.0,0.0,516.0,82.0,0.0
637.0,1.0,11.0,43.0,1.0,0.0,0.0,446.0,52.0,0.0
618.0,0.0,11.0,53.0,1.0,0.0,0.0,411.0,70.0,0.0
740.0,0.0,19.0,63.0,1.0,0.0,0.0,499.0,88.0,0.0
570.0,0.0,11.0,45.0,1.0,0.0,0.0,381.0,58.0,0.0
749.0,0.0,19.0,64.0,1.0,0.0,0.0,507.0,89.0,0.0
587.0,0.0,7.0,47.0,2.0,0.0,0.0,380.0,73.0,0.0
495.0,0.0,6.0,33.0,1.0,0.0,0.0,335.0,44.0,0.0
683.0,1.0,9.0,47.0,2.0,0.0,0.0,463.0,75.0,0.0
634.0,0.0,11.0,48.0,3.0,0.0,0.0,429.0,62.0,0.0
494.0,0.0,6.0,31.0,1.0,0.0,0.0,324.0,53.0,0.0
823.0,1.0,19.0,61.0,1.0,0.0,0.0,566.0,96.0,0.0
653.0,0.0,11.0,54.0,1.0,0.0,0.0,424.0,87.0,0.0
748.0,0.0,19.0,63.0,1.0,0.0,0.0,511.0,84.0,0.0
643.0,1.0,11.0,46.0,1.0,0.0,0.0,438.0,63.0,0.0
818.0,1.0,19.0,62.0,1.0,0.0,0.0,562.0,92.0,0.0
825.0,1.0,19.0,64.0,1.0,0.0,0.0,557.0,100.0,0.0
570.0,0.0,11.0,46.0,1.0,0.0,0.0,386.0,55.0,0.0
654.0,1.0,7.0,45.0,1.0,0.0,0.0,423.0,90.0,0.0
584.0,1.0,7.0,36.0,1.0,0.0,0.0,395.0,57.0,0.0
769.0,0.0,19.0,64.0,1.0,0.0,0.0,519.0,95.0,0.0
650.0,1.0,11.0,48.0,1.0,0.0,0.0,433.0,71.0,0.0
758.0,0.0,19.0,63.0,1.0,0.0,0.0,504.0,101.0,0.0
820.0,1.0,19.0,63.0,1.0,0.0,0.0,551.0,102.0,0.0
593.0,0.0,7.0,43.0,1.0,0.0,0.0,385.0,80.0,0.0
807.0,1.0,19.0,65.0,1.0,0.0,0.0,544.0,97.0,0.0
757.0,1.0,7.0,53.0,1.0,1.0,0.0,517.0,81.0,0.0
544.0,0.0,9.0,40.0,2.0,0.0,0.0,362.0,57.0,0.0
534.0,0.0,6.0,35.0,1.0,0.0,0.0,347.0,67.0,0.0
824.0,1.0,19.0,61.0,1.0,0.0,0.0,568.0,90.0,0.0
503.0,0.0,6.0,34.0,1.0,0.0,0.0,338.0,47.0,0.0
750.0,0.0,19.0,60.0,1.0,0.0,0.0,511.0,90.0,0.0
574.0,0.0,11.0,44.0,1.0,0.0,0.0,394.0,52.0,0.0
898.0,1.0,19.0,75.0,1.0,0.0,0.0,593.0,126.0,0.0
525.0,0.0,7.0,40.0,1.0,0.0,0.0,337.0,63.0,0.0
499.0,0.0,6.0,33.0,1.0,0.0,0.0,342.0,41.0,0.0
820.0,1.0,19.0,66.0,1.0,0.0,0.0,560.0,92.0,0.0
636.0,1.0,11.0,44.0,1.0,0.0,0.0,442.0,54.0,0.0
543.0,0.0,9.0,40.0,2.0,0.0,0.0,360.0,58.0,0.0
605.0,1.0,7.0,36.0,1.0,0.0,0.0,420.0,52.0,0.0
784.0,0.0,19.0,65.0,1.0,0.0,0.0,538.0,88.0,0.0
822.0,1.0,19.0,63.0,1.0,0.0,0.0,558.0,98.0,0.0
831.0,1.0,19.0,64.0,1.0,0.0,0.0,566.0,96.0,0.0
592.0,0.0,7.0,43.0,1.0,0.0,0.0,390.0,74.0,0.0
900.0,1.0,19.0,75.0,1.0,0.0,0.0,611.0,113.0,0.0
759.0,0.0,19.0,64.0,1.0,0.0,0.0,513.0,92.0,0.0
512.0,0.0,6.0,33.0,1.0,0.0,0.0,347.0,48.0,0.0
1162.0,1.0,9.0,148.0,2.0,0.0,0.0,463.0,453.0,0.0
770.0,0.0,19.0,63.0,1.0,0.0,0.0,531.0,84.0,0.0
766.0,0.0,19.0,65.0,1.0,0.0,0.0,517.0,94.0,0.0
602.0,1.0,7.0,35.0,1.0,0.0,0.0,417.0,53.0,0.0
768.0,0.0,19.0,66.0,1.0,0.0,0.0,516.0,94.0,0.0
532.0,0.0,6.0,34.0,1.0,0.0,0.0,347.0,67.0,0.0
569.0,0.0,11.0,46.0,1.0,0.0,0.0,391.0,49.0,0.0
743.0,0.0,19.0,62.0,1.0,0.0,0.0,511.0,81.0,0.0
823.0,1.0,19.0,64.0,1.0,0.0,0.0,562.0,93.0,0.0
638.0,1.0,7.0,48.0,4.0,0.0,0.0,417.0,69.0,0.0
748.0,0.0,19.0,63.0,1.0,0.0,0.0,509.0,85.0,0.0
614.0,1.0,9.0,40.0,2.0,0.0,0.0,424.0,52.0,0.0
859.0,1.0,19.0,67.0,1.0,0.0,0.0,588.0,102.0,0.0
642.0,1.0,11.0,46.0,1.0,0.0,0.0,440.0,60.0,0.0
658.0,1.0,7.0,43.0,1.0,0.0,0.0,436.0,81.0,0.0
821.0,1.0,19.0,62.0,1.0,0.0,0.0,562.0,95.0,0.0
750.0,0.0,19.0,63.0,1.0,0.0,0.0,512.0,86.0,0.0
566.0,0.0,11.0,45.0,1.0,0.0,0.0,372.0,63.0,0.0
751.0,0.0,19.0,62.0,1.0,0.0,0.0,505.0,94.0,0.0
745.0,0.0,19.0,65.0,1.0,0.0,0.0,500.0,93.0,0.0
518.0,0.0,7.0,36.0,1.0,0.0,0.0,346.0,53.0,0.0
760.0,0.0,19.0,61.0,1.0,0.0,0.0,516.0,89.0,0.0
568.0,0.0,11.0,43.0,1.0,0.0,0.0,381.0,61.0,0.0
644.0,1.0,11.0,45.0,1.0,0.0,0.0,434.0,66.0,0.0
764.0,0.0,19.0,63.0,1.0,0.0,0.0,518.0,93.0,0.0
625.0,1.0,7.0,44.0,2.0,0.0,0.0,413.0,69.0,0.0
609.0,1.0,9.0,39.0,2.0,0.0,0.0,417.0,55.0,0.0
821.0,1.0,19.0,63.0,1.0,0.0,0.0,561.0,93.0,0.0
599.0,1.0,7.0,36.0,2.0,0.0,0.0,418.0,46.0,0.0
613.0,0.0,7.0,46.0,1.0,0.0,0.0,427.0,53.0,0.0
594.0,0.0,9.0,45.0,2.0,0.0,0.0,373.0,92.0,0.0
499.0,0.0,6.0,33.0,1.0,0.0,0.0,329.0,53.0,0.0
631.0,1.0,11.0,43.0,1.0,0.0,0.0,438.0,54.0,0.0
525.0,0.0,7.0,40.0,1.0,0.0,0.0,340.0,60.0,0.0
513.0,0.0,6.0,33.0,1.0,0.0,0.0,327.0,70.0,0.0
828.0,0.0,19.0,77.0,2.0,0.0,0.0,540.0,116.0,0.0
823.0,1.0,19.0,62.0,1.0,0.0,0.0,565.0,93.0,0.0
881.0,1.0,19.0,76.0,4.0,0.0,0.0,586.0,109.0,0.0
560.0,0.0,7.0,38.0,1.0,0.0,0.0,366.0,72.0,0.0
906.0,1.0,19.0,74.0,1.0,0.0,0.0,611.0,120.0,0.0
646.0,1.0,11.0,47.0,1.0,0.0,0.0,443.0,57.0,0.0
757.0,0.0,19.0,63.0,1.0,0.0,0.0,518.0,86.0,0.0
1356.0,1.0,19.0,170.0,1.0,0.0,0.0,601.0,483.0,0.0
775.0,0.0,19.0,65.0,1.0,0.0,0.0,529.0,90.0,0.0
482.0,0.0,6.0,31.0,1.0,0.0,0.0,317.0,51.0,0.0
623.0,1.0,7.0,36.0,2.0,0.0,0.0,440.0,47.0,0.0
512.0,0.0,6.0,33.0,1.0,0.0,0.0,329.0,67.0,0.0
795.0,0.0,19.0,68.0,1.0,0.0,0.0,541.0,95.0,0.0
818.0,1.0,19.0,63.0,1.0,0.0,0.0,562.0,88.0,0.0
755.0,0.0,19.0,64.0,1.0,0.0,0.0,513.0,88.0,0.0
645.0,1.0,11.0,46.0,1.0,0.0,0.0,432.0,68.0,0.0
572.0,0.0,11.0,44.0,1.0,0.0,0.0,388.0,54.0,0.0
784.0,0.0,19.0,65.0,1.0,0.0,0.0,533.0,91.0,0.0
585.0,1.0,7.0,36.0,1.0,0.0,0.0,398.0,55.0,0.0
745.0,0.0,19.0,62.0,1.0,0.0,0.0,506.0,88.0,0.0
505.0,0.0,6.0,32.0,1.0,0.0,0.0,317.0,72.0,0.0
525.0,0.0,6.0,34.0,1.0,0.0,0.0,334.0,73.0,0.0
853.0,1.0,19.0,66.0,1.0,0.0,0.0,585.0,99.0,0.0
746.0,0.0,19.0,62.0,1.0,0.0,0.0,508.0,86.0,0.0
511.0,0.0,6.0,34.0,1.0,0.0,0.0,343.0,48.0,0.0
823.0,1.0,19.0,61.0,1.0,0.0,0.0,569.0,92.0,0.0
660.0,1.0,11.0,50.0,1.0,0.0,0.0,445.0,66.0,0.0
807.0,1.0,19.0,61.0,1.0,0.0,0.0,557.0,88.0,0.0
560.0,0.0,11.0,45.0,1.0,0.0,0.0,372.0,58.0,0.0
806.0,1.0,19.0,62.0,1.0,0.0,0.0,557.0,87.0,0.0
487.0,0.0,6.0,32.0,1.0,0.0,0.0,319.0,54.0,0.0
644.0,1.0,9.0,47.0,2.0,0.0,0.0,422.0,74.0,0.0
632.0,1.0,11.0,44.0,1.0,0.0,0.0,437.0,55.0,0.0
789.0,0.0,19.0,67.0,1.0,0.0,0.0,531.0,96.0,0.0
500.0,0.0,6.0,32.0,1.0,0.0,0.0,314.0,72.0,0.0
825.0,1.0,19.0,63.0,1.0,0.0,0.0,569.0,90.0,0.0
612.0,0.0,11.0,53.0,2.0,0.0,0.0,399.0,71.0,0.0
566.0,0.0,11.0,43.0,1.0,0.0,0.0,380.0,59.0,0.0
490.0,0.0,6.0,32.0,1.0,0.0,0.0,321.0,54.0,0.0
824.0,1.0,19.0,63.0,1.0,0.0,0.0,565.0,93.0,0.0
554.0,0.0,7.0,43.0,2.0,0.0,0.0,362.0,63.0,0.0
823.0,1.0,19.0,65.0,1.0,0.0,0.0,561.0,91.0,0.0
637.0,1.0,11.0,46.0,1.0,0.0,0.0,435.0,60.0,0.0
576.0,0.0,11.0,46.0,1.0,0.0,0.0,382.0,62.0,0.0
839.0,1.0,19.0,65.0,1.0,0.0,0.0,573.0,96.0,0.0
502.0,0.0,6.0,34.0,1.0,0.0,0.0,332.0,53.0,0.0
604.0,0.0,9.0,39.0,2.0,0.0,0.0,415.0,55.0,0.0
484.0,0.0,6.0,31.0,1.0,0.0,0.0,325.0,45.0,0.0
809.0,1.0,19.0,64.0,1.0,0.0,0.0,548.0,94.0,0.0
573.0,0.0,11.0,45.0,1.0,0.0,0.0,387.0,58.0,0.0
787.0,0.0,19.0,69.0,1.0,0.0,0.0,534.0,91.0,0.0
579.0,0.0,11.0,47.0,1.0,0.0,0.0,383.0,63.0,0.0
634.0,1.0,11.0,44.0,1.0,0.0,0.0,427.0,67.0,0.0
655.0,1.0,7.0,40.0,3.0,0.0,0.0,449.0,58.0,0.0
814.0,1.0,19.0,65.0,1.0,0.0,0.0,546.0,102.0,0.0
562.0,0.0,7.0,44.0,3.0,0.0,0.0,369.0,61.0,0.0
515.0,0.0,7.0,36.0,1.0,0.0,0.0,340.0,56.0,0.0
562.0,0.0,11.0,45.0,1.0,0.0,0.0,366.0,66.0,0.0
643.0,1.0,11.0,45.0,1.0,0.0,0.0,432.0,67.0,0.0
757.0,0.0,19.0,63.0,1.0,0.0,0.0,512.0,90.0,0.0
640.0,1.0,11.0,44.0,1.0,0.0,0.0,441.0,59.0,0.0
867.0,1.0,19.0,72.0,3.0,0.0,0.0,574.0,111.0,0.0
497.0,0.0,6.0,33.0,1.0,0.0,0.0,330.0,51.0,0.0
581.0,1.0,7.0,35.0,1.0,0.0,0.0,399.0,50.0,0.0
841.0,1.0,19.0,65.0,1.0,0.0,0.0,581.0,89.0,0.0
673.0,1.0,9.0,52.0,5.0,0.0,0.0,446.0,71.0,0.0
683.0,1.0,11.0,46.0,1.0,0.0,0.0,454.0,86.0,0.0
746.0,0.0,19.0,63.0,1.0,0.0,0.0,504.0,91.0,0.0
634.0,1.0,7.0,44.0,3.0,0.0,0.0,422.0,67.0,0.0
816.0,1.0,19.0,62.0,1.0,0.0,0.0,558.0,92.0,0.0
784.0,0.0,19.0,64.0,1.0,0.0,0.0,535.0,92.0,0.0
584.0,0.0,7.0,35.0,1.0,0.0,0.0,397.0,56.0,0.0
798.0,0.0,19.0,68.0,1.0,0.0,0.0,520.0,118.0,0.0
750.0,0.0,19.0,64.0,1.0,0.0,0.0,504.0,92.0,0.0
511.0,0.0,6.0,33.0,1.0,0.0,0.0,343.0,49.0,0.0
661.0,1.0,7.0,43.0,1.0,0.0,0.0,440.0,80.0,0.0
770.0,0.0,19.0,65.0,1.0,0.0,0.0,526.0,88.0,0.0
697.0,1.0,9.0,51.0,2.0,0.0,0.0,461.0,87.0,0.0
606.0,1.0,9.0,40.0,1.0,0.0,0.0,411.0,57.0,0.0
637.0,1.0,11.0,44.0,1.0,0.0,0.0,435.0,59.0,0.0
742.0,0.0,19.0,62.0,1.0,0.0,0.0,508.0,83.0,0.0
814.0,1.0,19.0,62.0,1.0,0.0,0.0,553.0,96.0,0.0
494.0,0.0,6.0,32.0,1.0,0.0,0.0,325.0,52.0,0.0
822.0,1.0,19.0,63.0,1.0,0.0,0.0,560.0,94.0,0.0
634.0,0.0,11.0,44.0,1.0,0.0,0.0,430.0,62.0,0.0
899.0,1.0,19.0,76.0,4.0,0.0,0.0,599.0,112.0,0.0
513.0,0.0,6.0,34.0,1.0,0.0,0.0,348.0,48.0,0.0
754.0,0.0,19.0,61.0,1.0,0.0,0.0,512.0,89.0,0.0
764.0,0.0,19.0,65.0,1.0,0.0,0.0,511.0,99.0,0.0
820.0,1.0,19.0,63.0,1.0,0.0,0.0,557.0,94.0,0.0
825.0,0.0,19.0,63.0,1.0,0.0,0.0,567.0,94.0,0.0
697.0,1.0,11.0,55.0,3.0,0.0,0.0,458.0,80.0,0.0
835.0,1.0,19.0,64.0,1.0,0.0,0.0,577.0,89.0,0.0
560.0,0.0,11.0,46.0,1.0,0.0,0.0,370.0,60.0,0.0
664.0,1.0,11.0,53.0,4.0,0.0,0.0,441.0,70.0,0.0
573.0,0.0,11.0,45.0,1.0,0.0,0.0,389.0,55.0,0.0
727.0,0.0,19.0,61.0,1.0,0.0,0.0,483.0,95.0,0.0
681.0,1.0,11.0,53.0,1.0,0.0,0.0,464.0,66.0,0.0
687.0,1.0,9.0,47.0,2.0,0.0,0.0,439.0,102.0,0.0
518.0,0.0,7.0,35.0,1.0,0.0,0.0,353.0,46.0,0.0
634.0,1.0,7.0,39.0,1.0,0.0,0.0,422.0,76.0,0.0
636.0,1.0,11.0,45.0,1.0,0.0,0.0,436.0,59.0,0.0
841.0,0.0,19.0,70.0,1.0,0.0,0.0,560.0,116.0,0.0
719.0,1.0,11.0,51.0,3.0,0.0,0.0,485.0,72.0,0.0
694.0,1.0,11.0,56.0,4.0,0.0,0.0,458.0,75.0,0.0
822.0,1.0,19.0,62.0,1.0,0.0,0.0,562.0,97.0,0.0
848.0,1.0,19.0,70.0,1.0,0.0,0.0,571.0,103.0,0.0
873.0,0.0,19.0,78.0,1.0,0.0,0.0,577.0,127.0,0.0
757.0,1.0,7.0,53.0,1.0,1.0,0.0,512.0,86.0,0.0
571.0,0.0,11.0,44.0,1.0,0.0,0.0,387.0,57.0,0.0
709.0,1.0,11.0,51.0,1.0,0.0,0.0,472.0,88.0,0.0
632.0,0.0,11.0,49.0,1.0,0.0,0.0,408.0,88.0,0.0
811.0,1.0,19.0,61.0,1.0,0.0,0.0,550.0,96.0,0.0
637.0,0.0,11.0,53.0,1.0,0.0,0.0,416.0,85.0,0.0
749.0,0.0,19.0,63.0,1.0,0.0,0.0,512.0,84.0,0.0
669.0,1.0,9.0,45.0,2.0,0.0,0.0,441.0,86.0,0.0
926.0,1.0,19.0,70.0,1.0,0.0,0.0,632.0,116.0,0.0
819.0,1.0,19.0,63.0,1.0,0.0,0.0,561.0,94.0,0.0
751.0,0.0,19.0,61.0,1.0,0.0,0.0,506.0,89.0,0.0
530.0,0.0,6.0,34.0,1.0,0.0,0.0,364.0,45.0,0.0
568.0,0.0,11.0,43.0,1.0,0.0,0.0,393.0,48.0,0.0
885.0,1.0,19.0,70.0,1.0,0.0,0.0,611.0,100.0,0.0
609.0,1.0,9.0,40.0,2.0,0.0,0.0,413.0,60.0,0.0
568.0,0.0,11.0,44.0,1.0,0.0,0.0,384.0,55.0,0.0
760.0,0.0,19.0,67.0,1.0,0.0,0.0,506.0,98.0,0.0
571.0,0.0,11.0,44.0,1.0,0.0,0.0,384.0,59.0,0.0
728.0,0.0,19.0,62.0,1.0,0.0,0.0,484.0,94.0,0.0
820.0,1.0,19.0,63.0,1.0,0.0,0.0,558.0,94.0,0.0
745.0,0.0,19.0,64.0,1.0,0.0,0.0,504.0,89.0,0.0
818.0,0.0,19.0,67.0,1.0,0.0,0.0,539.0,119.0,0.0
635.0,1.0,11.0,43.0,1.0,0.0,0.0,445.0,51.0,0.0
678.0,1.0,11.0,52.0,2.0,0.0,0.0,449.0,75.0,0.0
647.0,1.0,7.0,41.0,1.0,0.0,0.0,421.0,88.0,0.0
749.0,1.0,7.0,53.0,1.0,1.0,0.0,508.0,83.0,0.0
839.0,1.0,19.0,63.0,1.0,0.0,0.0,571.0,99.0,0.0
586.0,1.0,7.0,36.0,1.0,0.0,0.0,395.0,59.0,0.0
821.0,0.0,19.0,63.0,1.0,0.0,0.0,552.0,105.0,0.0
520.0,0.0,6.0,35.0,2.0,0.0,0.0,356.0,45.0,0.0
528.0,0.0,6.0,34.0,1.0,0.0,0.0,339.0,70.0,0.0
637.0,1.0,11.0,44.0,1.0,0.0,0.0,431.0,63.0,0.0
887.0,0.0,19.0,78.0,1.0,1.0,0.0,600.0,112.0,0.0
706.0,1.0,11.0,51.0,1.0,0.0,0.0,476.0,81.0,0.0
644.0,1.0,11.0,45.0,1.0,0.0,0.0,437.0,63.0,0.0
635.0,1.0,11.0,43.0,1.0,0.0,0.0,443.0,51.0,0.0
747.0,0.0,19.0,63.0,1.0,0.0,0.0,501.0,94.0,0.0
639.0,0.0,9.0,53.0,1.0,0.0,0.0,402.0,101.0,0.0
586.0,0.0,7.0,40.0,3.0,0.0,0.0,391.0,60.0,0.0
829.0,1.0,19.0,63.0,1.0,0.0,0.0,569.0,93.0,0.0
638.0,1.0,11.0,44.0,1.0,0.0,0.0,443.0,55.0,0.0
826.0,1.0,19.0,63.0,1.0,0.0,0.0,563.0,95.0,0.0
514.0,0.0,7.0,35.0,1.0,0.0,0.0,349.0,46.0,0.0
762.0,0.0,19.0,66.0,1.0,0.0,0.0,513.0,94.0,0.0
508.0,0.0,7.0,36.0,1.0,0.0,0.0,335.0,54.0,0.0
814.0,1.0,19.0,63.0,1.0,0.0,0.0,549.0,101.0,0.0
506.0,0.0,6.0,34.0,1.0,0.0,0.0,340.0,48.0,0.0
771.0,0.0,19.0,62.0,1.0,0.0,0.0,519.0,97.0,0.0
749.0,0.0,19.0,66.0,1.0,0.0,0.0,502.0,89.0,0.0
640.0,1.0,11.0,45.0,1.0,0.0,0.0,432.0,64.0,0.0
493.0,0.0,6.0,33.0,1.0,0.0,0.0,325.0,53.0,0.0
843.0,1.0,19.0,65.0,1.0,0.0,0.0,579.0,94.0,0.0
825.0,1.0,19.0,64.0,1.0,0.0,0.0,566.0,91.0,0.0
616.0,0.0,11.0,48.0,1.0,0.0,0.0,402.0,82.0,0.0
626.0,1.0,7.0,38.0,1.0,0.0,0.0,412.0,79.0,0.0
813.0,1.0,19.0,63.0,1.0,0.0,0.0,561.0,87.0,0.0
501.0,0.0,6.0,32.0,1.0,0.0,0.0,314.0,72.0,0.0
827.0,1.0,19.0,65.0,1.0,0.0,0.0,561.0,95.0,0.0
840.0,1.0,19.0,66.0,1.0,0.0,0.0,572.0,98.0,0.0
832.0,1.0,19.0,64.0,1.0,0.0,0.0,565.0,101.0,0.0
584.0,0.0,7.0,35.0,1.0,0.0,0.0,404.0,49.0,0.0
767.0,0.0,19.0,64.0,1.0,0.0,0.0,519.0,94.0,0.0
732.0,0.0,19.0,61.0,1.0,0.0,0.0,491.0,91.0,0.0
573.0,0.0,11.0,46.0,1.0,0.0,0.0,382.0,62.0,0.0
834.0,1.0,19.0,62.0,1.0,0.0,0.0,576.0,92.0,0.0
904.0,1.0,19.0,69.0,3.0,0.0,0.0,618.0,100.0,0.0
692.0,1.0,7.0,49.0,1.0,0.0,0.0,450.0,97.0,0.0
824.0,1.0,19.0,62.0,1.0,0.0,0.0,564.0,97.0,0.0
501.0,0.0,6.0,33.0,1.0,0.0,0.0,338.0,48.0,0.0
829.0,1.0,19.0,62.0,1.0,0.0,0.0,565.0,99.0,0.0
515.0,0.0,6.0,34.0,1.0,0.0,0.0,327.0,71.0,0.0
572.0,0.0,11.0,45.0,1.0,0.0,0.0,392.0,52.0,0.0
798.0,1.0,19.0,66.0,1.0,0.0,0.0,538.0,94.0,0.0
769.0,0.0,19.0,62.0,1.0,0.0,0.0,517.0,97.0,0.0
493.0,0.0,6.0,32.0,1.0,0.0,0.0,323.0,55.0,0.0
639.0,1.0,11.0,45.0,1.0,0.0,0.0,437.0,61.0,0.0
739.0,0.0,19.0,61.0,1.0,0.0,0.0,504.0,84.0,0.0
604.0,1.0,9.0,39.0,2.0,0.0,0.0,412.0,57.0,0.0
800.0,0.0,19.0,70.0,1.0,0.0,0.0,543.0,96.0,0.0
493.0,0.0,6.0,33.0,1.0,0.0,0.0,323.0,54.0,0.0
808.0,1.0,19.0,63.0,1.0,0.0,0.0,553.0,90.0,0.0
765.0,0.0,19.0,62.0,1.0,0.0,0.0,526.0,85.0,0.0
633.0,0.0,11.0,61.0,2.0,0.0,0.0,401.0,85.0,0.0
779.0,0.0,19.0,63.0,1.0,0.0,0.0,541.0,84.0,0.0
664.0,1.0,11.0,47.0,2.0,0.0,0.0,456.0,59.0,0.0
747.0,0.0,19.0,66.0,1.0,0.0,0.0,499.0,93.0,0.0
500.0,0.0,6.0,33.0,1.0,0.0,0.0,342.0,42.0,0.0
770.0,0.0,19.0,65.0,1.0,0.0,0.0,519.0,95.0,0.0
639.0,1.0,11.0,44.0,1.0,0.0,0.0,440.0,59.0,0.0
492.0,0.0,6.0,32.0,1.0,0.0,0.0,323.0,54.0,0.0
633.0,1.0,11.0,43.0,1.0,0.0,0.0,443.0,51.0,0.0
512.0,0.0,6.0,35.0,1.0,0.0,0.0,349.0,45.0,0.0
528.0,0.0,6.0,35.0,1.0,0.0,0.0,364.0,45.0,0.0
588.0,1.0,7.0,39.0,1.0,0.0,0.0,389.0,64.0,0.0
776.0,0.0,19.0,65.0,1.0,0.0,0.0,529.0,88.0,0.0
550.0,0.0,9.0,44.0,2.0,0.0,0.0,352.0,69.0,0.0
824.0,1.0,19.0,67.0,1.0,0.0,0.0,556.0,99.0,0.0
549.0,0.0,7.0,47.0,4.0,0.0,0.0,349.0,66.0,0.0
822.0,1.0,19.0,61.0,1.0,0.0,0.0,572.0,87.0,0.0
757.0,0.0,19.0,65.0,1.0,0.0,0.0,510.0,94.0,0.0
822.0,1.0,19.0,63.0,1.0,0.0,0.0,561.0,93.0,0.0
589.0,0.0,9.0,44.0,2.0,0.0,0.0,373.0,88.0,0.0
836.0,1.0,19.0,65.0,1.0,0.0,0.0,565.0,103.0,0.0
705.0,1.0,11.0,50.0,1.0,0.0,0.0,463.0,92.0,0.0
567.0,0.0,7.0,43.0,1.0,0.0,0.0,380.0,59.0,0.0
549.0,0.0,7.0,39.0,1.0,0.0,0.0,366.0,60.0,0.0
696.0,1.0,11.0,48.0,1.0,0.0,0.0,463.0,85.0,0.0
635.0,1.0,11.0,44.0,1.0,0.0,0.0,434.0,59.0,0.0
561.0,0.0,7.0,45.0,1.0,0.0,0.0,369.0,64.0,0.0
806.0,1.0,19.0,61.0,1.0,0.0,0.0,554.0,89.0,0.0
561.0,0.0,11.0,43.0,1.0,0.0,0.0,386.0,48.0,0.0
490.0,0.0,6.0,32.0,1.0,0.0,0.0,327.0,46.0,0.0
691.0,1.0,11.0,59.0,2.0,0.0,0.0,442.0,89.0,0.0
819.0,1.0,19.0,62.0,1.0,0.0,0.0,559.0,96.0,0.0
567.0,0.0,11.0,44.0,1.0,0.0,0.0,377.0,60.0,0.0
633.0,1.0,7.0,40.0,1.0,0.0,0.0,410.0,86.0,0.0
497.0,0.0,6.0,33.0,1.0,0.0,0.0,333.0,48.0,0.0
637.0,1.0,11.0,46.0,1.0,0.0,0.0,438.0,57.0,0.0
643.0,1.0,11.0,46.0,1.0,0.0,0.0,445.0,53.0,0.0
481.0,0.0,6.0,32.0,1.0,0.0,0.0,315.0,51.0,0.0
766.0,0.0,19.0,64.0,1.0,0.0,0.0,519.0,90.0,0.0
750.0,0.0,19.0,63.0,1.0,0.0,0.0,501.0,96.0,0.0
600.0,1.0,9.0,40.0,2.0,0.0,0.0,406.0,58.0,0.0
522.0,0.0,7.0,36.0,1.0,0.0,0.0,345.0,57.0,0.0
808.0,0.0,19.0,73.0,1.0,0.0,0.0,529.0,119.0,0.0
643.0,1.0,7.0,40.0,1.0,0.0,0.0,421.0,85.0,0.0
845.0,1.0,19.0,63.0,1.0,0.0,0.0,582.0,94.0,0.0
816.0,1.0,19.0,61.0,1.0,0.0,0.0,561.0,92.0,0.0
595.0,1.0,7.0,36.0,1.0,0.0,0.0,407.0,54.0,0.0
562.0,0.0,11.0,45.0,1.0,0.0,0.0,375.0,57.0,0.0
510.0,0.0,6.0,34.0,1.0,0.0,0.0,344.0,46.0,0.0
555.0,0.0,7.0,40.0,1.0,0.0,0.0,363.0,66.0,0.0
501.0,0.0,6.0,33.0,1.0,0.0,0.0,327.0,57.0,0.0
513.0,0.0,6.0,34.0,1.0,0.0,0.0,345.0,48.0,0.0
710.0,1.0,11.0,59.0,4.0,0.0,0.0,471.0,73.0,0.0
772.0,0.0,19.0,63.0,1.0,0.0,0.0,532.0,88.0,0.0
604.0,1.0,7.0,40.0,1.0,0.0,0.0,400.0,66.0,0.0
830.0,0.0,19.0,66.0,1.0,0.0,0.0,551.0,120.0,0.0
503.0,0.0,6.0,33.0,1.0,0.0,0.0,335.0,49.0,0.0
643.0,0.0,7.0,49.0,1.0,0.0,0.0,413.0,97.0,0.0
577.0,0.0,7.0,40.0,3.0,0.0,0.0,382.0,60.0,0.0
744.0,0.0,19.0,62.0,1.0,0.0,0.0,506.0,88.0,0.0
517.0,0.0,7.0,35.0,1.0,0.0,0.0,348.0,50.0,0.0
501.0,0.0,6.0,33.0,1.0,0.0,0.0,329.0,52.0,0.0
758.0,0.0,19.0,60.0,1.0,0.0,0.0,516.0,90.0,0.0
574.0,0.0,11.0,45.0,1.0,0.0,0.0,382.0,61.0,0.0
487.0,0.0,6.0,32.0,1.0,0.0,0.0,324.0,49.0,0.0
502.0,0.0,6.0,32.0,1.0,0.0,0.0,335.0,52.0,0.0
766.0,0.0,19.0,62.0,1.0,0.0,0.0,515.0,93.0,0.0
585.0,0.0,7.0,45.0,1.0,0.0,0.0,374.0,83.0,0.0
754.0,0.0,19.0,63.0,1.0,0.0,0.0,513.0,87.0,0.0
822.0,1.0,19.0,62.0,1.0,0.0,0.0,558.0,98.0,0.0
799.0,0.0,19.0,78.0,2.0,0.0,0.0,513.0,117.0,0.0
499.0,0.0,6.0,33.0,1.0,0.0,0.0,334.0,47.0,0.0
818.0,1.0,19.0,62.0,1.0,0.0,0.0,563.0,92.0,0.0
816.0,1.0,19.0,63.0,1.0,0.0,0.0,557.0,95.0,0.0
843.0,1.0,19.0,67.0,1.0,0.0,0.0,570.0,101.0,0.0
528.0,0.0,6.0,34.0,1.0,0.0,0.0,364.0,47.0,0.0
500.0,0.0,6.0,32.0,1.0,0.0,0.0,315.0,71.0,0.0
812.0,1.0,19.0,62.0,1.0,0.0,0.0,549.0,98.0,0.0
820.0,1.0,19.0,62.0,1.0,0.0,0.0,566.0,89.0,0.0
739.0,0.0,19.0,64.0,1.0,0.0,0.0,493.0,93.0,0.0
760.0,0.0,19.0,61.0,1.0,0.0,0.0,523.0,83.0,0.0
718.0,1.0,11.0,64.0,2.0,0.0,0.0,458.0,94.0,0.0
801.0,1.0,19.0,63.0,1.0,0.0,0.0,544.0,94.0,0.0
568.0,0.0,11.0,43.0,1.0,0.0,0.0,394.0,47.0,0.0
607.0,1.0,9.0,40.0,2.0,0.0,0.0,410.0,61.0,0.0
822.0,1.0,19.0,63.0,1.0,0.0,0.0,559.0,97.0,0.0
582.0,1.0,7.0,35.0,1.0,0.0,0.0,404.0,47.0,0.0
758.0,0.0,19.0,64.0,1.0,0.0,0.0,516.0,89.0,0.0
533.0,0.0,6.0,35.0,1.0,0.0,0.0,343.0,71.0,0.0
814.0,1.0,19.0,61.0,1.0,0.0,0.0,560.0,90.0,0.0
495.0,0.0,6.0,32.0,1.0,0.0,0.0,322.0,56.0,0.0
510.0,0.0,6.0,34.0,1.0,0.0,0.0,343.0,47.0,0.0
827.0,1.0,19.0,66.0,1.0,0.0,0.0,562.0,97.0,0.0
498.0,0.0,6.0,33.0,1.0,0.0,0.0,338.0,44.0,0.0
525.0,0.0,6.0,35.0,1.0,0.0,0.0,356.0,50.0,0.0
543.0,0.0,9.0,39.0,2.0,0.0,0.0,362.0,57.0,0.0
825.0,1.0,19.0,63.0,1.0,0.0,0.0,554.0,105.0,0.0
561.0,0.0,11.0,44.0,1.0,0.0,0.0,379.0,55.0,0.0
565.0,0.0,11.0,43.0,1.0,0.0,0.0,376.0,62.0,0.0
567.0,0.0,7.0,50.0,2.0,0.0,0.0,356.0,75.0,0.0
819.0,1.0,19.0,63.0,1.0,0.0,0.0,559.0,92.0,0.0
603.0,1.0,7.0,35.0,1.0,0.0,0.0,419.0,52.0,0.0
561.0,0.0,11.0,43.0,1.0,0.0,0.0,389.0,46.0,0.0
590.0,0.0,11.0,48.0,1.0,0.0,0.0,400.0,57.0,0.0
644.0,1.0,11.0,45.0,1.0,0.0,0.0,448.0,55.0,0.0
824.0,1.0,19.0,63.0,1.0,0.0,0.0,564.0,95.0,0.0
827.0,0.0,19.0,83.0,2.0,0.0,0.0,526.0,126.0,0.0
510.0,0.0,6.0,34.0,1.0,0.0,0.0,339.0,51.0,0.0
666.0,1.0,7.0,47.0,1.0,0.0,0.0,444.0,79.0,0.0
801.0,1.0,19.0,61.0,1.0,0.0,0.0,550.0,88.0,0.0
648.0,1.0,9.0,47.0,3.0,0.0,0.0,434.0,66.0,0.0
627.0,0.0,7.0,49.0,1.0,0.0,0.0,400.0,94.0,0.0
575.0,0.0,7.0,48.0,4.0,0.0,0.0,374.0,62.0,0.0
694.0,1.0,11.0,48.0,1.0,0.0,0.0,462.0,87.0,0.0
508.0,0.0,6.0,34.0,1.0,0.0,0.0,341.0,50.0,0.0
644.0,1.0,11.0,46.0,1.0,0.0,0.0,438.0,61.0,0.0
632.0,1.0,11.0,44.0,1.0,0.0,0.0,434.0,58.0,0.0
502.0,0.0,6.0,33.0,1.0,0.0,0.0,330.0,55.0,0.0
648.0,1.0,7.0,41.0,1.0,0.0,0.0,422.0,88.0,0.0
640.0,1.0,11.0,44.0,1.0,0.0,0.0,444.0,56.0,0.0
824.0,1.0,19.0,64.0,1.0,0.0,0.0,566.0,91.0,0.0
494.0,0.0,6.0,32.0,1.0,0.0,0.0,335.0,43.0,0.0
582.0,1.0,7.0,35.0,1.0,0.0,0.0,395.0,56.0,0.0
514.0,0.0,7.0,35.0,1.0,0.0,0.0,343.0,53.0,0.0
819.0,1.0,19.0,65.0,1.0,0.0,0.0,560.0,90.0,0.0
562.0,0.0,11.0,43.0,1.0,0.0,0.0,389.0,47.0,0.0
579.0,0.0,7.0,47.0,4.0,0.0,0.0,380.0,64.0,0.0
834.0,1.0,19.0,63.0,1.0,0.0,0.0,569.0,99.0,0.0
572.0,0.0,11.0,47.0,1.0,0.0,0.0,381.0,61.0,0.0
834.0,1.0,19.0,62.0,1.0,0.0,0.0,570.0,98.0,0.0
576.0,1.0,7.0,36.0,1.0,0.0,0.0,391.0,53.0,0.0
804.0,1.0,19.0,62.0,1.0,0.0,0.0,543.0,100.0,0.0
501.0,0.0,6.0,33.0,1.0,0.0,0.0,329.0,56.0,0.0
818.0,1.0,19.0,60.0,1.0,0.0,0.0,563.0,93.0,0.0
641.0,1.0,11.0,45.0,1.0,0.0,0.0,450.0,50.0,0.0
573.0,0.0,7.0,39.0,1.0,0.0,0.0,373.0,76.0,0.0
753.0,0.0,19.0,61.0,1.0,0.0,0.0,507.0,94.0,0.0
751.0,0.0,19.0,63.0,1.0,0.0,0.0,509.0,91.0,0.0
736.0,0.0,19.0,64.0,1.0,0.0,0.0,497.0,88.0,0.0
582.0,1.0,7.0,35.0,1.0,0.0,0.0,392.0,58.0,0.0
566.0,0.0,11.0,44.0,1.0,0.0,0.0,382.0,54.0,0.0
642.0,0.0,11.0,62.0,2.0,0.0,0.0,398.0,93.0,0.0
482.0,0.0,6.0,32.0,1.0,0.0,0.0,318.0,48.0,0.0
766.0,0.0,19.0,63.0,1.0,0.0,0.0,520.0,94.0,0.0
814.0,0.0,19.0,68.0,3.0,0.0,0.0,550.0,94.0,0.0
642.0,1.0,7.0,40.0,1.0,0.0,0.0,419.0,86.0,0.0
557.0,0.0,7.0,38.0,1.0,0.0,0.0,359.0,76.0,0.0
839.0,1.0,19.0,72.0,4.0,0.0,0.0,558.0,105.0,0.0
721.0,1.0,11.0,65.0,2.0,0.0,0.0,453.0,101.0,0.0
762.0,0.0,19.0,62.0,1.0,0.0,0.0,518.0,90.0,0.0
752.0,0.0,19.0,62.0,1.0,0.0,0.0,510.0,89.0,0.0
770.0,0.0,19.0,64.0,1.0,0.0,0.0,513.0,100.0,0.0
643.0,1.0,11.0,45.0,1.0,0.0,0.0,440.0,62.0,0.0
525.0,0.0,6.0,34.0,1.0,0.0,0.0,336.0,71.0,0.0
747.0,0.0,19.0,65.0,1.0,0.0,0.0,501.0,92.0,0.0
510.0,0.0,6.0,34.0,1.0,0.0,0.0,342.0,48.0,0.0
618.0,0.0,9.0,47.0,2.0,0.0,0.0,387.0,98.0,0.0
516.0,0.0,6.0,33.0,1.0,0.0,0.0,337.0,62.0,0.0
748.0,0.0,19.0,61.0,1.0,0.0,0.0,505.0,96.0,0.0
623.0,0.0,11.0,57.0,4.0,0.0,0.0,402.0,71.0,0.0
855.0,1.0,19.0,65.0,1.0,0.0,0.0,589.0,94.0,0.0
761.0,0.0,19.0,62.0,1.0,0.0,0.0,511.0,95.0,0.0
744.0,0.0,19.0,61.0,1.0,0.0,0.0,506.0,88.0,0.0
511.0,0.0,6.0,33.0,1.0,0.0,0.0,346.0,46.0,0.0
564.0,0.0,11.0,44.0,1.0,0.0,0.0,377.0,59.0,0.0
678.0,1.0,9.0,45.0,2.0,0.0,0.0,439.0,95.0,0.0
759.0,0.0,19.0,67.0,1.0,0.0,0.0,508.0,95.0,0.0
746.0,0.0,19.0,61.0,1.0,0.0,0.0,502.0,94.0,0.0
564.0,0.0,11.0,43.0,1.0,0.0,0.0,381.0,57.0,0.0
500.0,0.0,6.0,34.0,1.0,0.0,0.0,326.0,56.0,0.0
626.0,1.0,7.0,47.0,2.0,0.0,0.0,405.0,75.0,0.0
572.0,0.0,11.0,44.0,1.0,0.0,0.0,382.0,60.0,0.0
564.0,0.0,7.0,40.0,1.0,0.0,0.0,357.0,83.0,0.0
841.0,1.0,19.0,64.0,1.0,0.0,0.0,576.0,96.0,0.0
763.0,0.0,19.0,63.0,1.0,0.0,0.0,515.0,97.0,0.0
774.0,0.0,19.0,68.0,1.0,0.0,0.0,518.0,96.0,0.0
493.0,0.0,6.0,32.0,1.0,0.0,0.0,330.0,48.0,0.0
746.0,0.0,19.0,62.0,1.0,0.0,0.0,509.0,86.0,0.0
508.0,0.0,6.0,32.0,1.0,0.0,0.0,322.0,70.0,0.0
816.0,0.0,19.0,84.0,2.0,0.0,0.0,510.0,131.0,0.0
520.0,0.0,6.0,35.0,2.0,0.0,0.0,352.0,49.0,0.0
631.0,1.0,11.0,43.0,1.0,0.0,0.0,439.0,53.0,0.0
821.0,0.0,19.0,73.0,1.0,0.0,0.0,543.0,117.0,0.0
481.0,0.0,6.0,32.0,1.0,0.0,0.0,316.0,50.0,0.0
499.0,0.0,6.0,33.0,1.0,0.0,0.0,336.0,46.0,0.0
496.0,0.0,6.0,31.0,1.0,0.0,0.0,310.0,72.0,0.0
804.0,1.0,19.0,62.0,1.0,0.0,0.0,552.0,89.0,0.0
776.0,0.0,19.0,66.0,1.0,0.0,0.0,523.0,92.0,0.0
748.0,0.0,19.0,66.0,1.0,0.0,0.0,506.0,88.0,0.0
600.0,0.0,7.0,35.0,1.0,0.0,0.0,417.0,52.0,0.0
543.0,0.0,9.0,39.0,2.0,0.0,0.0,364.0,55.0,0.0
867.0,1.0,19.0,74.0,4.0,0.0,0.0,583.0,101.0,0.0
563.0,0.0,11.0,44.0,1.0,0.0,0.0,386.0,50.0,0.0
759.0,0.0,19.0,63.0,1.0,0.0,0.0,519.0,86.0,0.0
822.0,0.0,19.0,64.0,1.0,0.0,0.0,565.0,92.0,0.0
820.0,1.0,19.0,61.0,1.0,0.0,0.0,563.0,95.0,0.0
630.0,0.0,11.0,53.0,1.0,0.0,0.0,402.0,92.0,0.0
652.0,1.0,11.0,48.0,1.0,0.0,0.0,440.0,66.0,0.0
579.0,0.0,11.0,47.0,1.0,0.0,0.0,385.0,61.0,0.0
752.0,0.0,19.0,63.0,1.0,0.0,0.0,512.0,87.0,0.0
587.0,1.0,7.0,35.0,1.0,0.0,0.0,409.0,46.0,0.0
843.0,1.0,19.0,62.0,1.0,0.0,0.0,581.0,96.0,0.0
501.0,0.0,6.0,33.0,1.0,0.0,0.0,331.0,53.0,0.0
627.0,0.0,11.0,53.0,1.0,0.0,0.0,410.0,81.0,0.0
756.0,0.0,19.0,61.0,1.0,0.0,0.0,517.0,86.0,0.0
634.0,0.0,11.0,57.0,4.0,0.0,0.0,414.0,72.0,0.0
862.0,1.0,19.0,71.0,2.0,0.0,0.0,576.0,107.0,0.0
765.0,0.0,19.0,61.0,1.0,0.0,0.0,528.0,85.0,0.0
816.0,0.0,19.0,61.0,1.0,0.0,0.0,561.0,92.0,0.0
603.0,1.0,7.0,36.0,2.0,0.0,0.0,415.0,53.0,0.0
810.0,0.0,19.0,69.0,1.0,0.0,0.0,529.0,122.0,0.0
492.0,0.0,6.0,32.0,1.0,0.0,0.0,324.0,52.0,0.0
834.0,1.0,19.0,67.0,1.0,0.0,0.0,567.0,96.0,0.0
602.0,1.0,7.0,35.0,1.0,0.0,0.0,414.0,56.0,0.0
718.0,1.0,11.0,54.0,1.0,0.0,0.0,461.0,103.0,0.0
489.0,0.0,6.0,32.0,1.0,0.0,0.0,330.0,44.0,0.0
590.0,1.0,7.0,36.0,1.0,0.0,0.0,399.0,58.0,0.0
502.0,0.0,6.0,33.0,1.0,0.0,0.0,339.0,46.0,0.0
633.0,1.0,11.0,44.0,1.0,0.0,0.0,444.0,49.0,0.0
739.0,0.0,19.0,60.0,1.0,0.0,0.0,495.0,94.0,0.0
565.0,0.0,11.0,44.0,1.0,0.0,0.0,391.0,47.0,0.0
490.0,0.0,6.0,32.0,1.0,0.0,0.0,327.0,49.0,0.0
803.0,0.0,19.0,77.0,2.0,0.0,0.0,527.0,105.0,0.0
938.0,0.0,19.0,83.0,1.0,1.0,0.0,636.0,119.0,0.0
512.0,0.0,7.0,36.0,1.0,0.0,0.0,345.0,48.0,0.0
572.0,0.0,11.0,44.0,1.0,0.0,0.0,384.0,61.0,0.0
622.0,1.0,7.0,44.0,2.0,0.0,0.0,414.0,65.0,0.0
771.0,0.0,19.0,64.0,1.0,0.0,0.0,527.0,87.0,0.0
525.0,0.0,6.0,35.0,1.0,0.0,0.0,354.0,52.0,0.0
668.0,1.0,7.0,48.0,4.0,0.0,0.0,444.0,71.0,0.0
817.0,0.0,19.0,73.0,3.0,0.0,0.0,558.0,90.0,0.0
478.0,0.0,6.0,31.0,1.0,0.0,0.0,314.0,51.0,0.0
829.0,1.0,19.0,62.0,1.0,0.0,0.0,567.0,98.0,0.0
827.0,1.0,19.0,64.0,1.0,0.0,0.0,567.0,94.0,0.0
625.0,1.0,7.0,44.0,2.0,0.0,0.0,417.0,65.0,0.0
641.0,1.0,11.0,47.0,1.0,0.0,0.0,436.0,62.0,0.0
833.0,1.0,19.0,63.0,1.0,0.0,0.0,575.0,91.0,0.0
481.0,0.0,6.0,31.0,1.0,0.0,0.0,317.0,50.0,0.0
861.0,1.0,19.0,62.0,1.0,0.0,0.0,604.0,89.0,0.0
838.0,1.0,19.0,63.0,1.0,0.0,0.0,585.0,85.0,0.0
688.0,1.0,9.0,47.0,2.0,0.0,0.0,443.0,99.0,0.0
489.0,0.0,6.0,33.0,1.0,0.0,0.0,327.0,47.0,0.0
737.0,0.0,19.0,63.0,1.0,0.0,0.0,501.0,87.0,0.0
573.0,0.0,7.0,40.0,1.0,0.0,0.0,366.0,83.0,0.0
825.0,1.0,19.0,62.0,1.0,0.0,0.0,566.0,94.0,0.0
822.0,1.0,19.0,66.0,1.0,0.0,0.0,546.0,105.0,0.0
758.0,0.0,19.0,65.0,1.0,0.0,0.0,517.0,87.0,0.0
501.0,0.0,6.0,32.0,1.0,0.0,0.0,317.0,69.0,0.0
754.0,0.0,19.0,63.0,1.0,0.0,0.0,506.0,91.0,0.0
531.0,0.0,6.0,34.0,1.0,0.0,0.0,339.0,73.0,0.0
846.0,1.0,19.0,63.0,1.0,0.0,0.0,584.0,92.0,0.0
485.0,0.0,6.0,32.0,1.0,0.0,0.0,324.0,45.0,0.0
563.0,0.0,11.0,43.0,1.0,0.0,0.0,390.0,47.0,0.0
638.0,1.0,11.0,44.0,1.0,0.0,0.0,432.0,63.0,0.0
888.0,1.0,19.0,68.0,3.0,0.0,0.0,607.0,99.0,0.0
823.0,1.0,19.0,64.0,1.0,0.0,0.0,561.0,95.0,0.0
518.0,0.0,6.0,34.0,1.0,0.0,0.0,336.0,65.0,0.0
642.0,1.0,9.0,48.0,2.0,0.0,0.0,425.0,70.0,0.0
525.0,0.0,6.0,34.0,1.0,0.0,0.0,358.0,46.0,0.0
482.0,0.0,6.0,32.0,1.0,0.0,0.0,319.0,47.0,0.0
646.0,1.0,11.0,45.0,1.0,0.0,0.0,438.0,64.0,0.0
757.0,0.0,19.0,62.0,1.0,0.0,0.0,511.0,94.0,0.0
807.0,1.0,19.0,64.0,1.0,0.0,0.0,552.0,89.0,0.0
541.0,0.0,9.0,39.0,2.0,0.0,0.0,358.0,59.0,0.0
862.0,1.0,19.0,69.0,1.0,0.0,0.0,566.0,128.0,0.0
646.0,1.0,11.0,47.0,1.0,0.0,0.0,448.0,55.0,0.0
806.0,1.0,19.0,62.0,1.0,0.0,0.0,550.0,91.0,0.0
825.0,1.0,19.0,63.0,1.0,0.0,0.0,565.0,94.0,0.0
778.0,0.0,19.0,64.0,1.0,0.0,0.0,532.0,91.0,0.0
503.0,0.0,6.0,33.0,1.0,0.0,0.0,337.0,51.0,0.0
494.0,0.0,6.0,32.0,1.0,0.0,0.0,321.0,56.0,0.0
783.0,0.0,19.0,65.0,1.0,0.0,0.0,533.0,89.0,0.0
497.0,0.0,6.0,31.0,1.0,0.0,0.0,317.0,66.0,0.0
576.0,0.0,11.0,45.0,1.0,0.0,0.0,388.0,57.0,0.0
639.0,1.0,11.0,44.0,1.0,0.0,0.0,440.0,55.0,0.0
846.0,1.0,19.0,65.0,1.0,0.0,0.0,580.0,93.0,0.0
520.0,0.0,6.0,35.0,2.0,0.0,0.0,351.0,50.0,0.0
662.0,1.0,11.0,47.0,2.0,0.0,0.0,453.0,60.0,0.0
522.0,0.0,6.0,35.0,1.0,0.0,0.0,349.0,51.0,0.0
850.0,1.0,19.0,63.0,1.0,0.0,0.0,583.0,99.0,0.0
537.0,0.0,9.0,39.0,2.0,0.0,0.0,363.0,52.0,0.0
761.0,0.0,19.0,62.0,1.0,0.0,0.0,517.0,88.0,0.0
742.0,0.0,19.0,64.0,1.0,0.0,0.0,501.0,88.0,0.0
645.0,1.0,11.0,46.0,1.0,0.0,0.0,436.0,66.0,0.0
553.0,0.0,7.0,44.0,2.0,0.0,0.0,355.0,68.0,0.0
622.0,0.0,9.0,51.0,2.0,0.0,0.0,409.0,79.0,0.0
663.0,1.0,11.0,55.0,4.0,0.0,0.0,432.0,75.0,0.0
828.0,1.0,19.0,64.0,1.0,0.0,0.0,566.0,93.0,0.0
615.0,0.0,11.0,54.0,2.0,0.0,0.0,399.0,73.0,0.0
581.0,1.0,7.0,36.0,1.0,0.0,0.0,391.0,57.0,0.0
814.0,1.0,19.0,62.0,1.0,0.0,0.0,552.0,98.0,0.0
760.0,0.0,19.0,64.0,1.0,0.0,0.0,515.0,89.0,0.0
902.0,1.0,19.0,75.0,1.0,0.0,0.0,616.0,104.0,0.0
668.0,1.0,7.0,48.0,4.0,0.0,0.0,447.0,68.0,0.0
603.0,1.0,9.0,39.0,2.0,0.0,0.0,417.0,50.0,0.0
843.0,1.0,19.0,65.0,1.0,0.0,0.0,572.0,101.0,0.0
524.0,0.0,6.0,34.0,1.0,0.0,0.0,335.0,71.0,0.0
499.0,0.0,6.0,34.0,1.0,0.0,0.0,332.0,51.0,0.0
747.0,0.0,19.0,61.0,1.0,0.0,0.0,508.0,90.0,0.0
836.0,1.0,19.0,65.0,1.0,0.0,0.0,577.0,92.0,0.0
811.0,0.0,19.0,64.0,1.0,0.0,0.0,550.0,97.0,0.0
536.0,0.0,7.0,36.0,1.0,0.0,0.0,369.0,47.0,0.0
632.0,1.0,11.0,43.0,1.0,0.0,0.0,438.0,54.0,0.0
634.0,0.0,11.0,43.0,1.0,0.0,0.0,431.0,65.0,0.0
770.0,0.0,19.0,62.0,1.0,0.0,0.0,528.0,86.0,0.0
1067.0,0.0,7.0,144.0,1.0,0.0,0.0,396.0,442.0,0.0
844.0,1.0,19.0,66.0,1.0,0.0,0.0,576.0,96.0,0.0
508.0,0.0,6.0,32.0,1.0,0.0,0.0,345.0,48.0,0.0
608.0,1.0,9.0,40.0,2.0,0.0,0.0,416.0,56.0,0.0
820.0,1.0,19.0,65.0,1.0,0.0,0.0,559.0,93.0,0.0
757.0,0.0,19.0,65.0,1.0,0.0,0.0,509.0,94.0,0.0
589.0,1.0,7.0,36.0,1.0,0.0,0.0,402.0,54.0,0.0
573.0,0.0,11.0,45.0,1.0,0.0,0.0,383.0,57.0,0.0
602.0,1.0,7.0,35.0,1.0,0.0,0.0,424.0,46.0,0.0
756.0,0.0,19.0,65.0,1.0,0.0,0.0,504.0,94.0,0.0
875.0,1.0,19.0,66.0,1.0,0.0,0.0,585.0,119.0,0.0
564.0,0.0,11.0,43.0,1.0,0.0,0.0,382.0,56.0,0.0
587.0,0.0,7.0,56.0,2.0,0.0,0.0,348.0,97.0,0.0
1092.0,0.0,9.0,148.0,2.0,0.0,0.0,411.0,448.0,0.0
590.0,0.0,9.0,49.0,2.0,0.0,0.0,393.0,63.0,0.0
496.0,0.0,6.0,33.0,1.0,0.0,0.0,332.0,49.0,0.0
819.0,1.0,19.0,64.0,1.0,0.0,0.0,567.0,86.0,0.0
853.0,1.0,19.0,73.0,2.0,0.0,0.0,567.0,107.0,0.0
644.0,1.0,11.0,46.0,1.0,0.0,0.0,446.0,56.0,0.0
522.0,0.0,7.0,36.0,1.0,0.0,0.0,344.0,58.0,0.0
752.0,0.0,19.0,64.0,1.0,0.0,0.0,503.0,96.0,0.0
822.0,1.0,19.0,61.0,1.0,0.0,0.0,566.0,89.0,0.0
773.0,0.0,19.0,63.0,1.0,0.0,0.0,528.0,91.0,0.0
592.0,0.0,7.0,43.0,1.0,0.0,0.0,393.0,71.0,0.0
874.0,1.0,19.0,75.0,4.0,0.0,0.0,598.0,89.0,0.0
647.0,1.0,11.0,47.0,1.0,0.0,0.0,438.0,63.0,0.0
567.0,0.0,11.0,44.0,1.0,0.0,0.0,381.0,59.0,0.0
619.0,1.0,7.0,36.0,1.0,0.0,0.0,429.0,56.0,0.0
765.0,0.0,19.0,65.0,1.0,0.0,0.0,526.0,82.0,0.0
650.0,1.0,11.0,44.0,2.0,0.0,0.0,453.0,54.0,0.0
523.0,0.0,6.0,34.0,1.0,0.0,0.0,339.0,65.0,0.0
623.0,0.0,11.0,53.0,3.0,0.0,0.0,412.0,67.0,0.0
555.0,0.0,9.0,40.0,2.0,0.0,0.0,373.0,54.0,0.0
659.0,1.0,9.0,42.0,2.0,0.0,0.0,437.0,81.0,0.0
814.0,1.0,19.0,64.0,1.0,0.0,0.0,556.0,93.0,0.0
666.0,1.0,7.0,43.0,1.0,0.0,0.0,437.0,87.0,0.0
814.0,1.0,19.0,62.0,1.0,0.0,0.0,557.0,91.0,0.0
693.0,1.0,11.0,48.0,1.0,0.0,0.0,464.0,84.0,0.0
641.0,1.0,11.0,44.0,1.0,0.0,0.0,450.0,51.0,0.0
758.0,0.0,19.0,64.0,1.0,0.0,0.0,514.0,91.0,0.0
876.0,1.0,19.0,67.0,3.0,0.0,0.0,604.0,91.0,0.0
874.0,1.0,19.0,74.0,2.0,0.0,0.0,580.0,114.0,0.0
748.0,0.0,19.0,65.0,1.0,0.0,0.0,501.0,93.0,0.0
571.0,0.0,11.0,45.0,1.0,0.0,0.0,393.0,50.0,0.0
522.0,0.0,6.0,35.0,1.0,0.0,0.0,351.0,49.0,0.0
532.0,0.0,9.0,40.0,1.0,0.0,0.0,352.0,57.0,0.0
603.0,1.0,7.0,40.0,1.0,0.0,0.0,403.0,62.0,0.0
642.0,1.0,11.0,46.0,1.0,0.0,0.0,442.0,58.0,0.0
528.0,0.0,7.0,39.0,1.0,0.0,0.0,350.0,56.0,0.0
830.0,0.0,19.0,70.0,1.0,0.0,0.0,544.0,124.0,0.0
638.0,1.0,11.0,43.0,1.0,0.0,0.0,446.0,53.0,0.0
753.0,0.0,19.0,64.0,1.0,0.0,0.0,507.0,92.0,0.0
613.0,0.0,7.0,43.0,1.0,0.0,0.0,401.0,83.0,0.0
821.0,1.0,19.0,63.0,1.0,0.0,0.0,562.0,93.0,0.0
844.0,1.0,19.0,62.0,1.0,0.0,0.0,579.0,96.0,0.0
607.0,1.0,9.0,39.0,2.0,0.0,0.0,416.0,56.0,0.0
812.0,1.0,19.0,63.0,1.0,0.0,0.0,561.0,86.0,0.0
860.0,1.0,19.0,68.0,1.0,0.0,0.0,588.0,100.0,0.0
638.0,1.0,11.0,44.0,1.0,0.0,0.0,436.0,59.0,0.0
681.0,0.0,11.0,58.0,1.0,0.0,0.0,438.0,99.0,0.0
744.0,0.0,19.0,61.0,1.0,0.0,0.0,504.0,90.0,0.0
508.0,0.0,6.0,35.0,1.0,0.0,0.0,337.0,53.0,0.0
613.0,1.0,9.0,40.0,2.0,0.0,0.0,414.0,61.0,0.0
836.0,1.0,19.0,63.0,1.0,0.0,0.0,576.0,93.0,0.0
847.0,1.0,19.0,63.0,1.0,0.0,0.0,587.0,91.0,0.0
533.0,0.0,7.0,35.0,1.0,0.0,0.0,364.0,50.0,0.0
767.0,0.0,19.0,64.0,1.0,0.0,0.0,518.0,94.0,0.0
760.0,0.0,19.0,63.0,1.0,0.0,0.0,519.0,86.0,0.0
900.0,1.0,19.0,70.0,1.0,0.0,0.0,598.0,127.0,0.0
830.0,1.0,19.0,64.0,1.0,0.0,0.0,567.0,97.0,0.0
879.0,1.0,19.0,77.0,4.0,0.0,0.0,583.0,109.0,0.0
687.0,1.0,7.0,56.0,2.0,0.0,0.0,438.0,93.0,0.0
563.0,0.0,11.0,44.0,1.0,0.0,0.0,379.0,57.0,0.0
830.0,1.0,19.0,62.0,1.0,0.0,0.0,580.0,87.0,0.0
802.0,1.0,19.0,61.0,1.0,0.0,0.0,544.0,95.0,0.0
826.0,1.0,19.0,65.0,1.0,0.0,0.0,557.0,101.0,0.0
750.0,0.0,19.0,62.0,1.0,0.0,0.0,511.0,89.0,0.0
763.0,0.0,19.0,61.0,1.0,0.0,0.0,516.0,96.0,0.0
503.0,0.0,6.0,33.0,1.0,0.0,0.0,335.0,50.0,0.0
758.0,0.0,19.0,62.0,1.0,0.0,0.0,524.0,83.0,0.0
485.0,0.0,6.0,32.0,1.0,0.0,0.0,319.0,51.0,0.0
517.0,0.0,6.0,34.0,1.0,0.0,0.0,326.0,74.0,0.0
683.0,1.0,11.0,52.0,2.0,0.0,0.0,449.0,80.0,0.0
571.0,0.0,11.0,46.0,1.0,0.0,0.0,386.0,56.0,0.0
652.0,1.0,7.0,41.0,1.0,0.0,0.0,431.0,82.0,0.0
1325.0,0.0,19.0,169.0,1.0,0.0,0.0,585.0,476.0,0.0
575.0,0.0,7.0,45.0,1.0,0.0,0.0,361.0,86.0,0.0
810.0,1.0,19.0,62.0,1.0,0.0,0.0,556.0,90.0,0.0
847.0,1.0,19.0,64.0,1.0,0.0,0.0,585.0,91.0,0.0
683.0,1.0,11.0,56.0,4.0,0.0,0.0,455.0,69.0,0.0
891.0,1.0,19.0,73.0,3.0,0.0,0.0,596.0,112.0,0.0
668.0,1.0,11.0,54.0,4.0,0.0,0.0,445.0,69.0,0.0
750.0,0.0,19.0,60.0,1.0,0.0,0.0,511.0,87.0,0.0
581.0,1.0,7.0,36.0,1.0,0.0,0.0,397.0,52.0,0.0
571.0,0.0,11.0,44.0,1.0,0.0,0.0,389.0,55.0,0.0
756.0,0.0,19.0,65.0,1.0,0.0,0.0,514.0,87.0,0.0
602.0,0.0,9.0,44.0,4.0,0.0,0.0,403.0,60.0,0.0
491.0,0.0,6.0,31.0,1.0,0.0,0.0,324.0,51.0,0.0
519.0,0.0,6.0,35.0,1.0,0.0,0.0,351.0,47.0,0.0
689.0,1.0,11.0,53.0,3.0,0.0,0.0,463.0,69.0,0.0
573.0,0.0,11.0,45.0,1.0,0.0,0.0,382.0,58.0,0.0
774.0,0.0,19.0,63.0,1.0,0.0,0.0,527.0,88.0,0.0
545.0,0.0,9.0,40.0,2.0,0.0,0.0,358.0,62.0,0.0
822.0,1.0,19.0,61.0,1.0,0.0,0.0,564.0,94.0,0.0
520.0,0.0,6.0,34.0,1.0,0.0,0.0,329.0,73.0,0.0
810.0,1.0,19.0,63.0,1.0,0.0,0.0,556.0,89.0,0.0
841.0,1.0,19.0,62.0,1.0,0.0,0.0,577.0,97.0,0.0
530.0,0.0,7.0,36.0,1.0,0.0,0.0,364.0,46.0,0.0
565.0,0.0,11.0,45.0,1.0,0.0,0.0,385.0,52.0,0.0
685.0,1.0,11.0,52.0,3.0,0.0,0.0,465.0,67.0,0.0
797.0,0.0,19.0,68.0,1.0,0.0,0.0,517.0,122.0,0.0
767.0,0.0,19.0,63.0,1.0,0.0,0.0,517.0,92.0,0.0
808.0,1.0,19.0,64.0,1.0,0.0,0.0,550.0,92.0,0.0
625.0,1.0,7.0,45.0,4.0,0.0,0.0,416.0,63.0,0.0
835.0,1.0,19.0,63.0,1.0,0.0,0.0,573.0,94.0,0.0
572.0,0.0,11.0,45.0,1.0,0.0,0.0,389.0,54.0,0.0
502.0,0.0,6.0,34.0,1.0,0.0,0.0,332.0,52.0,0.0
518.0,0.0,7.0,36.0,1.0,0.0,0.0,346.0,52.0,0.0
638.0,1.0,11.0,45.0,1.0,0.0,0.0,438.0,59.0,0.0
741.0,0.0,19.0,61.0,1.0,0.0,0.0,506.0,85.0,0.0
629.0,1.0,11.0,44.0,1.0,0.0,0.0,434.0,55.0,0.0
637.0,1.0,11.0,44.0,1.0,0.0,0.0,430.0,64.0,0.0
762.0,0.0,19.0,65.0,1.0,0.0,0.0,520.0,88.0,0.0
826.0,1.0,19.0,62.0,1.0,0.0,0.0,558.0,102.0,0.0
501.0,0.0,6.0,33.0,1.0,0.0,0.0,342.0,43.0,0.0
810.0,0.0,19.0,72.0,3.0,0.0,0.0,542.0,102.0,0.0
516.0,0.0,6.0,34.0,1.0,0.0,0.0,323.0,75.0,0.0
766.0,0.0,19.0,62.0,1.0,0.0,0.0,524.0,88.0,0.0
586.0,1.0,7.0,35.0,1.0,0.0,0.0,397.0,57.0,0.0
556.0,0.0,7.0,44.0,2.0,0.0,0.0,364.0,62.0,0.0
502.0,0.0,6.0,33.0,1.0,0.0,0.0,328.0,58.0,0.0
617.0,0.0,11.0,56.0,4.0,0.0,0.0,399.0,72.0,0.0
575.0,0.0,7.0,48.0,4.0,0.0,0.0,373.0,63.0,0.0
520.0,0.0,6.0,35.0,1.0,0.0,0.0,342.0,57.0,0.0
589.0,1.0,7.0,36.0,1.0,0.0,0.0,397.0,59.0,0.0
815.0,1.0,19.0,61.0,1.0,0.0,0.0,563.0,90.0,0.0
574.0,0.0,11.0,45.0,1.0,0.0,0.0,379.0,64.0,0.0
811.0,1.0,19.0,63.0,1.0,0.0,0.0,545.0,98.0,0.0
602.0,1.0,7.0,39.0,1.0,0.0,0.0,403.0,63.0,0.0
843.0,1.0,19.0,62.0,1.0,0.0,0.0,586.0,92.0,0.0
850.0,1.0,19.0,72.0,1.0,0.0,0.0,568.0,110.0,0.0
744.0,0.0,19.0,64.0,1.0,0.0,0.0,505.0,85.0,0.0
507.0,0.0,6.0,33.0,1.0,0.0,0.0,342.0,48.0,0.0
751.0,0.0,19.0,63.0,1.0,0.0,0.0,507.0,90.0,0.0
569.0,0.0,7.0,41.0,1.0,0.0,0.0,356.0,88.0,0.0
826.0,1.0,19.0,63.0,1.0,0.0,0.0,566.0,92.0,0.0
747.0,0.0,19.0,61.0,1.0,0.0,0.0,510.0,85.0,0.0
658.0,1.0,7.0,43.0,1.0,0.0,0.0,440.0,77.0,0.0
665.0,1.0,7.0,56.0,2.0,0.0,0.0,422.0,88.0,0.0
651.0,0.0,11.0,64.0,2.0,0.0,0.0,403.0,98.0,0.0
527.0,0.0,6.0,34.0,1.0,0.0,0.0,345.0,63.0,0.0
683.0,1.0,7.0,49.0,1.0,0.0,0.0,442.0,96.0,0.0
521.0,0.0,7.0,36.0,1.0,0.0,0.0,348.0,53.0,0.0
513.0,0.0,6.0,34.0,1.0,0.0,0.0,341.0,53.0,0.0
562.0,0.0,11.0,43.0,1.0,0.0,0.0,379.0,56.0,0.0
768.0,0.0,19.0,66.0,1.0,0.0,0.0,515.0,97.0,0.0
874.0,1.0,19.0,70.0,1.0,0.0,0.0,574.0,126.0,0.0
821.0,1.0,19.0,60.0,1.0,0.0,0.0,561.0,96.0,0.0
631.0,1.0,11.0,43.0,1.0,0.0,0.0,440.0,52.0,0.0
595.0,1.0,7.0,36.0,1.0,0.0,0.0,411.0,51.0,0.0
1073.0,0.0,7.0,144.0,1.0,0.0,0.0,405.0,439.0,0.0
821.0,1.0,19.0,64.0,1.0,0.0,0.0,553.0,100.0,0.0
593.0,0.0,7.0,43.0,1.0,0.0,0.0,376.0,89.0,0.0
777.0,0.0,19.0,65.0,1.0,0.0,0.0,534.0,87.0,0.0
640.0,1.0,11.0,45.0,1.0,0.0,0.0,433.0,61.0,0.0
783.0,0.0,19.0,67.0,1.0,0.0,0.0,538.0,87.0,0.0
746.0,0.0,19.0,63.0,1.0,0.0,0.0,496.0,98.0,0.0
812.0,1.0,19.0,63.0,1.0,0.0,0.0,551.0,97.0,0.0
502.0,0.0,6.0,34.0,1.0,0.0,0.0,337.0,48.0,0.0
824.0,1.0,19.0,70.0,1.0,0.0,0.0,553.0,100.0,0.0
687.0,1.0,7.0,56.0,2.0,0.0,0.0,437.0,94.0,0.0
517.0,0.0,6.0,34.0,1.0,0.0,0.0,347.0,50.0,0.0
649.0,1.0,11.0,47.0,1.0,0.0,0.0,450.0,56.0,0.0
499.0,0.0,6.0,34.0,1.0,0.0,0.0,333.0,50.0,0.0
577.0,0.0,11.0,47.0,1.0,0.0,0.0,378.0,66.0,0.0
841.0,0.0,19.0,74.0,1.0,0.0,0.0,544.0,131.0,0.0
750.0,0.0,19.0,62.0,1.0,0.0,0.0,514.0,86.0,0.0
633.0,0.0,11.0,59.0,2.0,0.0,0.0,404.0,81.0,0.0
859.0,1.0,19.0,67.0,1.0,0.0,0.0,585.0,100.0,0.0
741.0,0.0,19.0,62.0,1.0,0.0,0.0,493.0,94.0,0.0
490.0,0.0,6.0,32.0,1.0,0.0,0.0,325.0,51.0,0.0
773.0,1.0,7.0,53.0,1.0,1.0,0.0,534.0,80.0,0.0
759.0,0.0,19.0,62.0,1.0,0.0,0.0,511.0,96.0,0.0
771.0,0.0,19.0,66.0,1.0,0.0,0.0,520.0,92.0,0.0
498.0,0.0,6.0,32.0,1.0,0.0,0.0,333.0,48.0,0.0
827.0,1.0,19.0,67.0,1.0,0.0,0.0,557.0,101.0,0.0
517.0,0.0,6.0,33.0,1.0,0.0,0.0,334.0,66.0,0.0
477.0,0.0,6.0,31.0,1.0,0.0,0.0,311.0,52.0,0.0
834.0,1.0,19.0,61.0,1.0,0.0,0.0,581.0,89.0,0.0
760.0,0.0,19.0,62.0,1.0,0.0,0.0,521.0,86.0,0.0
645.0,1.0,7.0,50.0,2.0,0.0,0.0,415.0,81.0,0.0
545.0,0.0,9.0,40.0,2.0,0.0,0.0,369.0,51.0,0.0
751.0,0.0,19.0,62.0,1.0,0.0,0.0,514.0,85.0,0.0
637.0,1.0,11.0,44.0,1.0,0.0,0.0,448.0,49.0,0.0
798.0,0.0,19.0,75.0,4.0,0.0,0.0,520.0,108.0,0.0
741.0,0.0,19.0,62.0,1.0,0.0,0.0,507.0,84.0,0.0
623.0,0.0,9.0,51.0,2.0,0.0,0.0,410.0,77.0,0.0
565.0,0.0,11.0,43.0,1.0,0.0,0.0,388.0,50.0,0.0
516.0,0.0,6.0,34.0,1.0,0.0,0.0,352.0,44.0,0.0
702.0,1.0,11.0,53.0,1.0,0.0,0.0,464.0,89.0,0.0
746.0,0.0,19.0,63.0,1.0,0.0,0.0,506.0,88.0,0.0
778.0,0.0,19.0,63.0,1.0,0.0,0.0,527.0,93.0,0.0
802.0,1.0,19.0,63.0,1.0,0.0,0.0,547.0,90.0,0.0
633.0,1.0,7.0,45.0,1.0,0.0,0.0,428.0,64.0,0.0
794.0,1.0,19.0,61.0,1.0,0.0,0.0,555.0,77.0,0.0
555.0,0.0,11.0,44.0,1.0,0.0,0.0,370.0,57.0,0.0
816.0,1.0,19.0,67.0,1.0,0.0,0.0,552.0,98.0,0.0
813.0,1.0,19.0,63.0,1.0,0.0,0.0,551.0,97.0,0.0
750.0,0.0,19.0,61.0,1.0,0.0,0.0,507.0,93.0,0.0
572.0,0.0,11.0,45.0,1.0,0.0,0.0,380.0,59.0,0.0
621.0,1.0,7.0,45.0,4.0,0.0,0.0,414.0,62.0,0.0
640.0,0.0,11.0,54.0,1.0,0.0,0.0,414.0,86.0,0.0
762.0,0.0,19.0,62.0,1.0,0.0,0.0,523.0,87.0,0.0
658.0,1.0,7.0,39.0,1.0,0.0,0.0,443.0,78.0,0.0
725.0,0.0,19.0,62.0,1.0,0.0,0.0,485.0,91.0,0.0
766.0,0.0,19.0,63.0,1.0,0.0,0.0,522.0,88.0,0.0
838.0,1.0,19.0,65.0,1.0,0.0,0.0,570.0,97.0,0.0
800.0,1.0,11.0,61.0,1.0,1.0,0.0,545.0,89.0,0.0
815.0,1.0,19.0,63.0,1.0,0.0,0.0,555.0,96.0,0.0
730.0,0.0,19.0,60.0,1.0,0.0,0.0,493.0,87.0,0.0
756.0,0.0,19.0,64.0,1.0,0.0,0.0,506.0,94.0,0.0
810.0,1.0,19.0,63.0,1.0,0.0,0.0,545.0,99.0,0.0
763.0,0.0,19.0,62.0,1.0,0.0,0.0,521.0,90.0,0.0
828.0,1.0,19.0,62.0,1.0,0.0,0.0,561.0,98.0,0.0
765.0,0.0,19.0,63.0,1.0,0.0,0.0,523.0,88.0,0.0
753.0,0.0,19.0,61.0,1.0,0.0,0.0,514.0,90.0,0.0
759.0,0.0,19.0,63.0,1.0,0.0,0.0,506.0,101.0,0.0
867.0,1.0,19.0,67.0,1.0,0.0,0.0,596.0,97.0,0.0
583.0,0.0,7.0,48.0,4.0,0.0,0.0,376.0,67.0,0.0
634.0,1.0,11.0,44.0,1.0,0.0,0.0,438.0,56.0,0.0
503.0,0.0,6.0,33.0,1.0,0.0,0.0,337.0,49.0,0.0
739.0,0.0,19.0,62.0,1.0,0.0,0.0,497.0,91.0,0.0
777.0,0.0,19.0,65.0,1.0,0.0,0.0,525.0,94.0,0.0
755.0,0.0,19.0,64.0,1.0,0.0,0.0,511.0,89.0,0.0
496.0,0.0,6.0,34.0,1.0,0.0,0.0,333.0,46.0,0.0
650.0,1.0,7.0,45.0,1.0,0.0,0.0,424.0,85.0,0.0
835.0,1.0,19.0,67.0,1.0,0.0,0.0,564.0,99.0,0.0
488.0,0.0,6.0,32.0,1.0,0.0,0.0,323.0,49.0,0.0
551.0,0.0,9.0,40.0,1.0,0.0,0.0,370.0,55.0,0.0
797.0,0.0,19.0,75.0,2.0,0.0,0.0,511.0,117.0,0.0
565.0,0.0,7.0,45.0,1.0,0.0,0.0,373.0,64.0,0.0
612.0,1.0,9.0,39.0,2.0,0.0,0.0,425.0,50.0,0.0
905.0,1.0,19.0,72.0,1.0,0.0,0.0,592.0,137.0,0.0
512.0,0.0,6.0,34.0,1.0,0.0,0.0,342.0,52.0,0.0
822.0,1.0,19.0,60.0,1.0,0.0,0.0,565.0,91.0,0.0
525.0,0.0,6.0,34.0,1.0,0.0,0.0,337.0,70.0,0.0
827.0,1.0,19.0,63.0,1.0,0.0,0.0,570.0,92.0,0.0
559.0,0.0,11.0,43.0,1.0,0.0,0.0,384.0,49.0,0.0
644.0,1.0,11.0,46.0,1.0,0.0,0.0,434.0,65.0,0.0
541.0,0.0,9.0,39.0,2.0,0.0,0.0,363.0,54.0,0.0
627.0,1.0,7.0,47.0,4.0,0.0,0.0,414.0,66.0,0.0
749.0,0.0,19.0,65.0,1.0,0.0,0.0,507.0,88.0,0.0
773.0,1.0,7.0,53.0,1.0,1.0,0.0,533.0,81.0,0.0
523.0,0.0,6.0,34.0,1.0,0.0,0.0,333.0,72.0,0.0
486.0,0.0,6.0,31.0,1.0,0.0,0.0,320.0,52.0,0.0
701.0,1.0,11.0,59.0,2.0,0.0,0.0,450.0,90.0,0.0
680.0,1.0,11.0,53.0,1.0,0.0,0.0,463.0,68.0,0.0
625.0,0.0,11.0,56.0,1.0,0.0,0.0,406.0,77.0,0.0
786.0,0.0,19.0,63.0,1.0,0.0,0.0,536.0,92.0,0.0
616.0,1.0,9.0,40.0,2.0,0.0,0.0,415.0,63.0,0.0
839.0,1.0,19.0,63.0,1.0,0.0,0.0,583.0,87.0,0.0
636.0,1.0,11.0,43.0,1.0,0.0,0.0,440.0,56.0,0.0
569.0,0.0,11.0,44.0,1.0,0.0,0.0,375.0,64.0,0.0
509.0,0.0,6.0,33.0,1.0,0.0,0.0,324.0,70.0,0.0
592.0,0.0,9.0,47.0,1.0,0.0,0.0,396.0,64.0,0.0
562.0,0.0,7.0,44.0,3.0,0.0,0.0,368.0,62.0,0.0
760.0,0.0,19.0,63.0,1.0,0.0,0.0,509.0,98.0,0.0
738.0,0.0,19.0,64.0,1.0,0.0,0.0,502.0,85.0,0.0
636.0,1.0,11.0,44.0,1.0,0.0,0.0,444.0,52.0,0.0
640.0,1.0,11.0,45.0,1.0,0.0,0.0,445.0,54.0,0.0
687.0,1.0,11.0,54.0,1.0,0.0,0.0,463.0,71.0,0.0
834.0,1.0,19.0,64.0,1.0,0.0,0.0,571.0,96.0,0.0
514.0,0.0,7.0,35.0,1.0,0.0,0.0,339.0,57.0,0.0
740.0,0.0,19.0,63.0,1.0,0.0,0.0,501.0,86.0,0.0
533.0,0.0,6.0,35.0,1.0,0.0,0.0,344.0,70.0,0.0
810.0,1.0,19.0,63.0,1.0,0.0,0.0,549.0,95.0,0.0
592.0,0.0,7.0,43.0,1.0,0.0,0.0,392.0,72.0,0.0
785.0,0.0,19.0,62.0,1.0,0.0,0.0,539.0,90.0,0.0
631.0,0.0,11.0,49.0,1.0,0.0,0.0,408.0,87.0,0.0
832.0,1.0,19.0,63.0,1.0,0.0,0.0,573.0,92.0,0.0
603.0,0.0,9.0,44.0,2.0,0.0,0.0,389.0,84.0,0.0
557.0,0.0,7.0,38.0,1.0,0.0,0.0,354.0,81.0,0.0
638.0,0.0,9.0,53.0,2.0,0.0,0.0,402.0,100.0,0.0
860.0,1.0,19.0,63.0,1.0,0.0,0.0,601.0,89.0,0.0
514.0,0.0,7.0,36.0,1.0,0.0,0.0,342.0,53.0,0.0
762.0,0.0,19.0,63.0,1.0,0.0,0.0,519.0,89.0,0.0
498.0,0.0,6.0,32.0,1.0,0.0,0.0,335.0,46.0,0.0
622.0,0.0,7.0,49.0,1.0,0.0,0.0,398.0,92.0,0.0
683.0,1.0,11.0,54.0,2.0,0.0,0.0,453.0,74.0,0.0
604.0,0.0,9.0,39.0,2.0,0.0,0.0,410.0,60.0,0.0
503.0,0.0,6.0,33.0,1.0,0.0,0.0,336.0,51.0,0.0
867.0,1.0,19.0,66.0,1.0,0.0,0.0,578.0,119.0,0.0
637.0,1.0,11.0,44.0,1.0,0.0,0.0,438.0,59.0,0.0
640.0,1.0,11.0,44.0,1.0,0.0,0.0,431.0,66.0,0.0
572.0,0.0,11.0,44.0,1.0,0.0,0.0,385.0,57.0,0.0
847.0,1.0,19.0,63.0,1.0,0.0,0.0,588.0,93.0,0.0
638.0,1.0,11.0,43.0,1.0,0.0,0.0,444.0,55.0,0.0
808.0,0.0,19.0,65.0,1.0,0.0,0.0,529.0,122.0,0.0
507.0,0.0,6.0,33.0,1.0,0.0,0.0,334.0,57.0,0.0
651.0,0.0,11.0,65.0,2.0,0.0,0.0,399.0,98.0,0.0
512.0,0.0,7.0,36.0,1.0,0.0,0.0,344.0,49.0,0.0
591.0,1.0,7.0,36.0,1.0,0.0,0.0,405.0,53.0,0.0
823.0,1.0,19.0,63.0,1.0,0.0,0.0,566.0,93.0,0.0
719.0,1.0,11.0,52.0,1.0,0.0,0.0,488.0,78.0,0.0
870.0,1.0,19.0,66.0,1.0,0.0,0.0,573.0,131.0,0.0
612.0,1.0,9.0,39.0,2.0,0.0,0.0,414.0,61.0,0.0
569.0,0.0,11.0,44.0,1.0,0.0,0.0,382.0,59.0,0.0
645.0,1.0,11.0,46.0,1.0,0.0,0.0,447.0,56.0,0.0
750.0,0.0,19.0,66.0,1.0,0.0,0.0,504.0,91.0,0.0
498.0,0.0,6.0,32.0,1.0,0.0,0.0,337.0,47.0,0.0
736.0,0.0,19.0,63.0,1.0,0.0,0.0,494.0,90.0,0.0
644.0,1.0,11.0,46.0,1.0,0.0,0.0,446.0,55.0,0.0
847.0,1.0,19.0,65.0,1.0,0.0,0.0,578.0,97.0,0.0
563.0,0.0,11.0,43.0,1.0,0.0,0.0,383.0,54.0,0.0
488.0,0.0,6.0,32.0,1.0,0.0,0.0,321.0,52.0,0.0
800.0,0.0,19.0,71.0,3.0,0.0,0.0,538.0,96.0,0.0
824.0,1.0,19.0,64.0,1.0,0.0,0.0,558.0,98.0,0.0
567.0,0.0,11.0,44.0,1.0,0.0,0.0,383.0,57.0,0.0
849.0,1.0,19.0,64.0,1.0,0.0,0.0,579.0,97.0,0.0
804.0,1.0,19.0,63.0,1.0,0.0,0.0,541.0,100.0,0.0
752.0,0.0,19.0,61.0,1.0,0.0,0.0,516.0,86.0,0.0
834.0,1.0,19.0,65.0,1.0,0.0,0.0,576.0,88.0,0.0
890.0,1.0,19.0,66.0,1.0,0.0,0.0,592.0,126.0,0.0
528.0,0.0,6.0,35.0,1.0,0.0,0.0,362.0,45.0,0.0
516.0,0.0,6.0,33.0,1.0,0.0,0.0,334.0,65.0,0.0
536.0,0.0,9.0,40.0,1.0,0.0,0.0,354.0,57.0,0.0
494.0,0.0,6.0,31.0,1.0,0.0,0.0,323.0,54.0,0.0
502.0,0.0,6.0,32.0,1.0,0.0,0.0,340.0,48.0,0.0
677.0,1.0,7.0,53.0,2.0,0.0,0.0,442.0,82.0,0.0
845.0,0.0,19.0,71.0,1.0,0.0,0.0,561.0,118.0,0.0
820.0,1.0,19.0,60.0,1.0,0.0,0.0,559.0,96.0,0.0
591.0,0.0,7.0,40.0,3.0,0.0,0.0,395.0,60.0,0.0
500.0,0.0,6.0,33.0,1.0,0.0,0.0,331.0,52.0,0.0
1073.0,0.0,7.0,144.0,1.0,0.0,0.0,403.0,441.0,0.0
595.0,1.0,7.0,36.0,1.0,0.0,0.0,407.0,55.0,0.0
764.0,0.0,19.0,70.0,1.0,0.0,0.0,502.0,99.0,0.0
836.0,1.0,19.0,62.0,1.0,0.0,0.0,572.0,97.0,0.0
786.0,0.0,19.0,64.0,1.0,0.0,0.0,532.0,92.0,0.0
879.0,1.0,19.0,69.0,3.0,0.0,0.0,598.0,98.0,0.0
823.0,1.0,19.0,63.0,1.0,0.0,0.0,557.0,99.0,0.0
559.0,0.0,7.0,47.0,4.0,0.0,0.0,360.0,65.0,0.0
589.0,1.0,7.0,36.0,1.0,0.0,0.0,401.0,55.0,0.0
563.0,0.0,11.0,43.0,1.0,0.0,0.0,385.0,52.0,0.0
752.0,0.0,19.0,66.0,1.0,0.0,0.0,504.0,93.0,0.0
597.0,0.0,7.0,43.0,1.0,0.0,0.0,405.0,63.0,0.0
830.0,0.0,19.0,84.0,2.0,0.0,0.0,524.0,128.0,0.0
844.0,1.0,19.0,65.0,1.0,0.0,0.0,577.0,95.0,0.0
763.0,0.0,19.0,64.0,1.0,0.0,0.0,517.0,92.0,0.0
686.0,1.0,9.0,44.0,4.0,0.0,0.0,465.0,67.0,0.0
591.0,0.0,11.0,50.0,1.0,0.0,0.0,387.0,68.0,0.0
606.0,0.0,9.0,54.0,3.0,0.0,0.0,384.0,80.0,0.0
763.0,0.0,19.0,62.0,1.0,0.0,0.0,522.0,88.0,0.0
502.0,0.0,6.0,33.0,1.0,0.0,0.0,337.0,49.0,0.0
514.0,0.0,6.0,33.0,1.0,0.0,0.0,330.0,67.0,0.0
877.0,1.0,19.0,69.0,1.0,0.0,0.0,580.0,122.0,0.0
631.0,1.0,7.0,44.0,3.0,0.0,0.0,423.0,63.0,0.0
492.0,0.0,6.0,32.0,1.0,0.0,0.0,332.0,43.0,0.0
808.0,1.0,19.0,63.0,1.0,0.0,0.0,552.0,91.0,0.0
504.0,0.0,6.0,34.0,1.0,0.0,0.0,331.0,55.0,0.0
819.0,0.0,19.0,63.0,1.0,0.0,0.0,567.0,88.0,0.0
820.0,1.0,19.0,62.0,1.0,0.0,0.0,565.0,90.0,0.0
813.0,1.0,19.0,63.0,1.0,0.0,0.0,550.0,97.0,0.0
566.0,0.0,11.0,43.0,1.0,0.0,0.0,384.0,56.0,0.0
538.0,0.0,9.0,39.0,2.0,0.0,0.0,362.0,54.0,0.0
825.0,1.0,19.0,63.0,1.0,0.0,0.0,562.0,98.0,0.0
821.0,1.0,19.0,65.0,1.0,0.0,0.0,553.0,96.0,0.0
802.0,0.0,19.0,69.0,1.0,0.0,0.0,519.0,124.0,0.0
659.0,1.0,9.0,48.0,4.0,0.0,0.0,441.0,69.0,0.0
508.0,0.0,6.0,34.0,2.0,0.0,0.0,340.0,51.0,0.0
742.0,0.0,19.0,63.0,1.0,0.0,0.0,495.0,96.0,0.0
490.0,0.0,6.0,32.0,1.0,0.0,0.0,333.0,42.0,0.0
659.0,1.0,9.0,44.0,1.0,0.0,0.0,430.0,88.0,0.0
518.0,0.0,7.0,35.0,1.0,0.0,0.0,347.0,52.0,0.0
690.0,1.0,11.0,46.0,1.0,0.0,0.0,459.0,88.0,0.0
627.0,0.0,11.0,55.0,3.0,0.0,0.0,409.0,72.0,0.0
802.0,1.0,19.0,62.0,1.0,0.0,0.0,552.0,86.0,0.0
492.0,0.0,6.0,32.0,1.0,0.0,0.0,326.0,51.0,0.0
651.0,1.0,11.0,48.0,1.0,0.0,0.0,437.0,66.0,0.0
629.0,1.0,11.0,43.0,1.0,0.0,0.0,433.0,57.0,0.0
765.0,0.0,19.0,65.0,1.0,0.0,0.0,505.0,105.0,0.0
773.0,0.0,19.0,62.0,1.0,0.0,0.0,521.0,95.0,0.0
586.0,1.0,7.0,36.0,1.0,0.0,0.0,394.0,60.0,0.0
734.0,0.0,19.0,63.0,1.0,0.0,0.0,496.0,88.0,0.0
504.0,0.0,6.0,33.0,1.0,0.0,0.0,337.0,51.0,0.0
560.0,0.0,11.0,43.0,1.0,0.0,0.0,381.0,52.0,0.0
769.0,0.0,19.0,68.0,1.0,0.0,0.0,510.0,99.0,0.0
568.0,0.0,11.0,44.0,1.0,0.0,0.0,380.0,58.0,0.0
595.0,0.0,9.0,48.0,4.0,0.0,0.0,390.0,67.0,0.0
752.0,1.0,7.0,53.0,1.0,1.0,0.0,512.0,82.0,0.0
541.0,0.0,9.0,40.0,2.0,0.0,0.0,365.0,53.0,0.0
676.0,1.0,11.0,52.0,2.0,0.0,0.0,451.0,74.0,0.0
739.0,0.0,19.0,63.0,1.0,0.0,0.0,499.0,89.0,0.0
821.0,1.0,19.0,63.0,1.0,0.0,0.0,558.0,96.0,0.0
523.0,0.0,6.0,34.0,1.0,0.0,0.0,339.0,67.0,0.0
736.0,0.0,19.0,62.0,1.0,0.0,0.0,499.0,88.0,0.0
834.0,0.0,19.0,64.0,1.0,0.0,0.0,570.0,95.0,0.0
643.0,1.0,11.0,46.0,1.0,0.0,0.0,449.0,52.0,0.0
743.0,0.0,19.0,61.0,1.0,0.0,0.0,508.0,85.0,0.0
761.0,0.0,19.0,63.0,1.0,0.0,0.0,515.0,92.0,0.0
857.0,1.0,19.0,69.0,1.0,0.0,0.0,588.0,94.0,0.0
502.0,0.0,6.0,32.0,1.0,0.0,0.0,342.0,46.0,0.0
663.0,1.0,7.0,40.0,1.0,0.0,0.0,444.0,81.0,0.0
566.0,0.0,11.0,44.0,1.0,0.0,0.0,391.0,48.0,0.0
823.0,0.0,19.0,69.0,3.0,0.0,0.0,559.0,94.0,0.0
573.0,0.0,7.0,40.0,1.0,0.0,0.0,368.0,81.0,0.0
520.0,0.0,6.0,34.0,1.0,0.0,0.0,351.0,49.0,0.0
632.0,1.0,11.0,45.0,1.0,0.0,0.0,427.0,62.0,0.0
874.0,1.0,19.0,74.0,4.0,0.0,0.0,585.0,106.0,0.0
512.0,0.0,6.0,34.0,1.0,0.0,0.0,345.0,49.0,0.0
500.0,0.0,6.0,33.0,1.0,0.0,0.0,333.0,48.0,0.0
763.0,0.0,19.0,63.0,1.0,0.0,0.0,515.0,91.0,0.0
590.0,1.0,7.0,36.0,1.0,0.0,0.0,404.0,53.0,0.0
554.0,0.0,7.0,43.0,2.0,0.0,0.0,364.0,61.0,0.0
495.0,0.0,6.0,32.0,1.0,0.0,0.0,324.0,54.0,0.0
587.0,1.0,7.0,35.0,1.0,0.0,0.0,407.0,48.0,0.0
897.0,1.0,19.0,83.0,2.0,0.0,0.0,576.0,134.0,0.0
517.0,0.0,6.0,35.0,1.0,0.0,0.0,344.0,51.0,0.0
637.0,1.0,11.0,45.0,1.0,0.0,0.0,442.0,54.0,0.0
563.0,0.0,11.0,43.0,1.0,0.0,0.0,383.0,53.0,0.0
755.0,0.0,19.0,63.0,1.0,0.0,0.0,518.0,86.0,0.0
520.0,0.0,6.0,34.0,1.0,0.0,0.0,335.0,68.0,0.0
576.0,0.0,9.0,42.0,2.0,0.0,0.0,371.0,79.0,0.0
569.0,0.0,9.0,47.0,3.0,0.0,0.0,369.0,67.0,0.0
555.0,0.0,7.0,40.0,1.0,0.0,0.0,365.0,64.0,0.0
1199.0,1.0,11.0,153.0,1.0,0.0,0.0,506.0,441.0,0.0
619.0,0.0,7.0,49.0,1.0,0.0,0.0,391.0,96.0,0.0
827.0,1.0,19.0,64.0,1.0,0.0,0.0,564.0,92.0,0.0
522.0,0.0,6.0,35.0,1.0,0.0,0.0,352.0,50.0,0.0
772.0,0.0,19.0,66.0,1.0,0.0,0.0,523.0,93.0,0.0
523.0,0.0,6.0,34.0,1.0,0.0,0.0,332.0,73.0,0.0
533.0,0.0,9.0,40.0,1.0,0.0,0.0,349.0,61.0,0.0
557.0,0.0,7.0,44.0,2.0,0.0,0.0,356.0,71.0,0.0
723.0,1.0,11.0,56.0,1.0,0.0,0.0,478.0,90.0,0.0
631.0,1.0,7.0,44.0,3.0,0.0,0.0,419.0,67.0,0.0
810.0,1.0,19.0,64.0,1.0,0.0,0.0,552.0,91.0,0.0
764.0,0.0,19.0,64.0,1.0,0.0,0.0,519.0,90.0,0.0
747.0,0.0,19.0,65.0,1.0,0.0,0.0,500.0,93.0,0.0
594.0,0.0,7.0,40.0,1.0,0.0,0.0,388.0,81.0,0.0
749.0,0.0,19.0,64.0,1.0,0.0,0.0,502.0,90.0,0.0
574.0,0.0,11.0,45.0,1.0,0.0,0.0,389.0,54.0,0.0
628.0,0.0,11.0,48.0,1.0,0.0,0.0,406.0,90.0,0.0
837.0,1.0,19.0,64.0,1.0,0.0,0.0,578.0,92.0,0.0
517.0,0.0,7.0,35.0,1.0,0.0,0.0,355.0,43.0,0.0
645.0,1.0,11.0,46.0,1.0,0.0,0.0,446.0,57.0,0.0
816.0,1.0,19.0,62.0,1.0,0.0,0.0,566.0,84.0,0.0
552.0,0.0,11.0,44.0,1.0,0.0,0.0,366.0,58.0,0.0
723.0,0.0,19.0,62.0,1.0,0.0,0.0,487.0,86.0,0.0
630.0,1.0,11.0,43.0,1.0,0.0,0.0,433.0,58.0,0.0
820.0,0.0,19.0,69.0,1.0,0.0,0.0,538.0,122.0,0.0
598.0,1.0,7.0,36.0,1.0,0.0,0.0,413.0,52.0,0.0
572.0,0.0,11.0,45.0,1.0,0.0,0.0,378.0,61.0,0.0
754.0,0.0,19.0,64.0,1.0,0.0,0.0,515.0,84.0,0.0
819.0,1.0,19.0,65.0,1.0,0.0,0.0,560.0,93.0,0.0
639.0,1.0,11.0,43.0,1.0,0.0,0.0,446.0,54.0,0.0
628.0,0.0,11.0,53.0,1.0,0.0,0.0,401.0,91.0,0.0
642.0,1.0,11.0,45.0,1.0,0.0,0.0,435.0,61.0,0.0
485.0,0.0,6.0,31.0,1.0,0.0,0.0,325.0,46.0,0.0
586.0,0.0,11.0,48.0,1.0,0.0,0.0,384.0,69.0,0.0
752.0,0.0,19.0,62.0,1.0,0.0,0.0,509.0,88.0,0.0
797.0,1.0,19.0,61.0,1.0,0.0,0.0,546.0,89.0,0.0
856.0,1.0,19.0,62.0,1.0,0.0,0.0,590.0,96.0,0.0
752.0,1.0,7.0,53.0,1.0,1.0,0.0,513.0,81.0,0.0
758.0,0.0,19.0,63.0,1.0,0.0,0.0,512.0,91.0,0.0
788.0,1.0,11.0,61.0,1.0,1.0,0.0,535.0,86.0,0.0
888.0,1.0,19.0,66.0,1.0,0.0,0.0,593.0,124.0,0.0
845.0,1.0,19.0,62.0,2.0,0.0,0.0,582.0,93.0,0.0
652.0,1.0,7.0,43.0,1.0,0.0,0.0,429.0,82.0,0.0
638.0,1.0,11.0,45.0,1.0,0.0,0.0,438.0,58.0,0.0
602.0,1.0,7.0,35.0,1.0,0.0,0.0,418.0,52.0,0.0
761.0,0.0,19.0,64.0,1.0,0.0,0.0,514.0,91.0,0.0
762.0,0.0,19.0,64.0,1.0,0.0,0.0,513.0,95.0,0.0
921.0,1.0,19.0,78.0,1.0,0.0,0.0,620.0,120.0,0.0
528.0,0.0,6.0,34.0,1.0,0.0,0.0,343.0,66.0,0.0
740.0,0.0,19.0,63.0,1.0,0.0,0.0,502.0,87.0,0.0
640.0,1.0,11.0,45.0,1.0,0.0,0.0,436.0,62.0,0.0
507.0,0.0,6.0,33.0,1.0,0.0,0.0,336.0,54.0,0.0
653.0,1.0,7.0,45.0,1.0,0.0,0.0,431.0,81.0,0.0
754.0,0.0,19.0,62.0,1.0,0.0,0.0,513.0,89.0,0.0
744.0,0.0,19.0,63.0,1.0,0.0,0.0,497.0,95.0,0.0
524.0,0.0,6.0,35.0,1.0,0.0,0.0,358.0,44.0,0.0
495.0,0.0,6.0,33.0,2.0,0.0,0.0,325.0,54.0,0.0
855.0,1.0,19.0,66.0,1.0,0.0,0.0,587.0,95.0,0.0
587.0,0.0,7.0,40.0,3.0,0.0,0.0,391.0,61.0,0.0
507.0,0.0,6.0,34.0,1.0,0.0,0.0,341.0,47.0,0.0
759.0,0.0,19.0,65.0,1.0,0.0,0.0,510.0,96.0,0.0
642.0,1.0,11.0,44.0,1.0,0.0,0.0,443.0,56.0,0.0
494.0,0.0,6.0,32.0,1.0,0.0,0.0,323.0,55.0,0.0
532.0,0.0,6.0,35.0,1.0,0.0,0.0,342.0,71.0,0.0
704.0,1.0,11.0,48.0,3.0,0.0,0.0,484.0,64.0,0.0
669.0,1.0,11.0,53.0,4.0,0.0,0.0,447.0,69.0,0.0
514.0,0.0,6.0,34.0,1.0,0.0,0.0,346.0,49.0,0.0
812.0,1.0,19.0,64.0,1.0,0.0,0.0,553.0,96.0,0.0
537.0,0.0,9.0,39.0,2.0,0.0,0.0,367.0,48.0,0.0
638.0,1.0,11.0,44.0,1.0,0.0,0.0,440.0,56.0,0.0
474.0,0.0,6.0,31.0,1.0,0.0,0.0,306.0,54.0,0.0
526.0,0.0,7.0,36.0,1.0,0.0,0.0,355.0,51.0,0.0
686.0,1.0,11.0,47.0,1.0,0.0,0.0,450.0,89.0,0.0
488.0,0.0,6.0,32.0,1.0,0.0,0.0,324.0,50.0,0.0
493.0,0.0,6.0,32.0,1.0,0.0,0.0,324.0,52.0,0.0
747.0,1.0,11.0,57.0,1.0,0.0,0.0,490.0,104.0,0.0
754.0,0.0,19.0,64.0,1.0,0.0,0.0,507.0,95.0,0.0
614.0,0.0,9.0,49.0,2.0,0.0,0.0,391.0,89.0,0.0
530.0,0.0,7.0,36.0,1.0,0.0,0.0,353.0,57.0,0.0
482.0,0.0,6.0,31.0,1.0,0.0,0.0,313.0,55.0,0.0
521.0,0.0,6.0,34.0,1.0,0.0,0.0,338.0,65.0,0.0
764.0,0.0,19.0,63.0,1.0,0.0,0.0,519.0,90.0,0.0
569.0,0.0,11.0,45.0,1.0,0.0,0.0,385.0,56.0,0.0
838.0,1.0,19.0,71.0,2.0,0.0,0.0,557.0,107.0,0.0
578.0,0.0,7.0,40.0,1.0,0.0,0.0,369.0,84.0,0.0
603.0,1.0,7.0,35.0,1.0,0.0,0.0,420.0,51.0,0.0
753.0,0.0,19.0,63.0,1.0,0.0,0.0,510.0,89.0,0.0
574.0,0.0,11.0,45.0,1.0,0.0,0.0,384.0,62.0,0.0
838.0,1.0,19.0,62.0,1.0,0.0,0.0,575.0,96.0,0.0
508.0,0.0,6.0,33.0,1.0,0.0,0.0,334.0,55.0,0.0
628.0,0.0,11.0,58.0,2.0,0.0,0.0,409.0,75.0,0.0
515.0,0.0,6.0,34.0,1.0,0.0,0.0,331.0,67.0,0.0
547.0,0.0,7.0,44.0,2.0,0.0,0.0,356.0,61.0,0.0
833.0,1.0,19.0,61.0,1.0,0.0,0.0,585.0,84.0,0.0
568.0,0.0,7.0,39.0,1.0,0.0,0.0,369.0,76.0,0.0
765.0,0.0,19.0,61.0,1.0,0.0,0.0,519.0,93.0,0.0
781.0,0.0,19.0,66.0,1.0,0.0,0.0,526.0,94.0,0.0
490.0,0.0,6.0,32.0,1.0,0.0,0.0,320.0,55.0,0.0
507.0,0.0,6.0,33.0,1.0,0.0,0.0,350.0,41.0,0.0
809.0,0.0,19.0,74.0,1.0,0.0,0.0,539.0,106.0,0.0
661.0,1.0,7.0,43.0,1.0,0.0,0.0,443.0,77.0,0.0
818.0,1.0,19.0,63.0,1.0,0.0,0.0,559.0,94.0,0.0
581.0,0.0,11.0,46.0,1.0,0.0,0.0,391.0,61.0,0.0
485.0,0.0,6.0,31.0,1.0,0.0,0.0,324.0,47.0,0.0
570.0,0.0,11.0,44.0,1.0,0.0,0.0,390.0,52.0,0.0
513.0,0.0,6.0,34.0,1.0,0.0,0.0,345.0,50.0,0.0
632.0,1.0,9.0,40.0,3.0,0.0,0.0,429.0,62.0,0.0
828.0,1.0,19.0,66.0,1.0,0.0,0.0,557.0,100.0,0.0
611.0,1.0,9.0,39.0,2.0,0.0,0.0,416.0,58.0,0.0
481.0,0.0,6.0,31.0,1.0,0.0,0.0,317.0,51.0,0.0
612.0,0.0,11.0,56.0,4.0,0.0,0.0,399.0,67.0,0.0
766.0,0.0,19.0,62.0,1.0,0.0,0.0,516.0,95.0,0.0
1371.0,1.0,19.0,172.0,1.0,0.0,0.0,613.0,483.0,0.0
521.0,0.0,6.0,34.0,1.0,0.0,0.0,354.0,48.0,0.0
755.0,0.0,19.0,65.0,1.0,0.0,0.0,508.0,91.0,0.0
520.0,0.0,6.0,34.0,1.0,0.0,0.0,334.0,68.0,0.0
812.0,1.0,19.0,61.0,1.0,0.0,0.0,553.0,92.0,0.0
640.0,1.0,11.0,44.0,1.0,0.0,0.0,439.0,61.0,0.0
741.0,0.0,19.0,64.0,1.0,0.0,0.0,502.0,86.0,0.0
662.0,1.0,9.0,43.0,2.0,0.0,0.0,439.0,83.0,0.0
640.0,1.0,11.0,44.0,1.0,0.0,0.0,437.0,63.0,0.0
747.0,0.0,19.0,62.0,1.0,0.0,0.0,511.0,85.0,0.0
843.0,1.0,19.0,62.0,1.0,0.0,0.0,583.0,95.0,0.0
580.0,0.0,9.0,49.0,2.0,0.0,0.0,378.0,70.0,0.0
814.0,1.0,19.0,62.0,1.0,0.0,0.0,559.0,91.0,0.0
559.0,0.0,9.0,44.0,2.0,0.0,0.0,364.0,66.0,0.0
551.0,0.0,7.0,38.0,1.0,0.0,0.0,348.0,81.0,0.0
505.0,0.0,6.0,32.0,1.0,0.0,0.0,320.0,70.0,0.0
522.0,0.0,6.0,35.0,1.0,0.0,0.0,354.0,46.0,0.0
618.0,1.0,9.0,43.0,2.0,0.0,0.0,422.0,57.0,0.0
775.0,0.0,19.0,64.0,1.0,0.0,0.0,527.0,95.0,0.0
540.0,0.0,9.0,40.0,2.0,0.0,0.0,360.0,57.0,0.0
756.0,0.0,19.0,62.0,1.0,0.0,0.0,513.0,92.0,0.0
647.0,1.0,11.0,47.0,1.0,0.0,0.0,432.0,69.0,0.0
513.0,0.0,6.0,34.0,1.0,0.0,0.0,342.0,53.0,0.0
683.0,1.0,11.0,52.0,3.0,0.0,0.0,470.0,60.0,0.0
792.0,0.0,19.0,71.0,2.0,0.0,0.0,519.0,107.0,0.0
730.0,0.0,19.0,63.0,1.0,0.0,0.0,488.0,91.0,0.0
603.0,0.0,11.0,55.0,4.0,0.0,0.0,396.0,65.0,0.0
737.0,0.0,19.0,63.0,1.0,0.0,0.0,497.0,88.0,0.0
569.0,0.0,11.0,44.0,1.0,0.0,0.0,388.0,54.0,0.0
783.0,0.0,19.0,66.0,1.0,0.0,0.0,527.0,98.0,0.0
613.0,0.0,7.0,49.0,1.0,0.0,0.0,383.0,98.0,0.0
588.0,0.0,11.0,45.0,2.0,0.0,0.0,398.0,56.0,0.0
637.0,1.0,11.0,44.0,1.0,0.0,0.0,429.0,65.0,0.0
792.0,0.0,19.0,80.0,2.0,0.0,0.0,499.0,123.0,0.0
569.0,0.0,11.0,44.0,1.0,0.0,0.0,382.0,57.0,0.0
739.0,0.0,19.0,60.0,1.0,0.0,0.0,503.0,88.0,0.0
748.0,0.0,19.0,62.0,1.0,0.0,0.0,512.0,85.0,0.0
828.0,1.0,19.0,63.0,1.0,0.0,0.0,576.0,88.0,0.0
634.0,1.0,7.0,45.0,1.0,0.0,0.0,422.0,71.0,0.0
824.0,1.0,19.0,62.0,1.0,0.0,0.0,561.0,96.0,0.0
504.0,0.0,6.0,32.0,1.0,0.0,0.0,323.0,66.0,0.0
647.0,1.0,7.0,40.0,1.0,0.0,0.0,423.0,86.0,0.0
913.0,0.0,19.0,79.0,1.0,1.0,0.0,626.0,111.0,0.0
758.0,0.0,19.0,64.0,1.0,0.0,0.0,510.0,91.0,0.0
550.0,0.0,9.0,44.0,2.0,0.0,0.0,351.0,70.0,0.0
834.0,1.0,19.0,64.0,1.0,0.0,0.0,570.0,98.0,0.0
818.0,1.0,19.0,66.0,1.0,0.0,0.0,548.0,103.0,0.0
692.0,1.0,11.0,51.0,1.0,0.0,0.0,468.0,75.0,0.0
482.0,0.0,6.0,32.0,1.0,0.0,0.0,316.0,51.0,0.0
656.0,1.0,7.0,40.0,3.0,0.0,0.0,447.0,61.0,0.0
906.0,1.0,19.0,68.0,3.0,0.0,0.0,615.0,107.0,0.0
632.0,0.0,11.0,43.0,1.0,0.0,0.0,434.0,60.0,0.0
740.0,0.0,19.0,63.0,1.0,0.0,0.0,494.0,94.0,0.0
593.0,0.0,11.0,47.0,2.0,0.0,0.0,393.0,64.0,0.0
632.0,1.0,11.0,45.0,1.0,0.0,0.0,432.0,59.0,0.0
510.0,0.0,6.0,35.0,1.0,0.0,0.0,338.0,54.0,0.0
836.0,1.0,19.0,65.0,1.0,0.0,0.0,570.0,97.0,0.0
502.0,0.0,6.0,34.0,1.0,0.0,0.0,336.0,49.0,0.0
634.0,0.0,11.0,43.0,1.0,0.0,0.0,441.0,55.0,0.0
506.0,0.0,6.0,33.0,1.0,0.0,0.0,340.0,48.0,0.0
514.0,0.0,7.0,35.0,1.0,0.0,0.0,346.0,49.0,0.0
816.0,0.0,19.0,69.0,1.0,0.0,0.0,529.0,127.0,0.0
779.0,0.0,19.0,69.0,1.0,0.0,0.0,517.0,100.0,0.0
750.0,0.0,19.0,64.0,1.0,0.0,0.0,503.0,92.0,0.0
818.0,1.0,19.0,63.0,1.0,0.0,0.0,556.0,97.0,0.0
555.0,0.0,9.0,44.0,2.0,0.0,0.0,361.0,65.0,0.0
527.0,0.0,6.0,36.0,1.0,0.0,0.0,356.0,49.0,0.0
769.0,0.0,19.0,65.0,1.0,0.0,0.0,520.0,95.0,0.0
590.0,0.0,9.0,44.0,1.0,0.0,0.0,379.0,83.0,0.0
609.0,1.0,9.0,40.0,2.0,0.0,0.0,416.0,57.0,0.0
491.0,0.0,6.0,32.0,1.0,0.0,0.0,327.0,49.0,0.0
751.0,0.0,19.0,67.0,1.0,0.0,0.0,497.0,97.0,0.0
771.0,0.0,19.0,64.0,1.0,0.0,0.0,514.0,101.0,0.0
577.0,0.0,7.0,43.0,1.0,0.0,0.0,388.0,61.0,0.0
656.0,1.0,7.0,53.0,2.0,0.0,0.0,415.0,89.0,0.0
915.0,0.0,19.0,81.0,1.0,1.0,0.0,633.0,100.0,0.0
832.0,1.0,19.0,63.0,1.0,0.0,0.0,567.0,98.0,0.0
636.0,0.0,11.0,43.0,1.0,0.0,0.0,440.0,58.0,0.0
662.0,1.0,7.0,56.0,2.0,0.0,0.0,419.0,88.0,0.0
767.0,0.0,19.0,64.0,1.0,0.0,0.0,520.0,94.0,0.0
831.0,1.0,19.0,68.0,1.0,0.0,0.0,560.0,99.0,0.0
785.0,0.0,19.0,69.0,1.0,0.0,0.0,515.0,108.0,0.0
765.0,0.0,19.0,62.0,1.0,0.0,0.0,528.0,84.0,0.0
503.0,0.0,6.0,33.0,1.0,0.0,0.0,333.0,51.0,0.0
529.0,0.0,7.0,36.0,1.0,0.0,0.0,356.0,53.0,0.0
688.0,1.0,9.0,47.0,2.0,0.0,0.0,439.0,103.0,0.0
758.0,0.0,19.0,64.0,1.0,0.0,0.0,512.0,93.0,0.0
768.0,0.0,19.0,62.0,1.0,0.0,0.0,525.0,90.0,0.0
817.0,1.0,19.0,62.0,1.0,0.0,0.0,559.0,92.0,0.0
575.0,0.0,7.0,48.0,4.0,0.0,0.0,371.0,65.0,0.0
494.0,0.0,6.0,32.0,1.0,0.0,0.0,324.0,53.0,0.0
603.0,1.0,7.0,35.0,1.0,0.0,0.0,425.0,46.0,0.0
494.0,0.0,6.0,31.0,1.0,0.0,0.0,321.0,56.0,0.0
504.0,0.0,6.0,33.0,1.0,0.0,0.0,339.0,48.0,0.0
476.0,0.0,6.0,30.0,1.0,0.0,0.0,320.0,43.0,0.0
850.0,1.0,19.0,65.0,1.0,0.0,0.0,576.0,103.0,0.0
609.0,0.0,9.0,49.0,2.0,0.0,0.0,388.0,89.0,0.0
576.0,0.0,11.0,47.0,1.0,0.0,0.0,389.0,57.0,0.0
677.0,1.0,9.0,52.0,5.0,0.0,0.0,449.0,70.0,0.0
1301.0,0.0,19.0,172.0,1.0,0.0,0.0,557.0,482.0,0.0
501.0,0.0,6.0,33.0,1.0,0.0,0.0,332.0,52.0,0.0
556.0,0.0,7.0,44.0,3.0,0.0,0.0,359.0,65.0,0.0
635.0,1.0,11.0,44.0,1.0,0.0,0.0,446.0,49.0,0.0
846.0,1.0,19.0,63.0,1.0,0.0,0.0,577.0,98.0,0.0
832.0,1.0,19.0,62.0,1.0,0.0,0.0,572.0,95.0,0.0
512.0,0.0,6.0,33.0,1.0,0.0,0.0,343.0,52.0,0.0
594.0,0.0,11.0,49.0,1.0,0.0,0.0,386.0,71.0,0.0
850.0,1.0,19.0,64.0,1.0,0.0,0.0,582.0,97.0,0.0
481.0,0.0,6.0,31.0,1.0,0.0,0.0,320.0,47.0,0.0
817.0,0.0,19.0,70.0,2.0,0.0,0.0,542.0,108.0,0.0
485.0,0.0,6.0,32.0,1.0,0.0,0.0,317.0,52.0,0.0
502.0,0.0,6.0,33.0,1.0,0.0,0.0,341.0,45.0,0.0
492.0,0.0,6.0,31.0,1.0,0.0,0.0,310.0,69.0,0.0
765.0,0.0,19.0,60.0,1.0,0.0,0.0,523.0,91.0,0.0
512.0,0.0,6.0,34.0,1.0,0.0,0.0,341.0,53.0,0.0
771.0,0.0,19.0,64.0,2.0,0.0,0.0,530.0,83.0,0.0
501.0,0.0,6.0,31.0,1.0,0.0,0.0,322.0,64.0,0.0
634.0,1.0,7.0,38.0,1.0,0.0,0.0,419.0,79.0,0.0
644.0,1.0,11.0,45.0,1.0,0.0,0.0,436.0,64.0,0.0
768.0,1.0,9.0,57.0,2.0,1.0,0.0,521.0,85.0,0.0
819.0,1.0,19.0,64.0,1.0,0.0,0.0,555.0,94.0,0.0
510.0,0.0,6.0,35.0,1.0,0.0,0.0,344.0,48.0,0.0
837.0,1.0,19.0,65.0,1.0,0.0,0.0,572.0,96.0,0.0
734.0,0.0,19.0,62.0,1.0,0.0,0.0,496.0,88.0,0.0
624.0,1.0,9.0,40.0,2.0,0.0,0.0,426.0,57.0,0.0
754.0,0.0,19.0,61.0,1.0,0.0,0.0,518.0,83.0,0.0
585.0,0.0,7.0,45.0,1.0,0.0,0.0,387.0,69.0,0.0
829.0,1.0,19.0,63.0,1.0,0.0,0.0,568.0,91.0,0.0
816.0,1.0,19.0,62.0,1.0,0.0,0.0,559.0,92.0,0.0
642.0,1.0,11.0,45.0,1.0,0.0,0.0,441.0,60.0,0.0
505.0,0.0,6.0,33.0,1.0,0.0,0.0,336.0,51.0,0.0
822.0,1.0,19.0,64.0,1.0,0.0,0.0,564.0,90.0,0.0
491.0,0.0,6.0,32.0,1.0,0.0,0.0,322.0,52.0,0.0
823.0,1.0,19.0,65.0,1.0,0.0,0.0,561.0,96.0,0.0
899.0,1.0,19.0,68.0,1.0,0.0,0.0,603.0,124.0,0.0
808.0,0.0,19.0,76.0,2.0,0.0,0.0,526.0,112.0,0.0
532.0,0.0,6.0,34.0,1.0,0.0,0.0,348.0,65.0,0.0
738.0,0.0,19.0,63.0,1.0,0.0,0.0,500.0,85.0,0.0
811.0,1.0,19.0,63.0,1.0,0.0,0.0,547.0,99.0,0.0
648.0,1.0,11.0,49.0,1.0,0.0,0.0,430.0,69.0,0.0
513.0,0.0,6.0,33.0,1.0,0.0,0.0,330.0,67.0,0.0
819.0,1.0,19.0,63.0,1.0,0.0,0.0,560.0,94.0,0.0
825.0,1.0,19.0,64.0,1.0,0.0,0.0,563.0,94.0,0.0
625.0,1.0,7.0,44.0,3.0,0.0,0.0,412.0,68.0,0.0
836.0,1.0,19.0,64.0,1.0,0.0,0.0,578.0,89.0,0.0
709.0,1.0,11.0,54.0,1.0,0.0,0.0,468.0,88.0,0.0
656.0,0.0,11.0,56.0,1.0,0.0,0.0,436.0,78.0,0.0
509.0,0.0,6.0,34.0,1.0,0.0,0.0,339.0,50.0,0.0
711.0,1.0,11.0,51.0,1.0,0.0,0.0,476.0,86.0,0.0
742.0,0.0,19.0,62.0,1.0,0.0,0.0,502.0,91.0,0.0
573.0,0.0,11.0,44.0,1.0,0.0,0.0,389.0,56.0,0.0
637.0,1.0,11.0,43.0,1.0,0.0,0.0,435.0,63.0,0.0
757.0,0.0,19.0,63.0,1.0,0.0,0.0,507.0,97.0,0.0
579.0,0.0,11.0,47.0,1.0,0.0,0.0,382.0,64.0,0.0
499.0,0.0,6.0,33.0,1.0,0.0,0.0,333.0,49.0,0.0
752.0,0.0,19.0,64.0,1.0,0.0,0.0,515.0,82.0,0.0
830.0,1.0,19.0,64.0,1.0,0.0,0.0,570.0,92.0,0.0
821.0,1.0,19.0,61.0,1.0,0.0,0.0,563.0,94.0,0.0
793.0,0.0,19.0,75.0,4.0,0.0,0.0,511.0,113.0,0.0
760.0,0.0,19.0,63.0,1.0,0.0,0.0,517.0,88.0,0.0
494.0,0.0,6.0,32.0,1.0,0.0,0.0,332.0,47.0,0.0
645.0,1.0,7.0,50.0,2.0,0.0,0.0,414.0,82.0,0.0
568.0,0.0,11.0,45.0,1.0,0.0,0.0,385.0,55.0,0.0
600.0,0.0,11.0,53.0,4.0,0.0,0.0,392.0,68.0,0.0
640.0,1.0,11.0,44.0,1.0,0.0,0.0,444.0,53.0,0.0
814.0,1.0,19.0,61.0,1.0,0.0,0.0,562.0,90.0,0.0
751.0,0.0,19.0,64.0,1.0,0.0,0.0,508.0,89.0,0.0
575.0,0.0,11.0,46.0,1.0,0.0,0.0,392.0,54.0,0.0
572.0,0.0,11.0,45.0,1.0,0.0,0.0,376.0,65.0,0.0
547.0,0.0,9.0,40.0,2.0,0.0,0.0,362.0,60.0,0.0
852.0,1.0,19.0,64.0,1.0,0.0,0.0,589.0,92.0,0.0
638.0,1.0,11.0,43.0,1.0,0.0,0.0,450.0,49.0,0.0
885.0,1.0,19.0,73.0,2.0,0.0,0.0,592.0,112.0,0.0
495.0,0.0,6.0,33.0,1.0,0.0,0.0,327.0,52.0,0.0
584.0,0.0,11.0,48.0,1.0,0.0,0.0,382.0,69.0,0.0
638.0,1.0,7.0,45.0,1.0,0.0,0.0,431.0,65.0,0.0
743.0,0.0,19.0,63.0,1.0,0.0,0.0,503.0,89.0,0.0
640.0,0.0,11.0,51.0,1.0,0.0,0.0,408.0,97.0,0.0
513.0,0.0,7.0,35.0,1.0,0.0,0.0,341.0,53.0,0.0
634.0,1.0,11.0,46.0,1.0,0.0,0.0,435.0,57.0,0.0
524.0,0.0,6.0,35.0,1.0,0.0,0.0,358.0,47.0,0.0
821.0,1.0,19.0,62.0,1.0,0.0,0.0,561.0,93.0,0.0
734.0,0.0,19.0,62.0,1.0,0.0,0.0,495.0,89.0,0.0
753.0,0.0,19.0,63.0,1.0,0.0,0.0,524.0,75.0,0.0
642.0,1.0,11.0,45.0,1.0,0.0,0.0,436.0,60.0,0.0
524.0,0.0,6.0,35.0,1.0,0.0,0.0,353.0,49.0,0.0
517.0,0.0,6.0,33.0,1.0,0.0,0.0,328.0,72.0,0.0
828.0,1.0,19.0,64.0,1.0,0.0,0.0,570.0,90.0,0.0
733.0,0.0,19.0,63.0,1.0,0.0,0.0,488.0,94.0,0.0
534.0,0.0,7.0,40.0,1.0,0.0,0.0,356.0,53.0,0.0
514.0,0.0,7.0,35.0,1.0,0.0,0.0,341.0,55.0,0.0
524.0,0.0,6.0,35.0,1.0,0.0,0.0,352.0,50.0,0.0
632.0,1.0,7.0,47.0,2.0,0.0,0.0,415.0,71.0,0.0
644.0,1.0,11.0,43.0,1.0,0.0,0.0,450.0,55.0,0.0
634.0,1.0,11.0,44.0,1.0,0.0,0.0,447.0,47.0,0.0
480.0,0.0,6.0,31.0,1.0,0.0,0.0,313.0,53.0,0.0
581.0,0.0,7.0,38.0,1.0,0.0,0.0,381.0,77.0,0.0
483.0,0.0,6.0,31.0,1.0,0.0,0.0,321.0,48.0,0.0
779.0,0.0,19.0,70.0,2.0,0.0,0.0,523.0,93.0,0.0
784.0,0.0,19.0,64.0,1.0,0.0,0.0,537.0,89.0,0.0
497.0,0.0,6.0,33.0,1.0,0.0,0.0,335.0,46.0,0.0
832.0,1.0,19.0,62.0,1.0,0.0,0.0,574.0,91.0,0.0
804.0,1.0,19.0,64.0,1.0,0.0,0.0,547.0,94.0,0.0
600.0,0.0,7.0,35.0,1.0,0.0,0.0,415.0,54.0,0.0
570.0,0.0,11.0,44.0,1.0,0.0,0.0,384.0,59.0,0.0
624.0,0.0,11.0,56.0,4.0,0.0,0.0,400.0,76.0,0.0
641.0,1.0,11.0,46.0,1.0,0.0,0.0,437.0,62.0,0.0
727.0,0.0,19.0,63.0,1.0,0.0,0.0,490.0,88.0,0.0
534.0,0.0,7.0,35.0,1.0,0.0,0.0,365.0,50.0,0.0
598.0,0.0,9.0,44.0,2.0,0.0,0.0,380.0,90.0,0.0
499.0,0.0,6.0,33.0,1.0,0.0,0.0,327.0,55.0,0.0
561.0,0.0,7.0,45.0,1.0,0.0,0.0,367.0,66.0,0.0
758.0,0.0,19.0,65.0,1.0,0.0,0.0,511.0,94.0,0.0
633.0,1.0,11.0,44.0,1.0,0.0,0.0,430.0,63.0,0.0
818.0,1.0,19.0,63.0,1.0,0.0,0.0,558.0,94.0,0.0
668.0,0.0,11.0,57.0,1.0,0.0,0.0,432.0,96.0,0.0
766.0,0.0,19.0,64.0,1.0,0.0,0.0,525.0,87.0,0.0
515.0,0.0,6.0,34.0,1.0,0.0,0.0,333.0,65.0,0.0
644.0,1.0,11.0,46.0,1.0,0.0,0.0,436.0,63.0,0.0
498.0,0.0,6.0,33.0,1.0,0.0,0.0,323.0,59.0,0.0
832.0,1.0,19.0,64.0,1.0,0.0,0.0,566.0,96.0,0.0
643.0,1.0,9.0,51.0,5.0,0.0,0.0,419.0,73.0,0.0
761.0,0.0,19.0,65.0,1.0,0.0,0.0,518.0,87.0,0.0
597.0,0.0,7.0,47.0,1.0,0.0,0.0,387.0,80.0,0.0
832.0,1.0,19.0,63.0,1.0,0.0,0.0,574.0,87.0,0.0
768.0,0.0,19.0,64.0,1.0,0.0,0.0,520.0,92.0,0.0
504.0,0.0,6.0,33.0,1.0,0.0,0.0,335.0,51.0,0.0
765.0,0.0,19.0,65.0,1.0,0.0,0.0,522.0,88.0,0.0
648.0,1.0,11.0,47.0,1.0,0.0,0.0,441.0,61.0,0.0
598.0,0.0,7.0,47.0,1.0,0.0,0.0,387.0,81.0,0.0
611.0,1.0,9.0,39.0,2.0,0.0,0.0,425.0,49.0,0.0
495.0,0.0,6.0,32.0,1.0,0.0,0.0,326.0,51.0,0.0
651.0,1.0,11.0,48.0,1.0,0.0,0.0,440.0,63.0,0.0
646.0,1.0,7.0,43.0,1.0,0.0,0.0,445.0,60.0,0.0
734.0,0.0,19.0,62.0,1.0,0.0,0.0,498.0,86.0,0.0
571.0,0.0,11.0,44.0,1.0,0.0,0.0,394.0,49.0,0.0
748.0,0.0,19.0,62.0,1.0,0.0,0.0,509.0,87.0,0.0
498.0,0.0,6.0,33.0,1.0,0.0,0.0,332.0,50.0,0.0
642.0,1.0,11.0,46.0,1.0,0.0,0.0,435.0,62.0,0.0
885.0,1.0,19.0,67.0,1.0,0.0,0.0,584.0,128.0,0.0
753.0,0.0,19.0,61.0,1.0,0.0,0.0,513.0,90.0,0.0
565.0,0.0,11.0,43.0,1.0,0.0,0.0,391.0,48.0,0.0
813.0,1.0,19.0,61.0,1.0,0.0,0.0,555.0,94.0,0.0
812.0,1.0,19.0,63.0,1.0,0.0,0.0,554.0,93.0,0.0
834.0,1.0,19.0,63.0,1.0,0.0,0.0,571.0,96.0,0.0
507.0,0.0,6.0,33.0,1.0,0.0,0.0,345.0,46.0,0.0
699.0,1.0,11.0,56.0,4.0,0.0,0.0,469.0,70.0,0.0
491.0,0.0,6.0,32.0,1.0,0.0,0.0,325.0,49.0,0.0
544.0,0.0,9.0,40.0,2.0,0.0,0.0,359.0,60.0,0.0
748.0,0.0,19.0,62.0,1.0,0.0,0.0,507.0,88.0,0.0
529.0,0.0,6.0,34.0,1.0,0.0,0.0,345.0,65.0,0.0
830.0,1.0,19.0,63.0,1.0,0.0,0.0,570.0,95.0,0.0
820.0,1.0,19.0,62.0,1.0,0.0,0.0,562.0,91.0,0.0
657.0,1.0,7.0,43.0,1.0,0.0,0.0,422.0,95.0,0.0
508.0,0.0,6.0,33.0,1.0,0.0,0.0,342.0,50.0,0.0
831.0,1.0,19.0,63.0,1.0,0.0,0.0,582.0,84.0,0.0
830.0,1.0,19.0,65.0,1.0,0.0,0.0,564.0,97.0,0.0
812.0,1.0,19.0,65.0,1.0,0.0,0.0,548.0,97.0,0.0
766.0,0.0,19.0,61.0,1.0,0.0,0.0,525.0,86.0,0.0
806.0,1.0,19.0,60.0,1.0,0.0,0.0,545.0,96.0,0.0
839.0,1.0,19.0,67.0,1.0,0.0,0.0,582.0,83.0,0.0
881.0,1.0,19.0,72.0,1.0,0.0,0.0,567.0,137.0,0.0
505.0,0.0,6.0,33.0,1.0,0.0,0.0,337.0,50.0,0.0
820.0,0.0,19.0,76.0,1.0,0.0,0.0,543.0,112.0,0.0
532.0,0.0,9.0,40.0,1.0,0.0,0.0,355.0,54.0,0.0
741.0,0.0,19.0,62.0,1.0,0.0,0.0,504.0,87.0,0.0
484.0,0.0,6.0,31.0,1.0,0.0,0.0,313.0,57.0,0.0
673.0,1.0,9.0,44.0,2.0,0.0,0.0,443.0,87.0,0.0
851.0,1.0,19.0,63.0,1.0,0.0,0.0,588.0,94.0,0.0
549.0,0.0,7.0,47.0,4.0,0.0,0.0,348.0,67.0,0.0
748.0,0.0,19.0,64.0,1.0,0.0,0.0,504.0,90.0,0.0
495.0,0.0,6.0,33.0,1.0,0.0,0.0,326.0,53.0,0.0
504.0,0.0,6.0,32.0,1.0,0.0,0.0,318.0,71.0,0.0
765.0,0.0,19.0,61.0,1.0,0.0,0.0,526.0,87.0,0.0
569.0,0.0,7.0,45.0,1.0,0.0,0.0,381.0,59.0,0.0
759.0,0.0,19.0,67.0,1.0,0.0,0.0,519.0,84.0,0.0
627.0,1.0,11.0,44.0,1.0,0.0,0.0,424.0,62.0,0.0
638.0,1.0,11.0,46.0,1.0,0.0,0.0,438.0,58.0,0.0
854.0,1.0,19.0,65.0,1.0,0.0,0.0,587.0,96.0,0.0
823.0,0.0,19.0,65.0,1.0,0.0,0.0,563.0,94.0,0.0
829.0,1.0,19.0,63.0,1.0,0.0,0.0,563.0,100.0,0.0
608.0,1.0,7.0,40.0,1.0,0.0,0.0,403.0,66.0,0.0
870.0,1.0,19.0,67.0,1.0,0.0,0.0,581.0,119.0,0.0
759.0,0.0,19.0,62.0,1.0,0.0,0.0,521.0,88.0,0.0
847.0,1.0,19.0,67.0,1.0,0.0,0.0,576.0,100.0,0.0
767.0,0.0,19.0,63.0,1.0,0.0,0.0,528.0,84.0,0.0
828.0,1.0,19.0,62.0,1.0,0.0,0.0,571.0,89.0,0.0
641.0,1.0,11.0,45.0,1.0,0.0,0.0,439.0,61.0,0.0
579.0,0.0,11.0,44.0,2.0,0.0,0.0,393.0,56.0,0.0
530.0,0.0,6.0,34.0,1.0,0.0,0.0,341.0,70.0,0.0
766.0,0.0,19.0,64.0,1.0,0.0,0.0,519.0,92.0,0.0
775.0,0.0,19.0,62.0,1.0,0.0,0.0,525.0,93.0,0.0
608.0,0.0,11.0,55.0,4.0,0.0,0.0,403.0,63.0,0.0
602.0,1.0,9.0,40.0,2.0,0.0,0.0,408.0,58.0,0.0
798.0,1.0,19.0,61.0,1.0,0.0,0.0,544.0,93.0,0.0
884.0,1.0,19.0,68.0,3.0,0.0,0.0,599.0,105.0,0.0
502.0,0.0,6.0,32.0,1.0,0.0,0.0,337.0,50.0,0.0
492.0,0.0,6.0,32.0,1.0,0.0,0.0,327.0,49.0,0.0
643.0,1.0,11.0,46.0,1.0,0.0,0.0,447.0,54.0,0.0
513.0,0.0,6.0,34.0,1.0,0.0,0.0,340.0,54.0,0.0
830.0,1.0,19.0,61.0,1.0,0.0,0.0,573.0,91.0,0.0
750.0,0.0,19.0,65.0,1.0,0.0,0.0,506.0,91.0,0.0
822.0,1.0,19.0,64.0,1.0,0.0,0.0,568.0,87.0,0.0
748.0,0.0,19.0,66.0,1.0,0.0,0.0,514.0,81.0,0.0
624.0,1.0,7.0,47.0,4.0,0.0,0.0,405.0,72.0,0.0
801.0,0.0,19.0,68.0,1.0,0.0,0.0,522.0,123.0,0.0
769.0,0.0,19.0,65.0,1.0,0.0,0.0,515.0,97.0,0.0
820.0,1.0,19.0,65.0,1.0,0.0,0.0,560.0,91.0,0.0
848.0,1.0,19.0,64.0,1.0,0.0,0.0,591.0,89.0,0.0
646.0,0.0,11.0,64.0,2.0,0.0,0.0,405.0,91.0,0.0
821.0,1.0,19.0,62.0,1.0,0.0,0.0,566.0,91.0,0.0
684.0,1.0,11.0,52.0,3.0,0.0,0.0,465.0,66.0,0.0
572.0,0.0,11.0,47.0,1.0,0.0,0.0,382.0,60.0,0.0
641.0,1.0,7.0,45.0,4.0,0.0,0.0,436.0,59.0,0.0
814.0,1.0,19.0,63.0,1.0,0.0,0.0,557.0,92.0,0.0
1348.0,1.0,19.0,170.0,1.0,0.0,0.0,595.0,480.0,0.0
651.0,1.0,11.0,48.0,1.0,0.0,0.0,431.0,72.0,0.0
634.0,1.0,11.0,43.0,1.0,0.0,0.0,444.0,51.0,0.0
775.0,0.0,19.0,65.0,1.0,0.0,0.0,524.0,90.0,0.0
652.0,1.0,9.0,51.0,5.0,0.0,0.0,424.0,77.0,0.0
851.0,1.0,19.0,65.0,1.0,0.0,0.0,593.0,86.0,0.0
907.0,1.0,19.0,68.0,1.0,0.0,0.0,607.0,125.0,0.0
753.0,0.0,19.0,62.0,1.0,0.0,0.0,519.0,81.0,0.0
735.0,0.0,19.0,62.0,1.0,0.0,0.0,498.0,85.0,0.0
500.0,0.0,6.0,33.0,1.0,0.0,0.0,334.0,46.0,0.0
638.0,1.0,11.0,45.0,1.0,0.0,0.0,440.0,57.0,0.0
641.0,1.0,11.0,46.0,1.0,0.0,0.0,445.0,54.0,0.0
791.0,0.0,19.0,66.0,1.0,0.0,0.0,529.0,106.0,0.0
639.0,0.0,11.0,61.0,2.0,0.0,0.0,401.0,88.0,0.0
590.0,1.0,7.0,36.0,1.0,0.0,0.0,401.0,56.0,0.0
675.0,0.0,11.0,57.0,1.0,0.0,0.0,434.0,100.0,0.0
575.0,0.0,11.0,46.0,1.0,0.0,0.0,378.0,65.0,0.0
491.0,0.0,6.0,31.0,1.0,0.0,0.0,325.0,50.0,0.0
512.0,0.0,6.0,33.0,1.0,0.0,0.0,342.0,51.0,0.0
632.0,1.0,9.0,40.0,3.0,0.0,0.0,434.0,57.0,0.0
