cve_id,desc_len,word_count,is_injection,is_overflow,is_auth_bypass,is_xss,is_rce,is_dos,is_unauthenticated,is_root_admin,exploitability_score,av_network,av_adjacent,av_local,av_physical,ground_truth_severity
CVE-2017-18006,120,17,0,0,0,1,0,0,0,0,2.8,1,0,0,0,MEDIUM
CVE-2018-3810,470,66,0,0,1,0,0,0,1,0,3.9,1,0,0,0,CRITICAL
CVE-2018-3811,373,55,1,0,0,0,0,0,1,0,3.9,1,0,0,0,CRITICAL
CVE-2017-18008,84,13,0,0,0,0,0,0,0,0,2.8,1,0,0,0,MEDIUM
CVE-2017-18009,140,14,0,0,0,0,0,0,0,0,3.9,1,0,0,0,HIGH
CVE-2017-18010,164,20,0,0,0,1,0,0,0,0,2.8,1,0,0,0,MEDIUM
CVE-2017-18011,141,19,0,0,0,1,0,0,0,0,2.8,1,0,0,0,MEDIUM
CVE-2017-18012,98,14,0,0,0,1,0,0,0,0,2.8,1,0,0,0,MEDIUM
CVE-2017-18013,138,19,0,0,0,0,0,1,0,0,2.8,1,0,0,0,MEDIUM
CVE-2018-3813,195,25,0,0,0,0,0,0,0,0,3.9,1,0,0,0,CRITICAL
CVE-2018-3814,249,42,0,0,0,0,0,0,0,0,2.8,1,0,0,0,HIGH
CVE-2017-18015,101,17,0,0,0,1,0,0,0,0,2.8,1,0,0,0,MEDIUM
CVE-2017-9964,260,36,0,0,1,0,0,0,1,0,1.6,1,0,0,0,MEDIUM
CVE-2017-9965,219,30,0,0,0,0,0,0,1,0,3.9,1,0,0,0,MEDIUM
CVE-2017-9966,265,37,0,0,1,0,0,0,1,1,1.2,1,0,0,0,HIGH
CVE-2017-1000442,103,19,0,0,0,1,0,0,0,0,2.3,1,0,0,0,MEDIUM
CVE-2017-1000443,157,23,0,0,0,1,1,0,0,0,2.8,1,0,0,0,MEDIUM
CVE-2017-1000444,175,25,1,0,0,0,1,0,0,0,3.9,1,0,0,0,CRITICAL
CVE-2017-1000445,144,22,0,0,0,0,0,1,0,0,2.8,1,0,0,0,MEDIUM
CVE-2017-17097,400,60,0,0,0,0,0,0,1,0,3.9,1,0,0,0,CRITICAL
CVE-2017-17098,292,43,0,0,0,0,0,0,0,0,3.9,1,0,0,0,CRITICAL
CVE-2017-1000412,177,27,0,0,0,0,0,0,0,0,3.9,1,0,0,0,HIGH
CVE-2017-1000413,192,31,0,0,0,0,0,0,0,0,2.2,1,0,0,0,MEDIUM
CVE-2017-1000448,195,30,0,0,0,0,0,0,0,0,3.9,1,0,0,0,HIGH
CVE-2017-1000450,270,40,0,1,0,0,1,1,0,0,2.8,1,0,0,0,HIGH
CVE-2017-1000451,295,47,1,0,0,0,0,0,0,0,1.8,0,0,1,0,HIGH
CVE-2017-1000452,169,23,0,0,0,0,0,0,0,0,1.6,1,0,0,0,HIGH
CVE-2017-1000453,154,23,1,0,0,0,1,0,1,0,3.9,1,0,0,0,CRITICAL
CVE-2017-1000454,180,29,1,0,0,0,0,0,0,0,1.8,0,0,1,0,HIGH
CVE-2017-1000455,218,28,0,0,0,0,0,0,0,0,1.8,0,0,1,0,MEDIUM
CVE-2017-1557,210,34,0,0,0,0,0,0,0,0,2.8,1,0,0,0,MEDIUM
CVE-2017-1000418,258,33,0,1,0,0,0,1,0,0,1.8,0,0,1,0,HIGH
CVE-2017-1000456,132,15,0,1,0,0,0,0,0,0,2.8,1,0,0,0,HIGH
CVE-2017-1000457,329,41,0,0,0,1,0,0,0,0,1.7,1,0,0,0,MEDIUM
CVE-2017-1000458,185,30,0,0,0,0,0,1,0,0,3.9,1,0,0,0,CRITICAL
CVE-2017-1000419,230,33,0,0,0,0,0,0,0,0,3.9,1,0,0,0,HIGH
CVE-2017-1000420,108,15,0,0,0,0,0,0,0,0,3.9,1,0,0,0,HIGH
CVE-2017-1000421,125,18,0,0,0,0,1,0,0,0,3.9,1,0,0,0,CRITICAL
CVE-2017-1000422,163,23,0,1,0,0,1,0,0,0,2.8,1,0,0,0,HIGH
CVE-2017-1000423,223,31,0,0,0,0,1,0,1,0,3.9,1,0,0,0,CRITICAL
CVE-2017-1000424,184,31,0,0,0,0,0,0,0,0,2.8,1,0,0,0,MEDIUM
CVE-2017-1000430,189,28,0,1,0,0,0,0,0,0,3.9,1,0,0,0,CRITICAL
CVE-2017-1000431,219,36,0,0,0,1,0,0,0,0,2.8,1,0,0,0,MEDIUM
CVE-2017-1000426,146,22,0,0,0,1,0,0,0,0,2.8,1,0,0,0,MEDIUM
CVE-2017-1000425,225,34,0,0,0,1,0,0,0,0,2.8,1,0,0,0,MEDIUM
CVE-2017-1000427,88,16,0,0,0,1,0,0,0,0,2.8,1,0,0,0,MEDIUM
CVE-2017-1000432,112,18,0,0,0,0,0,0,0,0,2.1,1,0,0,0,HIGH
CVE-2017-1000433,171,27,0,0,0,0,0,0,0,0,2.2,1,0,0,0,HIGH
CVE-2017-1000434,249,28,0,0,0,0,0,0,0,0,2.8,1,0,0,0,MEDIUM
CVE-2017-1000437,132,18,0,1,0,0,1,0,0,0,3.9,1,0,0,0,CRITICAL
CVE-2017-1000438,191,33,0,0,0,0,0,0,0,0,2.8,1,0,0,0,HIGH
CVE-2017-1000459,88,16,0,0,0,1,0,0,0,0,2.8,1,0,0,0,MEDIUM
CVE-2017-1000463,195,28,0,0,0,1,0,0,0,0,2.3,1,0,0,0,MEDIUM
CVE-2017-1000466,197,28,0,0,0,1,0,0,0,0,2.3,1,0,0,0,MEDIUM
CVE-2017-1000491,129,21,0,0,0,1,1,0,0,0,2.8,1,0,0,0,MEDIUM
CVE-2017-1000492,113,18,0,0,0,1,1,0,0,0,2.8,1,0,0,0,MEDIUM
CVE-2017-1000493,118,17,1,0,0,0,0,0,0,1,3.9,1,0,0,0,CRITICAL
CVE-2017-18017,317,44,0,1,0,0,0,1,0,0,3.9,1,0,0,0,CRITICAL
CVE-2018-4862,246,38,0,0,0,0,0,0,0,0,2.8,1,0,0,0,HIGH
CVE-2018-4868,175,24,0,0,0,0,0,1,0,0,1.8,0,0,1,0,MEDIUM
CVE-2017-1000494,236,30,0,1,0,0,0,1,0,0,1.8,0,0,1,0,HIGH
CVE-2017-1000495,206,30,0,0,0,1,0,1,0,1,2.3,1,0,0,0,MEDIUM
CVE-2017-1000496,161,24,0,0,0,0,0,1,0,0,2.8,1,0,0,0,HIGH
CVE-2017-1000497,151,22,0,0,0,0,1,1,0,0,3.9,1,0,0,0,CRITICAL
CVE-2017-1000498,148,23,0,0,0,0,1,1,0,0,1.8,0,0,1,0,HIGH
CVE-2017-1000499,244,37,0,0,0,0,0,0,0,0,2.8,1,0,0,0,HIGH
CVE-2017-1000467,189,27,0,0,0,1,0,0,0,0,2.3,1,0,0,0,MEDIUM
CVE-2017-1000501,179,27,0,0,0,0,1,0,1,0,3.9,1,0,0,0,CRITICAL
CVE-2017-1000488,166,29,0,0,0,1,0,0,0,0,2.8,1,0,0,0,MEDIUM
CVE-2017-1000489,121,21,0,0,0,0,0,0,0,0,2.2,1,0,0,0,HIGH
CVE-2017-1000490,214,37,0,0,0,0,0,0,0,0,2.8,1,0,0,0,MEDIUM
CVE-2017-1000476,164,24,0,0,0,0,0,1,0,0,2.8,1,0,0,0,MEDIUM
CVE-2017-1000477,99,16,0,0,0,0,0,1,0,0,3.9,1,0,0,0,HIGH
CVE-2017-1000478,170,24,0,0,0,1,0,1,0,0,2.3,1,0,0,0,MEDIUM
CVE-2017-1000479,480,73,0,0,0,0,0,0,0,0,2.8,1,0,0,0,HIGH
CVE-2017-1000480,162,26,1,0,0,0,0,0,0,0,3.9,1,0,0,0,CRITICAL
CVE-2017-1000481,761,139,0,0,0,0,0,0,0,0,2.8,1,0,0,0,MEDIUM
CVE-2017-1000482,183,33,0,0,0,0,0,0,0,0,2.3,1,0,0,0,MEDIUM
CVE-2017-1000483,249,40,0,0,0,0,0,0,0,0,2.8,1,0,0,0,MEDIUM
CVE-2017-1000460,252,33,0,0,0,0,0,0,0,0,2.8,1,0,0,0,MEDIUM
CVE-2017-1000461,302,41,0,0,0,0,0,0,0,0,2.8,1,0,0,0,MEDIUM
CVE-2017-1000462,177,26,0,0,0,1,0,0,0,0,2.3,1,0,0,0,MEDIUM
CVE-2017-1000469,158,25,1,0,0,0,1,0,0,1,3.9,1,0,0,0,CRITICAL
CVE-2017-1000470,144,22,0,1,0,0,0,1,0,0,3.9,1,0,0,0,HIGH
CVE-2017-1000471,157,24,0,1,0,0,0,1,0,0,3.9,1,0,0,0,CRITICAL
CVE-2017-1000472,380,54,1,0,0,0,0,0,0,0,2.8,1,0,0,0,MEDIUM
CVE-2017-1000473,204,33,1,0,0,0,1,0,0,1,1.8,0,0,1,0,HIGH
CVE-2017-1000484,546,102,0,0,0,0,0,0,0,0,2.8,1,0,0,0,MEDIUM
CVE-2017-1000485,175,22,0,0,0,0,0,0,0,0,1.8,0,0,1,0,HIGH
CVE-2017-1000486,98,15,0,0,0,0,1,0,0,0,3.9,1,0,0,0,CRITICAL
CVE-2017-1000487,138,20,1,0,0,0,0,0,0,0,3.9,1,0,0,0,CRITICAL
CVE-2018-5072,79,10,0,0,0,1,0,0,0,0,1.7,1,0,0,0,MEDIUM
CVE-2018-5073,55,7,0,0,0,0,0,0,0,0,0.9,1,0,0,0,MEDIUM
CVE-2018-5074,82,10,0,0,0,1,0,0,0,0,1.7,1,0,0,0,MEDIUM
CVE-2018-5075,82,10,0,0,0,1,0,0,0,0,1.7,1,0,0,0,MEDIUM
CVE-2018-5076,77,10,0,0,0,1,0,0,0,0,1.7,1,0,0,0,MEDIUM
CVE-2018-5077,78,10,0,0,0,1,0,0,0,0,1.7,1,0,0,0,MEDIUM
CVE-2018-5078,73,10,0,0,0,1,0,0,0,0,1.7,1,0,0,0,MEDIUM
CVE-2018-5079,216,33,0,0,0,0,0,1,0,0,1.8,0,0,1,0,HIGH
CVE-2018-5080,216,33,0,0,0,0,0,1,0,0,1.8,0,0,1,0,HIGH
CVE-2018-5081,216,33,0,0,0,0,0,1,0,0,1.8,0,0,1,0,HIGH
CVE-2018-5082,216,33,0,0,0,0,0,1,0,0,1.8,0,0,1,0,HIGH
CVE-2018-5083,216,33,0,0,0,0,0,1,0,0,1.8,0,0,1,0,HIGH
CVE-2018-5084,216,33,0,0,0,0,0,1,0,0,1.8,0,0,1,0,HIGH
CVE-2018-5085,216,33,0,0,0,0,0,1,0,0,1.8,0,0,1,0,HIGH
CVE-2018-5086,216,33,0,0,0,0,0,1,0,0,1.8,0,0,1,0,HIGH
CVE-2018-5087,216,33,0,0,0,0,0,1,0,0,1.8,0,0,1,0,HIGH
CVE-2018-5088,216,33,0,0,0,0,0,1,0,0,1.8,0,0,1,0,HIGH
CVE-2017-18018,263,45,0,0,0,0,0,0,0,0,1.8,0,0,1,0,HIGH
CVE-2017-18019,384,59,0,0,0,0,0,0,0,0,1.8,0,0,1,0,HIGH
CVE-2017-14383,441,66,0,0,0,1,0,0,1,0,2.8,1,0,0,0,MEDIUM
CVE-2017-18020,249,41,0,0,0,0,1,0,0,0,2.5,0,0,1,0,HIGH
CVE-2017-8046,253,42,0,0,0,0,0,0,0,0,3.9,1,0,0,0,CRITICAL
CVE-2018-0103,678,105,0,1,0,0,1,0,0,0,1.8,0,0,1,0,HIGH
CVE-2018-0104,672,104,0,0,0,0,1,0,0,0,2.8,1,0,0,0,CRITICAL
CVE-2018-0114,731,120,0,0,0,0,0,0,1,0,3.9,1,0,0,0,HIGH
CVE-2018-1190,398,65,0,0,0,1,0,0,0,0,2.8,1,0,0,0,MEDIUM
CVE-2018-5210,291,42,0,1,0,0,1,0,0,0,2.2,1,0,0,0,HIGH
CVE-2017-5715,207,27,0,0,0,0,0,0,1,0,1.1,0,0,1,0,MEDIUM
CVE-2017-5753,198,26,0,0,0,0,0,0,1,0,1.1,0,0,1,0,MEDIUM
CVE-2017-5754,225,31,0,0,0,0,0,0,1,0,1.1,0,0,1,0,MEDIUM
CVE-2018-0741,259,38,0,0,0,0,0,0,0,0,1.6,1,0,0,0,MEDIUM
CVE-2018-0743,278,42,0,0,0,0,0,0,0,0,1.0,0,0,1,0,HIGH
CVE-2018-0744,315,51,0,0,0,0,0,0,0,0,1.0,0,0,1,0,HIGH
CVE-2018-0745,309,45,0,0,0,0,0,0,0,0,1.0,0,0,1,0,MEDIUM
CVE-2018-0746,374,57,0,0,0,0,0,0,0,0,1.0,0,0,1,0,MEDIUM
CVE-2018-0747,425,67,0,0,0,0,0,0,0,0,1.0,0,0,1,0,MEDIUM
CVE-2018-0748,365,60,0,0,0,0,0,0,0,0,1.8,0,0,1,0,HIGH
CVE-2018-0749,408,66,0,0,0,0,0,0,0,0,1.8,0,0,1,0,HIGH
CVE-2018-0750,226,36,0,0,0,0,0,0,0,0,1.8,0,0,1,0,MEDIUM
CVE-2018-0751,367,59,0,0,0,0,0,0,0,0,1.8,0,0,1,0,HIGH
CVE-2018-0752,367,59,0,0,0,0,0,0,0,0,1.8,0,0,1,0,HIGH
CVE-2018-0753,287,48,0,0,0,0,0,1,0,0,2.2,1,0,0,0,MEDIUM
CVE-2018-0754,415,66,0,0,0,0,0,0,0,0,1.8,0,0,1,0,MEDIUM
CVE-2018-0758,489,63,0,1,0,0,1,0,0,0,1.6,1,0,0,0,HIGH
CVE-2018-0762,653,91,0,1,0,0,1,0,0,0,1.6,1,0,0,0,HIGH
CVE-2018-0766,301,45,0,0,0,0,0,0,0,0,2.8,1,0,0,0,MEDIUM
CVE-2018-0767,348,51,0,0,0,0,0,0,0,0,1.6,1,0,0,0,MEDIUM
CVE-2018-0768,440,55,0,1,0,0,1,0,0,0,1.6,1,0,0,0,HIGH
CVE-2018-0769,489,63,0,1,0,0,1,0,0,0,1.6,1,0,0,0,HIGH
CVE-2018-0770,489,63,0,1,0,0,1,0,0,0,1.6,1,0,0,0,HIGH
CVE-2018-0772,653,91,0,1,0,0,1,0,0,0,1.6,1,0,0,0,HIGH
CVE-2018-0773,440,55,0,1,0,0,1,0,0,0,1.6,1,0,0,0,HIGH
CVE-2018-0774,440,55,0,1,0,0,1,0,0,0,1.6,1,0,0,0,HIGH
CVE-2018-0775,440,55,0,1,0,0,1,0,0,0,1.6,1,0,0,0,HIGH
CVE-2018-0776,489,63,0,1,0,0,1,0,0,0,1.6,1,0,0,0,HIGH
CVE-2018-0777,489,63,0,1,0,0,1,0,0,0,1.6,1,0,0,0,HIGH
CVE-2018-0778,440,55,0,1,0,0,1,0,0,0,1.6,1,0,0,0,HIGH
CVE-2018-0780,354,52,0,0,0,0,0,0,0,0,1.6,1,0,0,0,MEDIUM
CVE-2018-0781,489,63,0,1,0,0,1,0,0,0,1.6,1,0,0,0,HIGH
CVE-2018-0788,321,53,0,0,0,0,0,0,0,0,1.0,0,0,1,0,HIGH
CVE-2018-0800,305,44,0,0,0,0,0,0,0,0,1.6,1,0,0,0,MEDIUM
CVE-2018-0803,301,45,0,0,0,0,0,0,0,0,1.6,1,0,0,0,MEDIUM
CVE-2017-15714,274,43,1,0,0,0,0,0,0,0,3.9,1,0,0,0,CRITICAL
CVE-2017-17837,261,43,1,0,0,1,0,0,0,0,2.8,1,0,0,0,MEDIUM
CVE-2014-7862,189,25,0,0,0,0,0,0,0,1,3.9,1,0,0,0,CRITICAL
CVE-2017-14960,129,17,1,0,0,0,0,0,0,0,3.9,1,0,0,0,HIGH
CVE-2017-1664,195,29,0,0,0,0,0,0,0,0,2.2,1,0,0,0,MEDIUM
CVE-2017-1665,195,29,0,0,0,0,0,0,0,0,2.2,1,0,0,0,MEDIUM
CVE-2017-1669,263,41,0,0,0,0,0,0,1,0,2.2,1,0,0,0,LOW
CVE-2017-1672,237,37,0,0,0,0,0,0,1,0,2.8,1,0,0,0,HIGH
CVE-2017-1673,307,45,0,0,0,1,0,0,0,0,2.8,1,0,0,0,MEDIUM
CVE-2017-1699,247,41,0,0,0,0,0,0,0,0,1.8,0,0,1,0,LOW
CVE-2017-1727,190,30,0,0,0,0,0,0,0,0,2.8,1,0,0,0,MEDIUM
CVE-2018-5212,169,24,0,0,0,1,0,0,0,0,2.3,1,0,0,0,MEDIUM
CVE-2018-5213,162,24,0,0,0,1,0,0,0,0,2.3,1,0,0,0,MEDIUM
CVE-2018-5214,128,18,0,0,0,1,0,0,0,0,2.3,1,0,0,0,MEDIUM
CVE-2017-17867,370,55,0,0,0,0,0,0,0,0,2.8,1,0,0,0,HIGH
CVE-2018-5215,73,11,0,0,0,1,0,0,0,0,2.3,1,0,0,0,MEDIUM
CVE-2018-5216,122,17,0,0,0,1,0,0,0,0,2.3,1,0,0,0,MEDIUM
CVE-2018-5217,216,33,0,0,0,0,0,1,0,0,1.8,0,0,1,0,HIGH
CVE-2018-5218,216,33,0,0,0,0,0,1,0,0,1.8,0,0,1,0,HIGH
CVE-2018-5219,216,33,0,0,0,0,0,1,0,0,1.8,0,0,1,0,HIGH
CVE-2018-5220,216,33,0,0,0,0,0,1,0,0,1.8,0,0,1,0,HIGH
CVE-2017-16716,138,22,1,0,0,0,0,0,0,0,3.9,1,0,0,0,CRITICAL
CVE-2017-16720,163,26,0,0,0,0,0,0,0,0,3.9,1,0,0,0,CRITICAL
CVE-2017-16724,212,35,0,1,0,0,0,0,0,0,3.9,1,0,0,0,CRITICAL
CVE-2017-16728,246,38,0,0,0,0,0,1,0,0,3.9,1,0,0,0,HIGH
CVE-2017-16753,161,25,0,0,0,0,0,1,0,0,3.9,1,0,0,0,HIGH
CVE-2017-16905,218,31,0,0,0,0,1,0,0,0,2.2,1,0,0,0,HIGH
CVE-2019-3494,101,11,1,0,0,0,0,0,0,0,3.9,1,0,0,0,HIGH
CVE-2018-20650,231,39,0,0,0,0,0,1,0,0,2.8,1,0,0,0,MEDIUM
CVE-2018-20651,346,53,0,0,0,0,0,1,0,0,1.8,0,0,1,0,MEDIUM
CVE-2018-20652,268,35,0,0,0,0,0,0,0,0,2.8,1,0,0,0,MEDIUM
CVE-2019-3500,199,33,0,0,0,0,0,0,0,0,1.8,0,0,1,0,HIGH
CVE-2019-3501,143,27,0,0,0,1,0,0,0,0,1.7,1,0,0,0,MEDIUM
CVE-2018-17188,532,79,0,0,0,0,0,0,1,0,1.2,1,0,0,0,HIGH
CVE-2018-20657,258,39,0,0,0,0,0,1,0,0,3.9,1,0,0,0,HIGH
CVE-2018-5197,320,45,1,0,0,0,0,0,0,0,1.8,0,0,1,0,HIGH
CVE-2018-20658,152,27,0,0,0,0,0,1,0,0,3.9,1,0,0,0,HIGH
CVE-2019-3572,307,47,0,0,0,0,0,0,0,0,2.8,1,0,0,0,MEDIUM
CVE-2019-3573,140,20,0,0,0,0,0,0,0,0,1.8,0,0,1,0,MEDIUM
CVE-2019-3574,138,21,0,0,0,0,0,0,0,0,1.8,0,0,1,0,HIGH
CVE-2018-7900,159,24,0,0,0,0,0,0,0,0,2.8,1,0,0,0,MEDIUM
CVE-2018-20659,247,28,0,0,0,0,0,0,0,0,2.8,1,0,0,0,MEDIUM
CVE-2019-3576,577,55,1,0,0,0,0,0,0,0,3.9,1,0,0,0,CRITICAL
CVE-2019-3577,164,22,1,0,0,0,0,0,0,0,3.9,1,0,0,0,CRITICAL
CVE-2018-13045,172,24,1,0,0,0,0,0,0,0,3.9,1,0,0,0,CRITICAL
CVE-2018-14718,183,24,0,0,0,0,1,0,0,0,3.9,1,0,0,0,CRITICAL
CVE-2018-14719,206,26,0,0,0,0,1,0,0,0,3.9,1,0,0,0,CRITICAL
CVE-2018-14720,199,26,0,0,0,0,0,0,0,0,3.9,1,0,0,0,CRITICAL
CVE-2018-14721,213,27,0,0,0,0,0,0,0,0,3.9,1,0,0,0,CRITICAL
CVE-2018-15490,485,76,0,0,0,0,0,0,0,1,1.8,0,0,1,0,HIGH
CVE-2018-19360,187,23,0,0,0,0,0,0,0,0,3.9,1,0,0,0,CRITICAL
CVE-2018-19361,175,23,0,0,0,0,0,0,0,0,3.9,1,0,0,0,CRITICAL
CVE-2018-19362,185,23,0,0,0,0,0,0,0,0,3.9,1,0,0,0,CRITICAL
CVE-2018-19371,142,22,0,0,0,0,0,0,0,0,2.8,1,0,0,0,MEDIUM
CVE-2018-19478,137,21,0,0,0,0,0,0,0,0,1.8,0,0,1,0,MEDIUM
CVE-2018-20100,397,61,0,0,0,0,0,0,0,0,3.9,1,0,0,0,CRITICAL
CVE-2018-20114,291,44,0,0,0,0,0,0,1,0,3.9,1,0,0,0,CRITICAL
CVE-2018-20166,328,48,0,0,0,0,0,0,0,0,2.8,1,0,0,0,HIGH
CVE-2018-20211,352,53,0,0,0,0,0,0,0,0,1.8,0,0,1,0,HIGH
CVE-2018-20326,159,16,0,0,0,1,0,0,0,0,2.8,1,0,0,0,MEDIUM
CVE-2018-18264,152,20,0,0,1,0,0,0,0,0,3.9,1,0,0,0,HIGH
CVE-2018-18893,122,12,0,0,0,0,0,0,0,0,3.9,1,0,0,0,MEDIUM
CVE-2018-20131,316,49,0,0,0,0,0,0,0,0,1.8,0,0,1,0,HIGH
CVE-2019-3580,133,20,0,0,0,0,0,0,0,0,3.9,1,0,0,0,HIGH
CVE-2018-17172,222,23,1,0,0,0,0,0,1,0,3.9,1,0,0,0,CRITICAL
CVE-2018-20662,296,42,0,0,0,0,0,1,0,0,2.8,1,0,0,0,MEDIUM
CVE-2018-16879,325,52,0,0,0,0,0,1,0,0,3.9,1,0,0,0,CRITICAL
CVE-2017-11004,440,73,0,0,0,0,0,0,0,0,1.8,0,0,1,0,MEDIUM
CVE-2017-18141,564,97,0,0,0,0,0,0,0,0,1.8,0,0,1,0,HIGH
CVE-2017-18319,346,56,0,0,0,0,0,0,0,0,1.8,0,0,1,0,MEDIUM
CVE-2017-18320,413,76,0,0,0,0,0,0,0,0,1.8,0,0,1,0,HIGH
CVE-2017-18321,138,24,0,0,0,0,0,0,0,0,1.8,0,0,1,0,MEDIUM
CVE-2017-18322,370,58,0,0,0,0,0,0,0,0,1.8,0,0,1,0,MEDIUM
CVE-2017-18323,419,70,0,0,0,0,0,0,0,0,1.8,0,0,1,0,MEDIUM
CVE-2017-18324,378,61,0,0,0,0,0,0,0,0,1.8,0,0,1,0,MEDIUM
CVE-2017-18326,390,62,0,0,0,0,0,0,0,0,1.8,0,0,1,0,MEDIUM
CVE-2017-18327,383,66,0,0,0,0,0,0,0,0,1.8,0,0,1,0,MEDIUM
CVE-2017-18328,315,50,0,0,0,0,0,0,0,0,1.8,0,0,1,0,HIGH
CVE-2017-18329,430,72,0,1,0,0,0,0,0,0,1.8,0,0,1,0,HIGH
CVE-2017-18330,477,75,0,1,0,0,0,0,0,0,1.8,0,0,1,0,HIGH
CVE-2018-16876,163,27,0,0,0,0,0,0,0,0,1.6,1,0,0,0,MEDIUM
CVE-2018-16870,184,31,0,0,0,0,0,0,0,0,2.2,1,0,0,0,MEDIUM
CVE-2018-16882,565,80,0,0,0,0,0,1,0,0,2.0,0,0,1,0,HIGH
CVE-2018-16885,395,65,0,0,0,0,0,0,0,0,1.0,0,0,1,0,MEDIUM
CVE-2019-3701,826,130,0,0,0,0,0,1,0,1,0.8,0,0,1,0,MEDIUM
CVE-2018-17161,371,53,0,1,0,0,1,1,0,0,3.9,1,0,0,0,CRITICAL
CVE-2018-14481,102,15,0,0,0,1,0,0,0,0,2.8,1,0,0,0,MEDIUM
CVE-2018-19414,252,37,0,0,0,1,0,0,0,0,2.8,1,0,0,0,MEDIUM
CVE-2018-19415,200,29,1,0,0,0,0,0,0,0,3.9,1,0,0,0,CRITICAL
CVE-2018-19505,308,48,0,0,0,0,0,0,0,0,2.8,1,0,0,0,MEDIUM
CVE-2018-19523,290,50,0,0,0,0,0,0,0,0,1.8,0,0,1,0,MEDIUM
CVE-2018-19861,163,25,0,1,0,0,1,0,0,0,3.9,1,0,0,0,CRITICAL
CVE-2018-19862,163,25,0,1,0,0,1,0,0,0,3.9,1,0,0,0,CRITICAL
CVE-2018-19992,215,30,0,0,0,1,0,0,0,0,2.3,1,0,0,0,MEDIUM
CVE-2018-19993,185,25,0,0,0,1,0,0,0,0,2.8,1,0,0,0,MEDIUM
CVE-2018-19994,188,24,1,0,0,0,0,0,0,0,2.8,1,0,0,0,HIGH
CVE-2018-19995,210,30,0,0,0,1,0,0,0,0,2.3,1,0,0,0,MEDIUM
CVE-2018-19998,166,22,1,0,0,0,0,0,0,0,2.8,1,0,0,0,HIGH
CVE-2018-20512,139,17,0,0,0,0,0,0,0,0,3.9,1,0,0,0,CRITICAL
CVE-2018-20663,150,23,0,0,0,1,0,0,0,0,2.3,1,0,0,0,MEDIUM
CVE-2018-20664,99,15,0,0,0,0,0,0,0,0,3.9,1,0,0,0,CRITICAL
CVE-2019-3575,134,16,0,0,0,0,0,0,0,0,1.8,0,0,1,0,HIGH
CVE-2019-3905,68,10,0,0,0,0,0,0,0,0,3.9,1,0,0,0,CRITICAL
CVE-2018-18004,203,27,0,0,0,0,0,0,0,0,3.9,1,0,0,0,MEDIUM
CVE-2018-18005,200,28,0,0,0,1,0,0,0,0,2.8,1,0,0,0,MEDIUM
CVE-2018-18244,195,28,0,0,0,1,0,0,0,0,2.8,1,0,0,0,MEDIUM
CVE-2018-19600,98,10,0,0,0,1,0,0,0,0,1.7,1,0,0,0,MEDIUM
CVE-2018-19601,99,10,0,0,0,0,0,0,0,0,2.3,1,0,0,0,CRITICAL
CVE-2018-15780,239,33,0,0,0,0,0,0,0,0,2.8,1,0,0,0,MEDIUM
CVE-2018-18995,337,47,0,0,0,0,0,0,0,0,3.9,1,0,0,0,CRITICAL
CVE-2018-18997,308,46,0,0,0,0,0,0,1,0,2.8,1,0,0,0,MEDIUM
CVE-2018-19249,312,44,0,0,0,0,0,0,0,0,3.9,1,0,0,0,HIGH
CVE-2018-3986,532,85,0,0,0,0,0,0,0,0,1.8,0,0,1,0,MEDIUM
CVE-2018-4012,332,41,0,1,0,0,1,0,1,0,2.2,1,0,0,0,CRITICAL
CVE-2018-8827,295,40,0,0,0,1,0,0,1,0,2.8,1,0,0,0,MEDIUM
CVE-2019-5005,261,42,0,0,0,0,0,1,0,0,1.8,0,0,1,0,MEDIUM
CVE-2019-5006,130,22,0,0,0,0,0,0,0,0,1.8,0,0,1,0,MEDIUM
CVE-2019-5007,216,35,0,0,0,0,0,1,0,0,1.8,0,0,1,0,HIGH
CVE-2019-5009,471,68,0,0,0,0,0,0,0,0,1.2,1,0,0,0,HIGH
CVE-2019-5310,182,25,0,0,0,1,0,0,0,0,2.8,1,0,0,0,MEDIUM
CVE-2018-1657,302,43,0,0,0,1,0,0,0,0,2.3,1,0,0,0,MEDIUM
CVE-2018-1859,166,25,0,0,0,0,0,0,0,1,0.9,1,0,0,0,MEDIUM
CVE-2018-1888,262,43,0,0,0,0,1,0,0,0,1.8,0,0,1,0,MEDIUM
CVE-2018-1951,302,43,0,0,0,1,0,0,0,0,2.3,1,0,0,0,MEDIUM
CVE-2019-5311,146,17,0,0,0,1,0,0,0,0,2.8,1,0,0,0,MEDIUM
CVE-2018-20671,188,25,0,1,0,0,0,0,0,0,1.8,0,0,1,0,MEDIUM
CVE-2019-5312,213,31,0,0,0,0,0,0,0,0,3.9,1,0,0,0,CRITICAL
CVE-2018-20673,279,40,0,1,0,0,0,0,0,0,1.8,0,0,1,0,MEDIUM
CVE-2018-5410,314,46,0,1,0,0,0,0,0,0,1.8,0,0,1,0,HIGH
CVE-2018-5481,211,29,0,0,0,0,0,0,0,0,2.2,1,0,0,0,HIGH
CVE-2018-11788,469,77,0,0,0,0,0,0,0,0,3.9,1,0,0,0,CRITICAL
CVE-2018-11798,229,37,0,0,0,0,0,0,0,0,2.8,1,0,0,0,MEDIUM
CVE-2018-1320,322,41,0,0,0,0,0,0,0,0,3.9,1,0,0,0,HIGH
CVE-2019-5488,225,20,1,0,0,0,0,0,0,0,3.9,1,0,0,0,HIGH
CVE-2019-5489,429,62,0,0,0,0,0,0,0,0,1.8,0,0,1,0,MEDIUM
CVE-2015-9275,76,13,0,0,0,0,0,0,0,0,3.9,1,0,0,0,MEDIUM
CVE-2019-5720,246,31,1,0,0,0,0,0,0,0,3.9,1,0,0,0,CRITICAL
CVE-2018-1918,320,46,0,0,0,1,0,0,0,0,2.3,1,0,0,0,MEDIUM
CVE-2018-1932,231,35,0,0,0,0,0,0,0,0,1.2,1,0,0,0,MEDIUM
CVE-2018-1993,225,40,0,0,0,0,0,0,0,0,2.5,0,0,1,0,MEDIUM
CVE-2018-2484,306,44,0,0,0,0,0,0,0,0,2.8,1,0,0,0,HIGH
CVE-2018-2499,175,28,0,0,0,0,0,0,0,0,3.9,1,0,0,0,HIGH
CVE-2019-0238,183,23,0,0,0,1,0,0,0,0,2.8,1,0,0,0,MEDIUM
CVE-2019-0240,217,34,0,0,0,0,0,0,0,0,3.9,1,0,0,0,HIGH
CVE-2019-0241,179,28,0,0,0,0,0,0,0,0,3.9,1,0,0,0,HIGH
CVE-2019-0243,216,29,0,0,0,0,0,0,0,0,2.8,1,0,0,0,HIGH
CVE-2019-0244,208,29,0,0,0,1,0,0,0,0,2.3,1,0,0,0,MEDIUM
CVE-2019-0245,208,29,0,0,0,1,0,0,0,0,2.3,1,0,0,0,MEDIUM
CVE-2019-0246,134,18,0,0,0,0,0,0,0,0,3.9,1,0,0,0,CRITICAL
CVE-2019-0247,185,29,0,0,0,0,0,0,0,0,3.9,1,0,0,0,CRITICAL
CVE-2019-0248,199,29,0,0,0,0,0,0,0,0,2.2,1,0,0,0,MEDIUM
CVE-2019-0249,137,19,0,0,0,0,0,0,0,0,3.9,1,0,0,0,HIGH
CVE-2019-0536,456,63,0,0,0,0,0,0,0,0,1.8,0,0,1,0,MEDIUM
CVE-2019-0537,265,33,0,0,0,0,0,0,0,0,1.8,0,0,1,0,MEDIUM
CVE-2019-0538,576,75,0,0,0,0,1,0,0,0,1.8,0,0,1,0,HIGH
CVE-2019-0539,294,41,0,1,0,0,1,0,0,0,1.6,1,0,0,0,HIGH
CVE-2019-0541,333,46,0,0,0,0,1,0,0,0,2.8,1,0,0,0,HIGH
CVE-2019-0543,382,53,0,0,0,0,0,0,0,0,1.8,0,0,1,0,HIGH
CVE-2019-0545,700,81,0,0,0,0,0,0,0,0,3.9,1,0,0,0,HIGH
CVE-2019-0546,238,32,0,0,0,0,1,0,0,0,1.8,0,0,1,0,HIGH
CVE-2019-0547,244,36,0,1,0,0,1,0,0,0,3.9,1,0,0,0,CRITICAL
CVE-2019-0548,234,35,0,0,0,0,0,1,0,0,3.9,1,0,0,0,HIGH
CVE-2019-0549,456,63,0,0,0,0,0,0,0,0,1.8,0,0,1,0,MEDIUM
CVE-2019-0550,338,51,0,0,0,0,1,0,0,0,1.7,0,1,0,0,HIGH
CVE-2019-0551,359,54,0,0,0,0,1,0,0,0,1.7,0,1,0,0,HIGH
CVE-2019-0552,259,39,0,0,0,0,0,0,0,0,2.0,0,0,1,0,HIGH
CVE-2019-0553,255,33,0,0,0,0,0,0,0,0,1.8,0,0,1,0,MEDIUM
CVE-2019-0554,456,63,0,0,0,0,0,0,0,0,1.8,0,0,1,0,MEDIUM
CVE-2019-0555,393,57,0,0,0,0,0,0,0,0,1.1,0,0,1,0,HIGH
CVE-2019-0556,320,41,0,0,0,1,0,0,0,0,2.3,1,0,0,0,MEDIUM
CVE-2019-0557,320,41,0,0,0,1,0,0,0,0,2.3,1,0,0,0,MEDIUM
CVE-2019-0558,390,48,0,0,0,1,0,0,0,0,2.3,1,0,0,0,MEDIUM
CVE-2019-0559,247,29,0,0,0,0,0,0,0,0,2.8,1,0,0,0,MEDIUM
CVE-2019-0560,229,28,0,0,0,0,0,0,0,0,1.8,0,0,1,0,MEDIUM
CVE-2019-0561,233,29,0,0,0,0,0,0,0,0,1.8,0,0,1,0,MEDIUM
CVE-2019-0562,301,38,0,0,0,0,0,0,0,0,2.3,1,0,0,0,MEDIUM
CVE-2019-0564,216,32,0,0,0,0,0,1,0,0,3.9,1,0,0,0,HIGH
CVE-2019-0565,186,24,0,1,0,0,1,0,0,0,1.6,1,0,0,0,HIGH
CVE-2019-0566,179,24,0,0,0,0,0,0,0,0,2.8,1,0,0,0,HIGH
CVE-2019-0567,294,41,0,1,0,0,1,0,0,0,1.6,1,0,0,0,HIGH
CVE-2019-0568,294,41,0,1,0,0,1,0,0,0,1.6,1,0,0,0,HIGH
CVE-2019-0569,456,63,0,0,0,0,0,0,0,0,1.8,0,0,1,0,MEDIUM
CVE-2019-0570,330,47,0,0,0,0,0,0,0,0,1.8,0,0,1,0,HIGH
CVE-2019-0571,352,47,0,0,0,0,0,0,0,0,1.8,0,0,1,0,HIGH
CVE-2019-0572,352,47,0,0,0,0,0,0,0,0,1.8,0,0,1,0,HIGH
CVE-2019-0573,352,47,0,0,0,0,0,0,0,0,1.8,0,0,1,0,HIGH
CVE-2019-0574,352,47,0,0,0,0,0,0,0,0,1.8,0,0,1,0,HIGH
CVE-2019-0575,576,75,0,0,0,0,1,0,0,0,1.8,0,0,1,0,HIGH
CVE-2019-0576,576,75,0,0,0,0,1,0,0,0,1.8,0,0,1,0,HIGH
CVE-2019-0577,576,75,0,0,0,0,1,0,0,0,1.8,0,0,1,0,HIGH
CVE-2019-0578,576,75,0,0,0,0,1,0,0,0,1.8,0,0,1,0,HIGH
CVE-2019-0579,576,75,0,0,0,0,1,0,0,0,1.8,0,0,1,0,HIGH
CVE-2019-0580,576,75,0,0,0,0,1,0,0,0,1.8,0,0,1,0,HIGH
CVE-2019-0581,576,75,0,0,0,0,1,0,0,0,1.8,0,0,1,0,HIGH
CVE-2019-0582,576,75,0,0,0,0,1,0,0,0,1.8,0,0,1,0,HIGH
CVE-2019-0583,576,75,0,0,0,0,1,0,0,0,1.8,0,0,1,0,HIGH
CVE-2019-0584,576,75,0,0,0,0,1,0,0,0,1.8,0,0,1,0,HIGH
CVE-2019-0585,367,49,0,0,0,0,1,0,0,0,2.8,1,0,0,0,HIGH
CVE-2019-0586,235,31,0,1,0,0,1,0,0,0,3.9,1,0,0,0,CRITICAL
CVE-2019-0588,258,30,0,0,0,0,0,0,0,0,2.8,1,0,0,0,MEDIUM
CVE-2019-0622,215,29,0,0,0,0,0,0,0,0,0.9,0,0,0,1,MEDIUM
CVE-2019-5716,164,24,0,0,0,0,0,1,0,0,1.8,0,0,1,0,MEDIUM
CVE-2019-5717,184,27,0,0,0,0,0,1,0,0,1.8,0,0,1,0,MEDIUM
CVE-2019-5718,186,29,0,0,0,0,0,1,0,0,1.8,0,0,1,0,MEDIUM
CVE-2019-5719,202,30,0,0,0,0,0,1,0,0,1.8,0,0,1,0,MEDIUM
CVE-2019-5721,193,26,0,0,0,0,0,1,0,0,1.8,0,0,1,0,MEDIUM
CVE-2019-5725,183,32,0,0,0,0,0,0,0,0,3.9,1,0,0,0,HIGH
CVE-2018-20674,229,28,0,0,0,0,0,0,0,0,2.8,1,0,0,0,HIGH
CVE-2018-20675,212,26,0,0,1,0,0,0,0,0,3.9,1,0,0,0,CRITICAL
CVE-2016-10735,156,21,0,0,0,1,0,0,0,0,2.8,1,0,0,0,MEDIUM
CVE-2018-20676,82,12,0,0,0,1,0,0,0,0,2.8,1,0,0,0,MEDIUM
CVE-2018-20677,86,13,0,0,0,1,0,0,0,0,2.8,1,0,0,0,MEDIUM
CVE-2019-3581,179,29,0,0,0,0,0,1,0,0,3.9,1,0,0,0,HIGH
CVE-2019-0542,178,23,0,0,0,0,1,0,0,0,2.8,1,0,0,0,HIGH
CVE-2018-20679,368,57,0,0,0,0,0,0,0,0,3.9,1,0,0,0,HIGH
CVE-2019-5747,402,65,0,0,0,0,0,0,0,0,3.9,1,0,0,0,HIGH
CVE-2018-20680,61,10,0,0,0,1,0,0,0,0,1.7,1,0,0,0,MEDIUM
CVE-2019-5748,89,10,0,0,0,0,0,0,0,0,3.9,1,0,0,0,CRITICAL
CVE-2016-10403,181,31,0,0,0,0,0,0,0,0,2.8,1,0,0,0,HIGH
CVE-2016-9651,203,37,0,0,0,0,1,0,0,0,2.8,1,0,0,0,HIGH
CVE-2017-15401,240,41,0,1,0,0,1,0,0,0,2.8,1,0,0,0,HIGH
CVE-2017-15402,348,59,0,0,0,0,0,0,0,0,2.8,1,0,0,0,CRITICAL
CVE-2017-15403,239,38,1,0,0,0,1,0,0,0,1.3,0,0,1,0,HIGH
CVE-2017-15404,288,45,0,0,1,0,0,1,0,1,1.8,0,0,1,0,HIGH
CVE-2017-15405,332,51,0,0,0,0,1,0,0,1,1.0,0,0,1,0,HIGH
CVE-2017-15428,253,43,0,0,0,0,1,0,0,0,2.8,1,0,0,0,HIGH
CVE-2018-16065,198,32,0,0,0,0,1,0,0,0,2.8,1,0,0,0,HIGH
CVE-2018-16066,154,26,0,0,0,0,0,0,0,0,2.8,1,0,0,0,MEDIUM
CVE-2018-16067,157,26,0,0,0,0,0,0,0,0,2.8,1,0,0,0,MEDIUM
CVE-2018-16068,156,25,0,0,0,0,0,0,0,0,2.8,1,0,0,0,CRITICAL
CVE-2018-16071,156,26,0,0,0,0,0,0,0,0,2.8,1,0,0,0,HIGH
CVE-2018-16072,175,30,0,0,0,0,0,0,0,0,2.8,1,0,0,0,MEDIUM
CVE-2018-16076,159,28,0,0,0,0,0,0,0,0,2.8,1,0,0,0,HIGH
CVE-2018-16078,204,31,0,0,0,0,0,0,0,0,2.8,1,0,0,0,MEDIUM
CVE-2018-16079,207,34,0,0,0,0,0,0,0,0,1.6,1,0,0,0,MEDIUM
CVE-2018-16080,201,35,0,0,0,0,0,0,0,0,2.8,1,0,0,0,MEDIUM
CVE-2018-16081,284,46,0,0,0,0,0,0,0,0,2.8,1,0,0,0,HIGH
CVE-2018-16082,177,30,0,0,0,0,0,0,0,0,2.8,1,0,0,0,MEDIUM
CVE-2018-16083,194,35,0,0,0,0,0,0,0,0,2.8,1,0,0,0,HIGH
CVE-2018-16084,221,34,0,0,0,0,0,0,0,0,2.8,1,0,0,0,MEDIUM
CVE-2018-16085,168,26,0,0,0,0,0,0,0,0,2.8,1,0,0,0,HIGH
CVE-2018-16087,168,26,0,0,0,0,0,0,0,0,2.8,1,0,0,0,MEDIUM
CVE-2018-16088,191,32,0,0,0,0,0,0,0,0,2.8,1,0,0,0,MEDIUM
CVE-2018-17457,210,37,0,0,0,0,1,0,0,0,2.8,1,0,0,0,HIGH
CVE-2018-17458,200,32,0,0,0,0,1,0,0,0,2.8,1,0,0,0,HIGH
CVE-2018-17459,194,33,0,0,0,0,0,0,0,0,2.8,1,0,0,0,MEDIUM
CVE-2018-17461,160,30,0,0,0,0,0,0,0,0,2.8,1,0,0,0,HIGH
CVE-2018-17470,200,33,0,1,0,0,0,0,0,0,2.8,1,0,0,0,HIGH
CVE-2018-20065,187,30,0,0,0,0,0,0,0,0,2.8,1,0,0,0,HIGH
CVE-2018-20066,169,25,0,0,0,0,0,0,0,0,2.8,1,0,0,0,HIGH
CVE-2018-20067,255,42,0,0,0,0,0,0,0,0,2.8,1,0,0,0,MEDIUM
CVE-2018-20068,199,34,0,0,0,0,0,0,0,0,2.8,1,0,0,0,MEDIUM
CVE-2018-20069,223,40,0,0,0,0,0,0,0,0,2.8,1,0,0,0,MEDIUM
CVE-2018-20070,199,32,0,0,0,0,0,0,0,0,2.8,1,0,0,0,MEDIUM
CVE-2018-20071,253,40,0,0,0,0,0,0,0,0,2.8,1,0,0,0,MEDIUM
CVE-2018-6056,196,33,0,0,0,0,1,0,0,0,2.8,1,0,0,0,HIGH
CVE-2018-6084,179,26,0,0,0,0,1,0,0,0,1.8,0,0,1,0,HIGH
CVE-2018-6091,206,35,0,0,0,0,0,0,0,0,2.8,1,0,0,0,MEDIUM
CVE-2018-6093,152,24,0,0,0,0,0,0,0,0,2.8,1,0,0,0,MEDIUM
CVE-2018-6096,209,32,0,0,0,0,0,0,0,0,2.8,1,0,0,0,MEDIUM
CVE-2018-6097,203,32,0,0,0,0,0,0,0,0,2.8,1,0,0,0,MEDIUM
CVE-2018-6100,208,32,0,0,0,0,0,0,0,0,2.8,1,0,0,0,MEDIUM
CVE-2018-6106,194,30,0,0,0,0,0,0,0,0,2.8,1,0,0,0,HIGH
CVE-2018-6109,283,50,0,0,0,0,0,0,0,0,2.8,1,0,0,0,MEDIUM
CVE-2018-6110,166,27,0,0,0,0,0,0,0,0,2.8,1,0,0,0,MEDIUM
CVE-2018-6111,179,29,0,0,0,0,1,0,0,0,2.8,1,0,0,0,HIGH
CVE-2018-6112,189,30,0,0,0,0,0,0,0,0,2.8,1,0,0,0,MEDIUM
CVE-2018-6113,186,29,0,0,0,0,0,0,0,0,2.8,1,0,0,0,MEDIUM
CVE-2018-6114,180,29,0,0,0,0,0,0,0,0,2.8,1,0,0,0,MEDIUM
CVE-2018-6117,185,27,0,0,0,0,0,0,0,0,2.8,1,0,0,0,MEDIUM
CVE-2018-6120,229,36,0,1,0,0,1,0,0,0,2.8,1,0,0,0,HIGH
CVE-2018-6123,154,26,0,0,0,0,0,0,0,0,2.8,1,0,0,0,MEDIUM
CVE-2018-6124,173,26,0,0,0,0,0,0,0,0,2.8,1,0,0,0,HIGH
CVE-2018-6126,156,28,0,0,0,0,0,0,0,0,2.8,1,0,0,0,HIGH
CVE-2018-6127,209,35,0,0,0,0,0,0,0,0,2.8,1,0,0,0,CRITICAL
CVE-2018-6133,198,30,0,0,0,0,0,0,0,0,2.8,1,0,0,0,MEDIUM
CVE-2018-6135,197,34,0,0,0,0,0,0,0,0,2.8,1,0,0,0,MEDIUM
CVE-2018-6137,138,24,0,0,0,0,0,0,0,0,2.8,1,0,0,0,MEDIUM
CVE-2018-6139,236,36,0,0,0,0,1,0,0,0,2.8,1,0,0,0,HIGH
CVE-2018-6140,241,39,0,0,0,0,1,0,0,0,2.8,1,0,0,0,HIGH
CVE-2018-6141,221,37,0,0,0,0,0,0,0,0,2.8,1,0,0,0,HIGH
CVE-2018-6143,159,27,0,0,0,0,0,0,0,0,2.8,1,0,0,0,MEDIUM
CVE-2018-6144,156,27,0,0,0,0,0,0,0,0,2.8,1,0,0,0,HIGH
CVE-2018-6147,200,33,0,0,0,0,0,0,0,0,1.8,0,0,1,0,MEDIUM
CVE-2018-6151,236,41,0,0,0,0,0,0,0,0,2.8,1,0,0,0,HIGH
CVE-2018-6153,197,34,0,0,0,0,0,0,0,0,2.8,1,0,0,0,HIGH
CVE-2018-6158,155,25,0,0,0,0,0,0,0,0,1.6,1,0,0,0,HIGH
CVE-2018-6160,173,29,0,0,0,0,0,0,0,0,2.8,1,0,0,0,MEDIUM
CVE-2018-6162,169,26,0,0,0,0,0,0,0,0,2.8,1,0,0,0,HIGH
CVE-2018-6163,198,30,0,0,0,0,0,0,0,0,2.8,1,0,0,0,MEDIUM
CVE-2018-6164,167,27,0,0,0,0,0,0,0,0,2.8,1,0,0,0,MEDIUM
CVE-2018-6165,180,30,0,0,0,0,0,0,0,0,2.8,1,0,0,0,MEDIUM
CVE-2018-6166,198,30,0,0,0,0,0,0,0,0,2.8,1,0,0,0,MEDIUM
CVE-2018-6167,198,30,0,0,0,0,0,0,0,0,2.8,1,0,0,0,MEDIUM
CVE-2018-6169,196,31,0,0,0,0,0,0,0,0,2.8,1,0,0,0,MEDIUM
CVE-2018-6170,148,25,0,0,0,0,0,0,0,0,2.8,1,0,0,0,HIGH
CVE-2018-6172,198,30,0,0,0,0,0,0,0,0,2.8,1,0,0,0,MEDIUM
CVE-2018-6173,198,30,0,0,0,0,0,0,0,0,2.8,1,0,0,0,MEDIUM
CVE-2018-6174,160,24,0,0,0,0,1,0,0,0,2.8,1,0,0,0,HIGH
CVE-2018-6175,198,30,0,0,0,0,0,0,0,0,2.8,1,0,0,0,MEDIUM
CVE-2018-6178,225,38,0,0,0,0,0,0,0,0,2.8,1,0,0,0,MEDIUM
CVE-2018-6179,272,43,0,0,0,0,0,0,0,0,2.8,1,0,0,0,MEDIUM
CVE-2016-10736,164,20,0,0,0,1,0,0,0,0,2.8,1,0,0,0,MEDIUM
CVE-2018-0625,146,19,0,0,0,0,0,0,0,1,1.2,1,0,0,0,HIGH
CVE-2018-0626,153,21,0,0,0,0,0,0,0,1,1.2,1,0,0,0,HIGH
CVE-2018-0627,148,19,0,0,0,0,0,0,0,1,1.2,1,0,0,0,HIGH
CVE-2018-0628,151,21,0,0,0,0,0,0,0,1,1.2,1,0,0,0,HIGH
CVE-2018-0629,139,20,0,0,0,0,0,0,0,1,1.2,1,0,0,0,HIGH
CVE-2018-0630,130,18,0,0,0,0,0,0,0,1,1.2,1,0,0,0,HIGH
CVE-2018-0631,136,18,0,0,0,0,0,0,0,1,1.2,1,0,0,0,HIGH
CVE-2018-0632,151,22,0,1,0,0,1,0,0,1,1.2,1,0,0,0,HIGH
CVE-2018-0633,146,20,0,1,0,0,1,0,0,1,1.2,1,0,0,0,HIGH
CVE-2018-0634,179,25,0,0,0,0,0,0,0,1,1.2,1,0,0,0,HIGH
CVE-2018-0635,133,18,0,0,0,0,0,0,0,1,1.2,1,0,0,0,HIGH
CVE-2018-0636,191,26,0,0,0,0,0,0,0,1,1.2,1,0,0,0,HIGH
CVE-2018-0637,142,19,0,0,0,0,0,0,0,1,1.2,1,0,0,0,HIGH
CVE-2018-0638,142,19,0,0,0,0,0,0,0,1,1.2,1,0,0,0,HIGH
CVE-2018-0639,186,24,0,0,0,0,0,0,0,1,1.2,1,0,0,0,HIGH
CVE-2018-0640,193,26,0,1,0,0,1,0,0,1,1.2,1,0,0,0,HIGH
CVE-2018-0641,196,26,0,1,0,0,1,0,0,1,1.2,1,0,0,0,HIGH
CVE-2018-0651,374,52,0,1,0,0,0,0,0,0,3.9,1,0,0,0,CRITICAL
CVE-2018-0665,402,56,0,0,0,0,0,0,0,0,0.9,0,1,0,0,MEDIUM
CVE-2018-0666,402,56,0,0,0,0,0,0,0,0,0.9,0,1,0,0,MEDIUM
CVE-2018-0667,225,37,0,0,0,0,0,0,0,0,1.8,0,0,1,0,HIGH
CVE-2018-0668,179,25,0,1,0,0,0,1,0,0,3.9,1,0,0,0,CRITICAL
CVE-2018-0669,200,26,0,0,1,0,0,0,0,0,3.9,1,0,0,0,CRITICAL
CVE-2018-0670,200,26,0,0,1,0,0,0,0,0,3.9,1,0,0,0,CRITICAL
CVE-2018-0671,181,25,0,0,1,0,1,0,0,1,0.8,0,0,1,0,MEDIUM
CVE-2018-0676,209,31,0,0,1,0,0,0,0,0,2.8,0,1,0,0,HIGH
CVE-2018-0677,172,24,0,0,0,0,0,0,0,1,0.9,0,1,0,0,MEDIUM
CVE-2018-0678,161,24,0,1,0,0,1,0,0,0,0.9,0,1,0,0,MEDIUM
CVE-2018-0688,3457,508,0,0,0,0,0,0,0,0,2.8,1,0,0,0,MEDIUM
CVE-2018-0689,3445,510,1,0,0,0,0,0,0,0,2.8,1,0,0,0,HIGH
CVE-2018-0698,150,21,0,0,0,1,0,0,0,0,2.3,1,0,0,0,MEDIUM
CVE-2018-0702,142,19,0,0,0,0,0,0,0,0,3.9,1,0,0,0,HIGH
CVE-2018-0703,136,19,0,0,0,0,0,0,0,0,3.9,1,0,0,0,HIGH
CVE-2018-0704,136,19,0,0,0,0,0,0,0,0,3.9,1,0,0,0,HIGH
CVE-2018-0705,131,19,0,0,0,0,0,0,0,0,3.9,1,0,0,0,CRITICAL
CVE-2018-1000406,362,49,0,0,0,0,0,0,0,0,2.8,1,0,0,0,MEDIUM
CVE-2018-1000407,262,33,0,0,0,1,0,0,0,0,2.8,1,0,0,0,MEDIUM
CVE-2018-1000408,380,50,0,0,0,0,0,1,0,0,3.9,1,0,0,0,MEDIUM
CVE-2018-1000409,294,39,0,0,0,0,0,0,0,0,2.8,1,0,0,0,MEDIUM
CVE-2018-1000410,448,53,0,0,0,0,0,0,0,0,1.8,0,0,1,0,HIGH
CVE-2018-1000411,163,24,0,0,0,0,0,0,0,0,2.8,1,0,0,0,MEDIUM
CVE-2018-1000412,319,41,0,0,0,0,0,0,0,0,2.8,1,0,0,0,HIGH
CVE-2018-1000413,260,36,0,0,0,1,0,0,0,0,2.3,1,0,0,0,MEDIUM
CVE-2018-1000414,228,26,0,0,0,0,0,0,0,0,2.8,1,0,0,0,HIGH
CVE-2018-1000415,769,39,0,0,0,1,0,0,0,0,2.3,1,0,0,0,MEDIUM
CVE-2018-1000416,218,31,0,0,0,1,0,0,0,0,2.8,1,0,0,0,MEDIUM
CVE-2018-1000417,187,23,0,0,0,0,0,0,0,0,2.8,1,0,0,0,HIGH
CVE-2018-1000418,342,42,0,0,0,0,0,0,0,0,2.8,1,0,0,0,HIGH
CVE-2018-1000419,222,29,0,0,0,0,0,0,0,0,2.8,1,0,0,0,MEDIUM
CVE-2018-1000420,216,29,0,0,0,0,0,0,0,0,2.8,1,0,0,0,MEDIUM
CVE-2018-1000421,337,43,0,0,0,0,0,0,0,0,2.8,1,0,0,0,MEDIUM
CVE-2018-1000422,298,37,0,0,0,0,0,0,0,0,2.8,1,0,0,0,MEDIUM
CVE-2018-1000423,281,36,0,0,0,0,0,0,0,0,1.8,0,0,1,0,HIGH
CVE-2018-1000424,310,38,0,0,0,0,0,0,0,0,1.8,0,0,1,0,HIGH
CVE-2018-1000425,246,33,0,0,0,0,0,0,0,0,1.8,0,0,1,0,HIGH
CVE-2018-1000426,405,40,0,0,0,1,0,0,0,0,2.8,1,0,0,0,MEDIUM
CVE-2018-16164,184,25,0,0,0,1,0,0,0,0,2.3,1,0,0,0,MEDIUM
CVE-2018-16165,155,21,0,0,0,1,0,0,0,0,2.8,1,0,0,0,MEDIUM
CVE-2018-16166,123,17,0,0,0,0,0,0,0,0,2.8,1,0,0,0,HIGH
CVE-2018-16167,111,15,0,0,0,0,0,0,0,0,3.9,1,0,0,0,CRITICAL
CVE-2018-16168,119,16,1,0,0,0,0,0,0,0,3.9,1,0,0,0,CRITICAL
CVE-2018-16169,150,23,0,0,0,0,0,0,0,0,2.8,1,0,0,0,HIGH
CVE-2018-16170,172,23,0,0,0,0,0,0,0,0,2.8,1,0,0,0,HIGH
CVE-2018-16171,162,24,0,0,0,0,0,0,0,0,2.8,1,0,0,0,HIGH
CVE-2018-16172,238,33,0,0,0,0,0,0,0,0,2.8,1,0,0,0,MEDIUM
CVE-2018-16173,159,22,0,0,0,1,0,0,0,0,2.8,1,0,0,0,MEDIUM
CVE-2018-16174,183,26,0,0,0,0,0,0,0,0,2.8,1,0,0,0,MEDIUM
CVE-2018-16175,169,23,1,0,0,0,0,0,0,1,1.2,1,0,0,0,HIGH
CVE-2018-16176,179,27,0,0,0,0,0,0,0,0,1.8,0,0,1,0,HIGH
CVE-2018-16177,218,34,0,0,0,0,0,0,0,0,1.8,0,0,1,0,HIGH
CVE-2018-16178,165,25,0,0,0,0,0,0,0,0,3.9,1,0,0,0,HIGH
CVE-2018-16179,215,30,0,0,0,0,0,0,0,0,2.2,1,0,0,0,MEDIUM
CVE-2018-16180,158,21,0,0,0,1,0,0,0,0,2.8,1,0,0,0,MEDIUM
CVE-2018-16181,287,41,1,0,0,0,0,0,0,0,2.8,1,0,0,0,MEDIUM
CVE-2018-16182,179,28,0,0,0,0,0,0,0,0,1.8,0,0,1,0,HIGH
CVE-2018-16183,357,55,0,0,0,0,1,0,0,0,1.8,0,0,1,0,HIGH
CVE-2018-16184,301,44,0,0,0,0,0,0,0,0,3.9,1,0,0,0,CRITICAL
CVE-2018-16185,410,59,0,0,0,0,0,0,0,0,1.8,0,0,1,0,HIGH
CVE-2018-16186,517,75,0,0,0,0,0,0,0,0,2.8,0,1,0,0,HIGH
CVE-2018-16187,481,67,0,0,0,0,0,0,0,0,2.2,1,0,0,0,MEDIUM
CVE-2018-16188,472,67,1,0,0,0,0,0,0,0,3.9,1,0,0,0,CRITICAL
CVE-2018-16191,439,58,0,0,0,0,0,0,0,0,2.8,1,0,0,0,MEDIUM
CVE-2018-16192,244,35,0,0,0,0,0,0,0,0,2.8,0,1,0,0,MEDIUM
CVE-2018-16193,259,34,0,0,0,1,0,0,0,0,2.3,1,0,0,0,MEDIUM
CVE-2018-16194,215,28,0,0,0,0,0,0,0,0,1.2,1,0,0,0,HIGH
CVE-2018-16195,234,35,0,0,0,0,0,0,0,0,2.8,0,1,0,0,HIGH
CVE-2018-16196,554,70,0,0,0,0,0,1,0,0,3.9,1,0,0,0,HIGH
CVE-2018-16197,241,37,0,0,0,0,0,0,0,0,2.8,0,1,0,0,MEDIUM
CVE-2018-16198,238,36,0,0,0,0,0,0,0,0,2.8,0,1,0,0,HIGH
CVE-2018-16199,226,32,0,0,0,1,0,0,0,0,2.8,1,0,0,0,MEDIUM
CVE-2018-16200,179,27,0,0,0,0,0,0,0,0,2.8,0,1,0,0,HIGH
CVE-2018-16201,293,43,0,0,0,0,0,0,0,0,2.8,0,1,0,0,HIGH
CVE-2018-16202,234,26,0,0,0,0,0,0,0,0,3.9,1,0,0,0,HIGH
CVE-2018-16203,178,24,0,0,0,0,0,0,0,0,3.9,1,0,0,0,CRITICAL
CVE-2018-16204,185,25,0,0,0,1,0,0,0,0,1.7,1,0,0,0,MEDIUM
CVE-2018-16205,145,22,0,0,0,1,0,0,0,0,2.3,1,0,0,0,MEDIUM
CVE-2018-20681,453,63,0,0,0,0,0,0,0,0,0.9,0,0,0,1,MEDIUM
CVE-2018-20682,138,19,0,0,0,1,0,0,0,0,2.3,1,0,0,0,MEDIUM
CVE-2019-3498,342,51,0,0,0,0,0,0,0,0,2.8,1,0,0,0,MEDIUM
CVE-2019-5882,99,18,0,0,0,0,0,0,0,0,3.9,1,0,0,0,CRITICAL
CVE-2018-0181,635,94,0,0,0,0,0,0,1,0,3.9,1,0,0,0,HIGH
CVE-2018-0282,719,115,0,0,0,0,0,1,1,0,2.2,1,0,0,0,MEDIUM
CVE-2018-20683,214,35,0,0,0,0,0,0,0,0,2.2,1,0,0,0,HIGH
CVE-2019-5884,143,20,0,0,0,0,0,0,0,0,2.2,1,0,0,0,MEDIUM
CVE-2019-5886,282,40,0,0,0,0,0,0,0,0,3.9,1,0,0,0,CRITICAL
CVE-2019-5887,253,39,0,0,0,0,0,0,0,0,3.9,1,0,0,0,HIGH
CVE-2018-4032,293,45,0,0,1,0,0,0,0,1,1.8,0,0,1,0,MEDIUM
CVE-2018-4033,212,31,0,0,1,0,0,0,0,1,1.8,0,0,1,0,MEDIUM
CVE-2018-4034,224,33,0,0,1,0,0,0,0,1,1.8,0,0,1,0,MEDIUM
CVE-2018-4035,224,33,0,0,1,0,0,0,0,1,1.8,0,0,1,0,MEDIUM
CVE-2018-4036,232,33,0,0,1,0,0,0,0,0,1.8,0,0,1,0,MEDIUM
CVE-2018-4037,210,31,0,0,1,0,0,0,0,1,1.8,0,0,1,0,MEDIUM
CVE-2018-4041,243,38,0,0,1,0,0,0,0,1,1.8,0,0,1,0,MEDIUM
CVE-2018-4042,243,38,0,0,1,0,0,0,0,1,1.8,0,0,1,0,MEDIUM
CVE-2018-4043,306,50,0,0,1,0,0,0,0,1,1.8,0,0,1,0,MEDIUM
CVE-2018-4044,243,38,0,0,1,0,0,0,0,1,1.8,0,0,1,0,MEDIUM
CVE-2018-4045,243,38,0,0,1,0,0,0,0,1,1.8,0,0,1,0,MEDIUM
CVE-2018-4046,317,49,0,0,0,0,0,0,0,0,1.8,0,0,1,0,MEDIUM
CVE-2018-4047,243,38,0,0,1,0,0,0,0,1,1.8,0,0,1,0,MEDIUM
CVE-2018-0449,796,128,0,0,0,0,0,0,0,0,0.6,0,0,1,0,MEDIUM
CVE-2018-0461,675,100,1,0,0,0,0,0,1,0,3.9,1,0,0,0,MEDIUM
CVE-2018-0474,578,83,0,0,0,0,0,0,0,0,2.8,1,0,0,0,HIGH
CVE-2018-0482,698,104,0,0,0,1,0,0,0,0,2.3,1,0,0,0,MEDIUM
CVE-2018-0483,586,87,0,0,0,1,0,0,0,0,2.1,1,0,0,0,MEDIUM
CVE-2019-5892,527,88,0,0,0,0,0,1,0,0,2.8,1,0,0,0,MEDIUM
CVE-2019-5893,99,13,1,0,0,0,0,0,0,0,3.9,1,0,0,0,CRITICAL
CVE-2018-0484,591,99,0,0,0,0,0,0,0,0,3.9,1,0,0,0,MEDIUM
CVE-2018-15453,1107,160,0,1,0,0,0,1,1,0,3.9,1,0,0,0,HIGH
CVE-2018-15456,551,87,0,0,0,0,0,0,1,0,2.8,1,0,0,0,MEDIUM
CVE-2018-16803,100,16,0,0,0,0,0,0,0,0,3.9,1,0,0,0,CRITICAL
CVE-2018-15457,679,98,0,0,0,1,0,0,1,0,2.8,1,0,0,0,MEDIUM
CVE-2018-15458,912,141,0,0,0,0,0,1,1,0,3.9,1,0,0,0,MEDIUM
CVE-2017-3718,176,26,0,0,0,0,0,0,0,0,0.3,0,0,0,1,MEDIUM
CVE-2018-12166,191,29,0,0,0,0,0,1,0,0,0.8,0,0,1,0,MEDIUM
CVE-2018-12167,187,29,0,0,0,0,0,1,0,0,0.8,0,0,1,0,MEDIUM
CVE-2018-12177,216,29,0,0,0,0,0,0,0,0,1.8,0,0,1,0,HIGH
CVE-2018-18098,170,26,0,0,0,0,0,0,0,0,1.3,0,0,1,0,HIGH
CVE-2018-3703,209,31,0,0,0,0,0,0,0,0,1.8,0,0,1,0,HIGH
CVE-2019-0088,188,27,0,0,0,0,0,0,0,0,1.8,0,0,1,0,HIGH
CVE-2017-1002152,133,20,1,0,0,1,0,0,0,0,2.8,1,0,0,0,MEDIUM
CVE-2017-1002157,125,18,0,0,0,0,1,0,0,0,3.9,1,0,0,0,CRITICAL
CVE-2018-20684,231,29,0,0,0,0,0,0,0,0,3.9,1,0,0,0,HIGH
CVE-2018-20685,232,40,0,0,0,0,0,0,0,0,1.6,1,0,0,0,MEDIUM
CVE-2018-15460,702,107,0,0,0,0,0,1,1,0,3.9,1,0,0,0,HIGH
CVE-2018-5403,276,41,0,0,0,0,0,0,0,0,2.2,1,0,0,0,HIGH
CVE-2018-5412,110,13,0,0,0,0,1,0,0,0,1.8,0,0,1,0,HIGH
CVE-2018-5413,155,24,0,0,1,0,0,0,0,0,2.8,1,0,0,0,HIGH
CVE-2018-15461,529,82,0,0,0,1,0,0,1,0,2.8,1,0,0,0,MEDIUM
CVE-2019-6126,270,39,0,0,0,0,0,0,0,0,3.9,1,0,0,0,HIGH
CVE-2019-6127,185,28,1,0,0,0,1,0,0,0,1.2,1,0,0,0,HIGH
CVE-2019-6128,102,16,0,0,0,0,0,0,0,0,2.8,1,0,0,0,HIGH
CVE-2019-6129,179,31,0,0,0,0,0,0,0,0,2.8,1,0,0,0,MEDIUM
CVE-2019-6130,207,29,0,0,0,0,0,0,0,0,1.8,0,0,1,0,MEDIUM
CVE-2019-6131,163,20,0,0,0,0,0,0,0,0,1.8,0,0,1,0,MEDIUM
CVE-2019-6132,247,28,0,0,0,0,0,0,0,0,3.9,1,0,0,0,HIGH
CVE-2019-6133,271,35,0,0,0,0,0,0,0,0,0.8,0,0,1,0,MEDIUM
CVE-2018-15464,548,83,0,0,0,0,0,1,1,0,3.9,1,0,0,0,MEDIUM
CVE-2018-15466,591,90,0,0,0,0,0,0,1,0,3.9,1,0,0,0,MEDIUM
CVE-2018-15467,693,102,0,0,0,1,0,0,1,0,2.8,1,0,0,0,MEDIUM
CVE-2019-6135,264,27,0,0,0,0,0,0,0,0,3.9,1,0,0,0,HIGH
CVE-2019-6136,188,20,0,0,0,0,0,0,0,0,3.9,1,0,0,0,HIGH
CVE-2019-6137,122,15,0,0,0,0,0,0,0,0,3.9,1,0,0,0,HIGH
CVE-2019-6138,317,29,0,0,0,0,0,0,0,0,3.9,1,0,0,0,HIGH
CVE-2016-4642,243,34,0,0,0,0,0,0,0,0,2.2,1,0,0,0,MEDIUM
CVE-2016-4643,228,36,0,0,0,0,0,0,0,0,2.8,1,0,0,0,MEDIUM
CVE-2016-4644,270,41,0,0,0,0,0,0,0,0,2.8,1,0,0,0,MEDIUM
CVE-2016-7576,128,20,0,1,0,0,0,0,0,0,1.8,0,0,1,0,HIGH
CVE-2017-13886,158,22,0,0,0,0,0,0,0,0,2.8,1,0,0,0,MEDIUM
CVE-2017-13887,156,24,0,0,0,0,0,0,0,0,3.9,1,0,0,0,HIGH
CVE-2017-13888,87,14,0,0,0,0,0,0,0,0,3.9,1,0,0,0,HIGH
CVE-2017-13889,222,32,0,0,0,0,0,0,0,0,3.9,1,0,0,0,CRITICAL
CVE-2019-20203,169,26,0,0,0,0,0,0,0,0,3.9,1,0,0,0,MEDIUM
CVE-2019-20204,150,24,0,0,0,1,0,0,0,0,2.3,1,0,0,0,MEDIUM
CVE-2019-20205,72,10,0,1,0,0,0,0,0,0,2.8,1,0,0,0,HIGH
CVE-2019-20208,100,14,0,1,0,0,0,0,0,0,1.8,0,0,1,0,MEDIUM
CVE-2019-20213,159,17,0,0,0,0,0,0,1,0,3.9,1,0,0,0,HIGH
CVE-2019-20218,106,16,0,0,0,0,0,0,0,0,3.9,1,0,0,0,HIGH
CVE-2019-20220,126,17,0,0,0,1,0,0,0,0,2.8,1,0,0,0,MEDIUM
CVE-2019-20221,167,28,0,0,0,1,0,0,0,0,2.8,1,0,0,0,MEDIUM
CVE-2019-20222,139,22,0,0,0,1,0,0,0,0,2.8,1,0,0,0,MEDIUM
CVE-2019-20223,152,25,0,0,0,1,0,0,0,0,2.8,1,0,0,0,MEDIUM
CVE-2020-5179,321,46,0,0,0,0,0,0,0,0,1.2,1,0,0,0,HIGH
CVE-2013-3935,252,33,0,0,0,0,0,0,0,1,2.8,1,0,0,0,HIGH
CVE-2013-3936,171,24,0,0,0,1,0,0,0,0,2.8,1,0,0,0,MEDIUM
CVE-2019-10158,198,28,0,0,0,0,0,0,0,0,3.9,1,0,0,0,CRITICAL
CVE-2019-10775,111,16,0,0,0,0,0,1,0,0,3.9,1,0,0,0,HIGH
CVE-2019-14859,335,48,0,0,0,0,0,0,0,0,3.9,1,0,0,0,CRITICAL
CVE-2019-14862,232,35,0,0,0,0,0,0,0,0,2.8,1,0,0,0,MEDIUM
CVE-2019-14863,238,36,0,0,0,0,0,0,0,0,2.8,1,0,0,0,MEDIUM
CVE-2019-14864,294,46,0,0,0,0,0,0,0,0,2.8,1,0,0,0,MEDIUM
CVE-2019-20219,82,11,0,0,0,0,0,0,0,0,2.8,1,0,0,0,HIGH
CVE-2019-20225,52,9,0,0,0,0,0,0,0,0,2.8,1,0,0,0,MEDIUM
CVE-2013-4532,169,27,0,0,0,0,1,0,0,0,1.8,0,0,1,0,HIGH
CVE-2013-4752,377,58,0,0,0,0,0,0,0,0,2.8,1,0,0,0,MEDIUM
CVE-2014-0048,144,26,0,0,0,0,0,0,0,0,3.9,1,0,0,0,CRITICAL
CVE-2014-0104,215,29,0,0,0,0,0,0,0,0,2.2,1,0,0,0,MEDIUM
CVE-2019-10205,236,44,0,0,0,0,0,0,0,0,0.8,0,0,1,0,MEDIUM
CVE-2013-3619,315,44,0,0,0,0,0,0,0,0,2.2,1,0,0,0,HIGH
CVE-2013-3620,234,30,0,0,0,0,0,0,0,0,3.9,1,0,0,0,HIGH
CVE-2014-0161,321,46,0,0,0,0,0,0,0,0,2.2,1,0,0,0,MEDIUM
CVE-2010-3782,108,17,0,0,0,0,0,0,0,0,2.8,1,0,0,0,HIGH
CVE-2013-3944,153,23,0,1,0,0,1,0,0,0,1.8,0,0,1,0,HIGH
CVE-2013-3945,121,19,0,0,0,0,1,0,0,0,1.8,0,0,1,0,HIGH
CVE-2013-3946,155,23,0,1,0,0,1,0,0,0,1.8,0,0,1,0,HIGH
CVE-2013-6242,395,61,0,0,0,1,0,0,0,0,2.8,1,0,0,0,MEDIUM
CVE-2013-7062,323,48,0,0,0,1,0,0,0,0,2.8,1,0,0,0,MEDIUM
CVE-2013-7485,380,55,0,0,0,1,0,0,0,0,2.8,1,0,0,0,MEDIUM
CVE-2013-7486,329,48,0,0,0,1,0,0,0,0,2.8,1,0,0,0,MEDIUM
CVE-2014-4553,189,23,0,0,0,1,0,0,0,0,2.8,1,0,0,0,MEDIUM
CVE-2013-3246,155,25,0,1,0,0,1,0,0,0,1.8,0,0,1,0,HIGH
CVE-2013-3247,163,26,0,1,0,0,1,0,0,0,1.8,0,0,1,0,HIGH
CVE-2013-3931,284,38,0,0,0,1,0,0,0,0,2.3,1,0,0,0,MEDIUM
CVE-2013-3932,270,36,1,0,0,0,0,0,0,1,2.8,1,0,0,0,HIGH
CVE-2013-3937,152,24,0,1,0,0,1,0,0,0,1.8,0,0,1,0,HIGH
CVE-2013-3939,291,48,0,1,0,0,1,0,0,0,1.8,0,0,1,0,HIGH
CVE-2013-3941,282,48,0,1,0,0,1,0,0,0,3.9,1,0,0,0,CRITICAL
CVE-2013-7351,294,46,0,0,0,1,0,0,0,0,2.8,1,0,0,0,MEDIUM
CVE-2014-0011,296,42,0,0,0,0,1,1,0,0,3.9,1,0,0,0,CRITICAL
CVE-2014-0169,453,72,0,0,0,0,0,0,0,0,2.8,1,0,0,0,MEDIUM
CVE-2014-0183,145,25,0,0,0,1,0,0,0,0,2.8,1,0,0,0,MEDIUM
CVE-2014-0245,466,70,0,0,0,0,0,0,1,0,2.2,1,0,0,0,MEDIUM
CVE-2014-3590,206,37,0,0,0,0,0,0,0,0,2.8,1,0,0,0,MEDIUM
CVE-2013-0737,161,23,0,0,0,1,0,0,0,0,2.8,1,0,0,0,MEDIUM
CVE-2013-1420,390,58,0,0,0,1,0,0,0,0,2.8,1,0,0,0,MEDIUM
CVE-2013-1642,282,43,0,0,0,1,0,0,0,0,2.8,1,0,0,0,MEDIUM
CVE-2014-6275,273,44,0,0,0,0,0,0,0,0,2.2,1,0,0,0,MEDIUM
CVE-2014-8182,218,36,0,0,0,0,0,1,0,0,3.9,1,0,0,0,HIGH
CVE-2016-1000027,460,73,0,0,0,0,1,0,0,0,3.9,1,0,0,0,CRITICAL
CVE-2019-20329,107,18,0,0,0,0,0,0,0,0,2.8,1,0,0,0,HIGH
CVE-2020-5310,104,14,0,1,0,0,0,0,0,0,2.8,1,0,0,0,HIGH
CVE-2020-5311,76,10,0,1,0,0,0,0,0,0,3.9,1,0,0,0,CRITICAL
CVE-2020-5312,79,12,0,1,0,0,0,0,0,0,3.9,1,0,0,0,CRITICAL
CVE-2020-5313,73,10,0,1,0,0,0,0,0,0,2.8,1,0,0,0,HIGH
CVE-2019-20330,85,9,0,0,0,0,0,0,0,0,3.9,1,0,0,0,CRITICAL
CVE-2019-19441,269,36,0,0,0,0,0,0,0,0,2.8,0,1,0,0,MEDIUM
CVE-2019-5304,285,42,0,0,0,0,0,0,1,0,3.9,1,0,0,0,HIGH
CVE-2020-1785,312,46,0,0,0,0,0,1,0,0,1.8,0,0,1,0,MEDIUM
CVE-2020-1871,361,38,0,0,0,0,0,0,0,0,3.9,1,0,0,0,HIGH
CVE-2019-19086,85,13,0,0,0,0,0,0,0,0,2.8,1,0,0,0,MEDIUM
CVE-2019-19087,85,13,0,0,0,0,0,0,0,0,2.8,1,0,0,0,MEDIUM
CVE-2019-19088,78,10,0,0,0,0,0,0,0,0,3.9,1,0,0,0,CRITICAL
CVE-2019-19254,115,17,0,0,0,0,0,0,0,0,3.9,1,0,0,0,MEDIUM
CVE-2019-19311,87,15,0,0,0,1,0,0,0,0,2.3,1,0,0,0,MEDIUM
CVE-2012-4451,410,45,0,0,0,1,0,0,0,0,2.8,1,0,0,0,MEDIUM
CVE-2019-19255,88,13,0,0,0,0,0,0,0,0,2.8,1,0,0,0,MEDIUM
CVE-2019-19256,88,13,0,0,0,0,0,0,0,0,3.9,1,0,0,0,MEDIUM
CVE-2019-19257,115,18,0,0,0,0,0,0,0,0,3.9,1,0,0,0,MEDIUM
CVE-2019-19258,88,13,0,0,0,0,0,0,0,0,3.9,1,0,0,0,MEDIUM
CVE-2019-19259,109,16,0,0,0,0,0,0,0,0,2.8,1,0,0,0,MEDIUM
CVE-2019-19260,115,18,0,0,0,0,0,0,0,0,2.8,1,0,0,0,MEDIUM
CVE-2019-19261,70,11,0,0,0,0,0,0,0,0,2.8,1,0,0,0,HIGH
CVE-2019-19262,84,12,0,0,0,0,0,0,0,0,2.8,1,0,0,0,MEDIUM
CVE-2019-19263,83,12,0,0,0,0,0,0,0,0,2.8,1,0,0,0,MEDIUM
CVE-2019-19309,88,13,0,0,0,0,0,0,0,0,2.8,1,0,0,0,MEDIUM
CVE-2019-19310,88,12,0,0,0,0,0,0,0,0,1.2,1,0,0,0,MEDIUM
CVE-2019-5063,328,47,0,1,0,0,1,0,0,0,2.8,1,0,0,0,HIGH
CVE-2019-5064,347,49,0,1,0,0,1,0,0,0,2.8,1,0,0,0,HIGH
CVE-2019-11993,1209,171,0,0,0,0,0,0,0,1,3.9,1,0,0,0,HIGH
CVE-2019-11994,1292,183,0,0,0,0,0,0,1,0,3.9,1,0,0,0,CRITICAL
CVE-2012-5693,774,94,0,0,0,0,0,0,0,0,2.8,0,1,0,0,HIGH
CVE-2012-5878,301,38,0,0,0,0,0,0,0,0,3.9,1,0,0,0,CRITICAL
CVE-2014-10398,368,55,0,0,0,1,0,0,0,0,2.8,1,0,0,0,MEDIUM
CVE-2014-4196,192,28,0,0,0,1,0,0,0,0,2.8,1,0,0,0,MEDIUM
CVE-2014-5140,280,42,1,0,0,0,0,0,0,0,2.8,1,0,0,0,HIGH
CVE-2014-5516,269,38,0,0,0,0,0,0,0,0,2.8,1,0,0,0,MEDIUM
CVE-2014-8337,322,44,0,0,0,0,1,0,0,0,3.9,1,0,0,0,CRITICAL
CVE-2020-5395,72,9,0,0,0,0,0,0,0,0,2.8,1,0,0,0,HIGH
CVE-2014-8516,215,30,0,0,0,0,1,0,0,0,3.9,1,0,0,0,CRITICAL
CVE-2019-19959,222,31,0,0,0,0,0,0,0,0,3.9,1,0,0,0,HIGH
CVE-2019-9537,322,44,0,0,0,1,0,0,0,0,2.8,1,0,0,0,MEDIUM
CVE-2019-9538,332,47,0,0,0,1,0,0,0,0,2.8,1,0,0,0,MEDIUM
CVE-2019-9539,328,44,0,0,0,1,0,0,0,0,2.8,1,0,0,0,MEDIUM
CVE-2019-9540,317,44,0,0,0,1,0,0,0,0,2.8,1,0,0,0,MEDIUM
CVE-2019-9541,258,36,0,0,0,0,0,0,0,0,2.8,1,0,0,0,MEDIUM
CVE-2019-9542,322,44,0,0,0,1,0,0,0,0,2.8,1,0,0,0,MEDIUM
CVE-2020-5496,105,13,0,1,0,0,0,0,0,0,2.8,1,0,0,0,HIGH
CVE-2019-13765,171,25,0,0,0,0,0,0,0,0,2.8,1,0,0,0,MEDIUM
CVE-2019-13766,160,23,0,0,0,0,0,0,0,0,2.8,1,0,0,0,MEDIUM
CVE-2019-3768,279,38,1,0,0,0,0,0,0,0,2.8,1,0,0,0,MEDIUM
CVE-2019-5844,164,26,0,0,0,0,0,0,0,0,2.8,1,0,0,0,MEDIUM
CVE-2019-5845,164,26,0,0,0,0,0,0,0,0,2.8,1,0,0,0,MEDIUM
CVE-2019-5846,164,26,0,0,0,0,0,0,0,0,2.8,1,0,0,0,MEDIUM
CVE-2020-5497,239,35,0,0,0,1,0,0,0,0,2.8,1,0,0,0,MEDIUM
CVE-2015-9540,110,14,0,0,0,0,0,0,0,0,2.8,1,0,0,0,MEDIUM
CVE-2019-20334,280,38,0,0,0,0,0,0,0,0,1.8,0,0,1,0,MEDIUM
CVE-2020-5499,142,24,0,0,0,0,0,0,0,0,3.9,1,0,0,0,CRITICAL
CVE-2019-19312,222,34,0,0,0,0,0,0,0,0,3.9,1,0,0,0,MEDIUM
CVE-2019-19313,163,26,0,0,0,0,0,1,0,0,3.9,1,0,0,0,HIGH
CVE-2019-19314,82,13,0,0,0,0,0,0,0,0,3.9,1,0,0,0,HIGH
CVE-2019-19628,223,30,0,0,1,0,1,0,0,0,3.9,1,0,0,0,CRITICAL
CVE-2019-19629,208,33,0,0,0,0,0,0,0,0,3.9,1,0,0,0,HIGH
CVE-2019-19911,381,63,0,0,0,0,0,1,0,0,3.9,1,0,0,0,HIGH
CVE-2019-20336,120,14,0,0,0,1,0,0,0,0,2.8,1,0,0,0,MEDIUM
CVE-2019-20337,122,15,1,0,0,0,0,0,0,0,1.2,1,0,0,0,HIGH
CVE-2019-20004,262,40,0,0,0,0,0,0,0,1,2.8,1,0,0,0,HIGH
CVE-2019-20077,214,35,0,0,0,0,0,0,0,0,2.8,1,0,0,0,MEDIUM
CVE-2019-20153,343,41,0,0,0,0,0,0,0,0,1.2,1,0,0,0,MEDIUM
CVE-2019-20154,242,32,0,0,0,1,0,0,0,0,2.8,1,0,0,0,MEDIUM
CVE-2019-20155,255,35,0,0,0,0,1,0,0,0,2.8,1,0,0,0,HIGH
CVE-2020-5305,115,22,0,0,0,1,0,0,0,0,1.7,1,0,0,0,MEDIUM
CVE-2020-5306,92,15,0,0,0,1,0,0,0,0,1.7,1,0,0,0,MEDIUM
CVE-2019-19266,136,22,0,0,0,1,0,0,0,0,2.3,1,0,0,0,MEDIUM
CVE-2019-19265,137,22,0,0,0,1,0,0,0,0,2.8,1,0,0,0,MEDIUM
CVE-2020-5191,103,13,0,0,0,1,0,0,0,0,2.8,1,0,0,0,MEDIUM
CVE-2020-5192,245,34,1,0,0,0,0,0,0,0,2.8,1,0,0,0,HIGH
CVE-2019-20352,169,23,0,0,0,0,0,0,0,0,1.8,0,0,1,0,HIGH
CVE-2019-20354,282,42,0,0,0,0,0,0,0,0,2.8,1,0,0,0,MEDIUM
CVE-2019-5987,164,24,0,0,0,0,0,0,0,0,2.8,1,0,0,0,HIGH
CVE-2019-5988,201,30,0,0,0,1,0,0,0,0,2.8,1,0,0,0,MEDIUM
CVE-2019-5989,209,31,0,0,0,1,0,0,0,0,2.8,1,0,0,0,MEDIUM
CVE-2019-5990,136,22,0,0,0,0,0,0,0,0,3.9,1,0,0,0,HIGH
CVE-2019-15975,350,46,0,0,1,0,0,0,1,0,3.9,1,0,0,0,CRITICAL
CVE-2019-15976,350,46,0,0,1,0,0,0,1,0,3.9,1,0,0,0,CRITICAL
CVE-2019-15977,350,46,0,0,1,0,0,0,1,0,3.9,1,0,0,0,HIGH
CVE-2019-15978,586,80,0,0,1,0,0,0,0,0,1.2,1,0,0,0,HIGH
CVE-2019-15979,586,80,0,0,1,0,0,0,0,0,1.2,1,0,0,0,HIGH
CVE-2019-15980,669,91,0,0,1,0,0,0,0,0,1.2,1,0,0,0,HIGH
CVE-2019-15981,669,91,0,0,1,0,0,0,0,0,1.2,1,0,0,0,HIGH
CVE-2019-15982,669,91,0,0,1,0,0,0,0,0,1.2,1,0,0,0,HIGH
CVE-2019-15983,842,123,0,0,1,0,0,0,0,0,1.2,1,0,0,0,MEDIUM
CVE-2019-15984,626,86,0,0,1,0,0,0,0,0,1.2,1,0,0,0,HIGH
CVE-2019-15985,626,86,0,0,1,0,0,0,0,0,1.2,1,0,0,0,HIGH
CVE-2019-15999,595,87,0,0,0,0,0,0,1,0,2.8,1,0,0,0,MEDIUM
CVE-2020-5519,158,23,0,0,0,0,0,0,0,0,3.9,1,0,0,0,CRITICAL
CVE-2019-20343,292,44,0,0,0,0,1,0,0,0,3.9,1,0,0,0,CRITICAL
CVE-2016-11017,314,47,1,0,0,0,0,0,1,0,3.9,1,0,0,0,CRITICAL
CVE-2019-15602,157,23,0,0,0,1,0,0,0,0,2.8,1,0,0,0,MEDIUM
CVE-2019-15603,149,22,0,0,0,1,0,0,0,0,2.8,1,0,0,0,MEDIUM
CVE-2019-18792,543,96,0,0,0,0,0,0,0,0,3.9,1,0,0,0,CRITICAL
CVE-2019-9468,302,42,0,1,0,0,0,0,0,0,1.8,0,0,1,0,HIGH
CVE-2019-9469,321,46,0,0,0,0,0,0,0,0,1.8,0,0,1,0,HIGH
CVE-2019-9470,308,46,0,0,0,0,0,0,0,0,0.8,0,0,1,0,MEDIUM
CVE-2019-9471,311,46,0,0,0,0,0,0,0,0,0.8,0,0,1,0,MEDIUM
CVE-2019-9472,307,43,0,0,0,0,0,0,0,0,1.8,0,0,1,0,MEDIUM
CVE-2020-5840,170,25,0,0,0,0,0,0,0,0,3.9,1,0,0,0,HIGH
CVE-2015-4039,323,48,0,0,0,1,0,0,0,1,2.3,1,0,0,0,MEDIUM
CVE-2020-5514,122,21,0,0,0,0,0,0,0,0,2.3,1,0,0,0,CRITICAL
CVE-2020-5515,55,7,1,0,0,0,0,0,0,0,1.2,1,0,0,0,HIGH
CVE-2014-3743,237,35,0,0,0,1,0,0,0,0,2.8,1,0,0,0,MEDIUM
CVE-2019-16272,127,20,0,0,0,0,0,0,0,0,3.9,1,0,0,0,CRITICAL
CVE-2019-16273,307,48,0,0,0,0,1,0,1,1,3.9,1,0,0,0,CRITICAL
CVE-2019-16274,95,16,0,0,0,0,0,0,0,0,3.9,1,0,0,0,HIGH
CVE-2019-16716,57,9,0,0,0,0,0,0,0,0,0.7,1,0,0,0,MEDIUM
CVE-2019-16717,36,7,0,0,0,1,0,0,0,0,2.8,1,0,0,0,MEDIUM
CVE-2019-18179,318,53,0,0,0,0,0,0,0,0,2.8,1,0,0,0,MEDIUM
CVE-2019-19509,269,41,0,0,0,0,0,0,0,0,2.8,1,0,0,0,HIGH
CVE-2019-19585,297,44,0,0,0,0,0,0,0,0,1.8,0,0,1,0,HIGH
CVE-2020-5204,416,69,0,1,0,0,0,0,0,0,2.3,1,0,0,0,MEDIUM
CVE-2020-5512,60,7,0,0,0,0,0,0,0,0,2.3,1,0,0,0,MEDIUM
CVE-2020-5513,60,7,0,0,0,0,0,0,0,0,2.3,1,0,0,0,MEDIUM
CVE-2015-4553,92,14,0,0,0,0,0,0,0,0,2.8,1,0,0,0,HIGH
CVE-2015-5951,191,32,0,0,0,0,0,0,0,1,3.1,1,0,0,0,CRITICAL
CVE-2019-16271,178,25,0,0,0,0,0,0,1,0,3.9,1,0,0,0,MEDIUM
CVE-2019-18625,431,79,0,0,0,0,0,0,0,0,3.9,1,0,0,0,HIGH
CVE-2019-18842,357,56,0,0,0,1,0,0,0,0,2.8,1,0,0,0,MEDIUM
CVE-2019-20348,282,41,0,0,0,0,0,0,0,1,0.9,0,0,0,1,MEDIUM
CVE-2020-5846,613,94,0,0,0,0,1,0,0,1,2.8,1,0,0,0,HIGH
CVE-2014-8674,257,35,0,0,0,1,1,0,0,0,2.3,1,0,0,0,MEDIUM
CVE-2014-9405,201,31,0,0,0,1,1,0,0,0,2.3,1,0,0,0,MEDIUM
CVE-2018-7794,291,42,0,0,0,0,0,1,0,0,3.9,1,0,0,0,HIGH
CVE-2019-6854,472,70,0,0,0,0,0,0,0,0,1.8,0,0,1,0,HIGH
CVE-2019-6855,358,54,0,0,0,0,0,0,0,0,3.9,1,0,0,0,HIGH
CVE-2019-6856,299,42,0,0,0,0,0,1,0,0,3.9,1,0,0,0,HIGH
CVE-2019-6857,308,44,0,0,0,0,0,1,0,0,3.9,1,0,0,0,HIGH
CVE-2020-5843,92,16,0,0,0,1,0,0,0,0,1.7,1,0,0,0,MEDIUM
CVE-2013-5122,133,22,0,0,0,0,0,0,1,0,3.9,1,0,0,0,CRITICAL
CVE-2013-5571,68,10,0,1,0,0,0,1,0,0,2.2,1,0,0,0,MEDIUM
CVE-2020-5393,82,14,0,0,0,1,0,0,0,0,2.8,1,0,0,0,MEDIUM
CVE-2013-5637,30,5,0,0,0,1,0,0,0,0,2.3,1,0,0,0,MEDIUM
CVE-2013-5638,39,6,0,0,0,1,0,0,0,0,2.3,1,0,0,0,MEDIUM
CVE-2013-5656,62,8,0,1,0,0,0,0,0,0,1.8,0,0,1,0,HIGH
CVE-2013-5657,62,10,0,0,0,0,0,1,0,0,3.9,1,0,0,0,HIGH
CVE-2013-5658,36,5,0,0,0,1,0,0,0,0,2.8,1,0,0,0,MEDIUM
CVE-2019-14834,199,30,0,0,0,0,0,1,0,0,2.2,1,0,0,0,LOW
CVE-2019-14837,298,47,0,0,0,0,0,0,0,0,3.9,1,0,0,0,CRITICAL
CVE-2019-14843,349,61,0,0,0,0,0,0,1,0,2.8,1,0,0,0,HIGH
CVE-2019-14854,303,55,0,0,0,0,0,0,0,0,2.8,1,0,0,0,MEDIUM
CVE-2019-14866,432,73,0,0,0,0,0,0,0,0,1.3,0,0,1,0,HIGH
CVE-2019-14879,221,33,0,0,0,0,0,0,0,0,2.8,1,0,0,0,MEDIUM
CVE-2014-8673,169,17,0,0,0,0,0,0,0,0,3.9,1,0,0,0,CRITICAL
CVE-2019-14819,342,53,0,0,0,0,0,0,0,0,2.8,1,0,0,0,HIGH
CVE-2018-10465,616,98,0,0,0,0,0,0,1,0,2.8,1,0,0,0,HIGH
CVE-2019-10776,177,27,0,0,0,0,0,0,0,0,3.9,1,0,0,0,CRITICAL
CVE-2019-16154,213,33,0,0,0,1,0,0,1,0,2.8,1,0,0,0,MEDIUM
CVE-2019-18386,231,31,0,0,0,0,0,0,0,0,2.2,1,0,0,0,HIGH
CVE-2019-6700,223,31,0,0,0,0,0,0,0,0,2.8,1,0,0,0,MEDIUM
CVE-2019-9465,332,47,0,0,0,0,0,0,0,1,1.8,0,0,1,0,MEDIUM
CVE-2020-5307,312,40,1,0,0,0,0,0,0,0,3.9,1,0,0,0,CRITICAL
CVE-2020-5842,204,27,0,0,0,1,0,0,0,0,2.8,1,0,0,0,MEDIUM
CVE-2019-14906,539,91,0,1,0,0,0,1,0,0,3.9,1,0,0,0,CRITICAL
CVE-2019-6529,156,24,0,0,0,0,0,1,0,0,1.2,1,0,0,0,MEDIUM
CVE-2020-5841,150,20,1,0,0,0,0,0,1,0,3.9,1,0,0,0,CRITICAL
CVE-2019-18652,353,51,0,0,0,1,0,0,0,0,2.8,1,0,0,0,MEDIUM
CVE-2019-17146,550,83,0,0,0,0,1,0,0,0,3.9,1,0,0,0,CRITICAL
CVE-2019-17147,551,84,0,0,0,0,1,0,0,0,2.8,1,0,0,0,HIGH
CVE-2019-17148,595,89,0,0,0,0,0,0,0,1,1.8,0,0,1,0,HIGH
CVE-2019-17151,551,87,0,0,0,0,0,0,0,0,2.8,1,0,0,0,MEDIUM
CVE-2014-5209,189,26,0,0,0,0,0,0,0,0,3.9,1,0,0,0,MEDIUM
CVE-2020-6163,214,21,0,0,0,1,0,0,0,0,2.8,1,0,0,0,MEDIUM
CVE-2019-20360,482,78,0,0,0,0,0,0,1,0,3.9,1,0,0,0,HIGH
CVE-2019-20361,205,33,1,0,0,0,0,0,0,0,3.9,1,0,0,0,CRITICAL
CVE-2020-6170,196,26,0,0,1,0,0,0,0,0,3.9,1,0,0,0,CRITICAL
CVE-2014-1454,122,18,0,0,0,1,0,0,0,0,1.7,1,0,0,0,MEDIUM
CVE-2014-1598,60,9,0,1,0,0,0,0,0,0,3.9,1,0,0,0,CRITICAL
CVE-2014-9908,166,25,0,0,0,0,0,1,0,0,2.8,0,1,0,0,MEDIUM
CVE-2019-14820,255,32,0,0,0,0,0,0,1,0,2.8,1,0,0,0,MEDIUM
CVE-2019-20362,217,26,0,0,0,0,0,0,0,0,1.8,0,0,1,0,HIGH
CVE-2014-1409,160,25,0,0,1,0,0,0,0,0,3.9,1,0,0,0,CRITICAL
CVE-2014-1860,65,9,1,0,0,0,0,0,0,0,3.9,1,0,0,0,CRITICAL
CVE-2014-2072,90,12,0,1,0,0,0,0,0,0,3.9,1,0,0,0,CRITICAL
CVE-2016-6589,127,20,0,0,0,0,0,1,0,0,2.8,1,0,0,0,MEDIUM
CVE-2016-6590,396,65,0,0,1,0,1,0,0,0,1.8,0,0,1,0,HIGH
CVE-2016-6591,192,28,0,0,0,0,0,0,0,0,0.7,0,0,0,1,HIGH
CVE-2016-6593,185,26,0,0,0,0,1,0,0,0,1.8,0,0,1,0,HIGH
CVE-2019-10778,248,37,1,0,0,0,1,0,0,0,3.9,1,0,0,0,CRITICAL
CVE-2019-17076,245,41,0,0,0,0,1,1,0,0,3.9,1,0,0,0,CRITICAL
CVE-2019-19518,197,29,0,0,0,0,0,0,0,0,3.9,1,0,0,0,CRITICAL
CVE-2019-5188,284,41,0,0,0,0,1,0,0,0,0.8,0,0,1,0,HIGH
CVE-2020-0009,374,53,0,0,0,0,0,0,0,0,1.8,0,0,1,0,MEDIUM
CVE-2014-5287,151,26,1,0,0,0,0,0,0,0,2.8,1,0,0,0,HIGH
CVE-2016-6586,236,35,0,0,0,0,0,0,0,0,2.2,1,0,0,0,LOW
CVE-2016-6588,131,19,0,0,0,1,0,0,0,0,2.3,1,0,0,0,MEDIUM
CVE-2019-10777,269,39,0,0,0,0,0,0,0,0,3.9,1,0,0,0,CRITICAL
CVE-2019-19544,301,47,0,0,0,0,0,0,0,1,1.8,0,0,1,0,HIGH
CVE-2019-20363,97,16,0,0,0,1,0,0,0,0,2.8,1,0,0,0,MEDIUM
CVE-2019-20364,102,14,0,0,0,1,0,0,0,0,2.8,1,0,0,0,MEDIUM
CVE-2019-20365,104,17,0,0,0,1,0,0,0,0,2.8,1,0,0,0,MEDIUM
CVE-2019-20366,104,16,0,0,0,1,0,0,0,0,2.8,1,0,0,0,MEDIUM
CVE-2019-20367,127,21,0,0,0,0,0,0,0,0,3.9,1,0,0,0,CRITICAL
CVE-2019-5082,426,57,0,1,0,0,1,0,1,0,3.9,1,0,0,0,CRITICAL
CVE-2016-6587,217,33,0,0,0,0,0,0,0,0,1.8,0,0,1,0,MEDIUM
CVE-2019-19495,326,53,0,0,0,0,0,0,0,1,3.9,1,0,0,0,CRITICAL
CVE-2020-5183,224,34,0,1,0,0,0,0,0,0,3.9,1,0,0,0,HIGH
CVE-2020-5510,112,16,1,0,0,0,0,0,0,0,3.9,1,0,0,0,CRITICAL
CVE-2020-5511,137,20,1,0,1,0,0,0,0,1,2.8,1,0,0,0,HIGH
CVE-2016-5346,311,46,0,0,0,0,0,0,0,0,1.8,0,0,1,0,MEDIUM
CVE-2016-6585,211,31,0,0,0,0,0,1,0,0,1.6,1,0,0,0,MEDIUM
CVE-2020-0001,346,42,0,0,0,0,0,0,0,0,1.8,0,0,1,0,HIGH
CVE-2020-0002,340,48,0,0,0,0,1,0,0,0,2.8,1,0,0,0,HIGH
CVE-2020-0003,334,44,0,0,0,0,0,0,0,0,0.8,0,0,1,0,MEDIUM
CVE-2020-0004,358,45,0,0,0,0,0,1,0,0,1.8,0,0,1,0,MEDIUM
CVE-2020-0006,399,51,0,0,0,0,0,0,0,0,2.8,1,0,0,0,MEDIUM
CVE-2020-0007,365,48,0,0,0,0,0,0,0,0,1.8,0,0,1,0,MEDIUM
CVE-2020-0008,375,48,0,0,0,0,0,0,0,0,1.0,0,0,1,0,MEDIUM
CVE-2019-11745,317,53,0,0,0,0,0,1,0,0,2.8,1,0,0,0,HIGH
CVE-2019-11756,171,26,0,0,0,0,0,1,0,0,2.8,1,0,0,0,HIGH
CVE-2019-11757,292,46,0,0,0,0,0,1,0,0,2.8,1,0,0,0,HIGH
CVE-2019-11758,370,60,0,1,0,0,0,0,0,0,2.8,1,0,0,0,HIGH
CVE-2019-11759,289,55,0,0,0,0,1,1,0,0,2.8,1,0,0,0,HIGH
CVE-2019-11760,234,36,0,1,0,0,0,1,0,0,2.8,1,0,0,0,HIGH
CVE-2019-11761,337,59,0,0,0,0,0,0,0,0,2.8,1,0,0,0,MEDIUM
CVE-2019-11762,272,38,0,0,0,0,0,0,0,0,2.8,1,0,0,0,MEDIUM
CVE-2019-11763,500,83,0,0,0,1,0,0,0,0,2.8,1,0,0,0,MEDIUM
CVE-2020-6583,295,47,0,0,0,1,0,0,0,1,2.8,1,0,0,0,MEDIUM
CVE-2019-11764,348,57,0,1,0,0,0,0,0,0,2.8,1,0,0,0,HIGH
CVE-2019-11765,380,60,0,0,0,0,0,0,0,0,2.8,1,0,0,0,MEDIUM
CVE-2019-17000,242,39,0,0,0,0,0,0,0,0,2.8,1,0,0,0,MEDIUM
CVE-2020-6609,94,12,0,0,0,0,0,0,0,0,2.8,1,0,0,0,HIGH
CVE-2020-6610,108,13,0,0,0,0,0,0,0,0,2.8,1,0,0,0,MEDIUM
CVE-2020-6611,89,12,0,0,0,0,0,0,0,0,2.8,1,0,0,0,MEDIUM
CVE-2020-6612,101,12,0,0,0,0,0,0,0,0,2.8,1,0,0,0,HIGH
CVE-2020-6613,91,12,0,0,0,0,0,0,0,0,2.8,1,0,0,0,HIGH
CVE-2020-6614,82,12,0,0,0,0,0,0,0,0,2.8,1,0,0,0,HIGH
CVE-2020-6615,139,17,0,0,0,0,0,0,0,0,2.8,1,0,0,0,MEDIUM
CVE-2019-17001,335,48,0,0,0,1,0,0,0,0,2.8,1,0,0,0,MEDIUM
CVE-2019-17002,202,32,0,0,0,0,0,0,0,0,2.8,1,0,0,0,MEDIUM
CVE-2019-17005,309,49,0,1,0,0,0,1,0,0,2.8,1,0,0,0,HIGH
CVE-2019-17008,217,32,0,0,0,0,0,1,0,0,2.8,1,0,0,0,HIGH
CVE-2019-17009,416,63,0,0,0,0,0,0,0,0,1.8,0,0,1,0,HIGH
CVE-2019-17010,284,40,0,0,0,0,0,1,0,0,1.6,1,0,0,0,HIGH
CVE-2019-17011,272,41,0,0,0,0,0,1,0,0,1.6,1,0,0,0,HIGH
CVE-2019-17012,333,55,0,1,0,0,0,0,0,0,2.8,1,0,0,0,HIGH
CVE-2019-17013,268,43,0,1,0,0,0,0,0,0,2.8,1,0,0,0,HIGH
CVE-2019-17014,213,35,0,0,0,0,0,0,0,0,2.8,1,0,0,0,HIGH
CVE-2019-17015,323,50,0,1,0,0,0,1,0,0,2.8,1,0,0,0,HIGH
CVE-2019-17016,292,46,1,0,0,0,0,0,0,0,2.8,1,0,0,0,MEDIUM
CVE-2019-17017,259,44,0,0,0,0,0,1,0,0,2.8,1,0,0,0,HIGH
CVE-2019-17018,175,28,0,0,0,0,0,0,0,0,3.9,1,0,0,0,MEDIUM
CVE-2019-17019,338,56,0,0,0,0,0,0,0,0,2.8,1,0,0,0,HIGH
CVE-2019-17020,371,64,0,0,0,0,0,0,0,0,2.8,1,0,0,0,MEDIUM
CVE-2019-17021,308,49,0,0,0,0,0,0,0,0,1.6,1,0,0,0,MEDIUM
CVE-2019-17022,557,91,1,0,0,1,0,0,0,0,2.8,1,0,0,0,MEDIUM
CVE-2019-17023,291,47,0,0,0,0,0,0,0,0,2.8,1,0,0,0,MEDIUM
CVE-2019-17024,312,52,0,1,0,0,0,0,0,0,2.8,1,0,0,0,HIGH
CVE-2019-17025,268,43,0,1,0,0,0,0,0,0,2.8,1,0,0,0,HIGH
CVE-2019-9812,482,76,0,0,0,0,0,1,0,0,2.8,1,0,0,0,CRITICAL
CVE-2011-5018,72,10,0,0,0,1,0,0,0,0,2.8,1,0,0,0,MEDIUM
CVE-2011-5247,113,16,0,0,0,0,0,0,0,0,3.9,1,0,0,0,HIGH
CVE-2011-5250,59,11,0,0,0,0,0,0,0,0,2.8,1,0,0,0,MEDIUM
CVE-2011-5266,109,13,1,0,0,0,0,0,0,0,3.9,1,0,0,0,CRITICAL
CVE-2020-6617,75,10,0,0,0,0,0,0,0,0,2.8,1,0,0,0,HIGH
CVE-2020-6618,87,11,0,0,0,0,0,0,0,0,2.8,1,0,0,0,HIGH
CVE-2020-6619,76,10,0,0,0,0,0,0,0,0,2.8,1,0,0,0,HIGH
CVE-2020-6620,85,11,0,0,0,0,0,0,0,0,2.8,1,0,0,0,HIGH
CVE-2020-6621,78,11,0,0,0,0,0,0,0,0,2.8,1,0,0,0,HIGH
CVE-2020-6622,86,11,0,0,0,0,0,0,0,0,2.8,1,0,0,0,HIGH
CVE-2020-6623,81,10,0,0,0,0,0,0,0,0,2.8,1,0,0,0,HIGH
CVE-2019-11292,286,47,0,0,0,0,0,0,0,0,2.8,1,0,0,0,MEDIUM
CVE-2020-6624,83,12,0,0,0,0,0,0,0,0,1.8,0,0,1,0,HIGH
CVE-2020-6625,108,16,0,0,0,0,0,0,0,0,1.8,0,0,1,0,HIGH
CVE-2020-5205,290,46,0,0,0,0,0,0,0,0,1.3,1,0,0,0,MEDIUM
CVE-2020-6628,109,15,0,0,0,0,0,0,0,0,2.8,1,0,0,0,HIGH
CVE-2020-6629,106,15,0,0,0,0,0,0,0,0,2.8,1,0,0,0,MEDIUM
CVE-2020-6630,153,20,0,0,0,0,0,0,0,0,1.8,0,0,1,0,MEDIUM
CVE-2020-6631,154,20,0,0,0,0,0,0,0,0,1.8,0,0,1,0,MEDIUM
CVE-2020-6632,210,22,0,0,0,1,0,0,0,0,2.8,1,0,0,0,MEDIUM
CVE-2014-2650,143,23,1,0,0,0,0,0,0,0,3.9,1,0,0,0,CRITICAL
CVE-2014-2651,137,21,0,0,1,0,0,0,0,0,3.9,1,0,0,0,CRITICAL
CVE-2014-2686,65,10,0,0,0,0,0,0,0,0,3.9,1,0,0,0,HIGH
CVE-2019-19494,572,81,0,1,0,0,1,0,0,0,2.8,1,0,0,0,HIGH
CVE-2020-5308,247,32,0,0,0,1,0,0,0,0,2.8,1,0,0,0,MEDIUM
CVE-2014-3211,64,11,0,0,0,0,0,1,0,0,3.9,1,0,0,0,HIGH
CVE-2014-3447,75,11,0,0,0,0,0,1,0,0,3.9,1,0,0,0,HIGH
CVE-2014-3448,107,15,0,0,0,0,1,0,1,0,3.9,1,0,0,0,CRITICAL
CVE-2014-3449,73,9,0,0,1,0,0,0,0,0,3.9,1,0,0,0,CRITICAL
CVE-2014-3753,68,8,0,0,0,0,0,0,0,0,1.8,0,0,1,0,MEDIUM
CVE-2019-19332,375,61,0,0,0,0,0,1,0,0,1.8,0,0,1,0,MEDIUM
CVE-2019-20224,288,38,0,0,0,0,0,0,0,0,2.8,1,0,0,0,HIGH
CVE-2019-14918,263,34,0,0,0,1,1,0,0,0,2.3,1,0,0,0,MEDIUM
CVE-2019-14919,231,34,0,0,0,0,0,0,0,1,1.8,0,0,1,0,HIGH
CVE-2019-14920,199,25,0,0,0,0,0,0,0,1,2.8,1,0,0,0,HIGH
CVE-2019-4651,259,39,1,0,0,0,0,0,0,0,3.9,1,0,0,0,CRITICAL
CVE-2020-1787,357,54,0,0,0,0,0,0,0,0,0.7,0,0,0,1,MEDIUM
CVE-2020-1826,263,37,0,0,0,0,0,0,0,1,0.8,0,0,1,0,MEDIUM
CVE-2020-1786,368,54,0,0,0,0,0,0,0,0,0.9,0,0,0,1,MEDIUM
CVE-2020-1810,257,40,0,0,0,0,0,0,0,0,3.9,1,0,0,0,MEDIUM
CVE-2019-6320,291,44,0,0,0,0,0,1,0,0,2.8,1,0,0,0,HIGH
CVE-2019-6330,188,26,0,0,0,0,0,0,0,0,3.9,1,0,0,0,CRITICAL
CVE-2019-6331,190,25,0,0,0,0,0,0,0,0,1.8,0,0,1,0,LOW
CVE-2019-6332,1281,192,0,0,0,1,0,0,0,0,1.7,1,0,0,0,MEDIUM
CVE-2020-1925,405,69,0,0,0,0,0,0,0,0,3.9,1,0,0,0,HIGH
CVE-2020-6167,215,35,0,0,0,1,0,0,0,0,2.8,1,0,0,0,HIGH
CVE-2012-1258,273,34,0,0,0,0,0,0,0,1,2.8,1,0,0,0,MEDIUM
CVE-2012-1259,444,52,1,0,0,0,0,0,0,0,3.9,1,0,0,0,CRITICAL
CVE-2012-1260,403,54,0,0,0,1,0,0,0,1,2.8,1,0,0,0,MEDIUM
CVE-2012-1261,281,34,0,0,0,1,0,0,0,0,2.8,1,0,0,0,MEDIUM
CVE-2012-2714,173,24,0,0,0,0,0,0,0,0,3.9,1,0,0,0,CRITICAL
CVE-2012-2724,298,40,0,0,0,0,0,0,0,0,3.9,1,0,0,0,MEDIUM
CVE-2016-5311,390,52,0,0,1,0,0,0,0,1,1.8,0,0,1,0,HIGH
CVE-2019-6319,283,43,0,0,0,0,0,1,0,0,2.8,1,0,0,0,HIGH
CVE-2020-6166,184,27,0,0,0,0,0,0,0,0,2.8,1,0,0,0,MEDIUM
CVE-2020-6168,289,42,0,0,0,0,0,0,0,0,2.8,1,0,0,0,HIGH
CVE-2020-6750,508,79,0,0,0,0,0,0,0,0,2.2,1,0,0,0,MEDIUM
CVE-2010-3282,335,46,0,0,0,0,0,0,0,0,1.8,0,0,1,0,LOW
CVE-2012-1915,108,15,0,0,0,1,0,0,0,0,2.8,1,0,0,0,MEDIUM
CVE-2012-2142,174,27,0,0,0,0,0,0,0,0,1.8,0,0,1,0,HIGH
CVE-2012-2226,195,28,0,0,0,0,1,0,0,0,3.9,1,0,0,0,CRITICAL
CVE-2012-2931,158,22,1,0,0,0,0,0,0,1,1.2,1,0,0,0,HIGH
CVE-2012-3490,402,56,0,0,0,0,0,0,0,1,2.8,1,0,0,0,HIGH
CVE-2012-4434,132,20,0,0,0,0,1,1,0,0,2.8,1,0,0,0,HIGH
CVE-2012-5558,294,43,0,0,0,1,0,0,0,0,1.7,1,0,0,0,MEDIUM
CVE-2019-18859,60,12,0,0,0,1,0,0,0,0,2.8,1,0,0,0,MEDIUM
CVE-2019-20180,239,36,1,0,0,0,0,0,0,0,0.9,1,0,0,0,MEDIUM
CVE-2019-20372,233,35,0,0,0,0,0,0,1,0,3.9,1,0,0,0,MEDIUM
CVE-2012-2950,186,26,0,0,0,0,0,0,0,0,2.2,1,0,0,0,HIGH
CVE-2012-3806,154,21,0,0,0,0,0,1,0,0,3.9,1,0,0,0,HIGH
CVE-2012-3807,67,8,0,0,0,0,0,0,0,0,3.9,1,0,0,0,CRITICAL
CVE-2012-3808,70,8,0,0,0,0,0,0,0,0,3.9,1,0,0,0,HIGH
CVE-2012-3809,75,8,0,0,0,0,0,0,0,0,3.9,1,0,0,0,HIGH
CVE-2012-3810,64,7,0,0,0,0,0,0,0,0,3.9,1,0,0,0,HIGH
CVE-2019-20178,87,12,0,0,0,0,0,0,0,0,2.8,1,0,0,0,MEDIUM
CVE-2019-20179,71,10,1,0,0,0,0,0,0,0,2.8,1,0,0,0,HIGH
CVE-2019-20181,87,12,0,0,0,1,0,0,0,0,1.7,1,0,0,0,MEDIUM
CVE-2019-20182,82,12,0,0,0,1,0,0,0,0,1.7,1,0,0,0,MEDIUM
CVE-2019-20183,221,33,0,0,0,0,0,0,0,0,1.2,1,0,0,0,HIGH
CVE-2019-20184,70,13,1,0,0,0,0,0,0,0,1.8,0,0,1,0,HIGH
CVE-2020-5504,270,48,1,0,0,0,0,0,0,0,2.8,1,0,0,0,HIGH
CVE-2019-20373,214,34,0,0,0,0,0,0,0,1,1.8,0,0,1,0,HIGH
CVE-2019-20374,440,69,0,0,0,1,1,0,0,0,2.8,1,0,0,0,CRITICAL
CVE-2020-6756,163,19,0,0,0,0,0,0,1,0,3.9,1,0,0,0,CRITICAL
CVE-2020-6757,167,19,0,0,0,0,0,0,0,0,2.8,1,0,0,0,HIGH
CVE-2020-6758,224,28,0,0,0,1,0,0,0,0,2.8,1,0,0,0,MEDIUM
CVE-2019-20375,208,31,0,0,0,1,0,0,0,0,2.8,1,0,0,0,MEDIUM
CVE-2019-20376,179,27,0,0,0,1,0,0,0,0,2.8,1,0,0,0,MEDIUM
CVE-2014-5011,50,6,0,0,0,0,0,0,0,0,2.8,1,0,0,0,MEDIUM
CVE-2014-5012,45,7,0,0,0,0,0,1,0,0,2.8,1,0,0,0,MEDIUM
CVE-2014-5013,83,12,0,0,0,0,1,0,0,0,2.8,1,0,0,0,HIGH
CVE-2014-4530,37,7,0,0,0,1,0,0,0,0,2.8,1,0,0,0,MEDIUM
CVE-2014-4982,84,14,1,0,0,0,0,0,0,0,3.9,1,0,0,0,CRITICAL
CVE-2014-4984,52,9,1,0,0,0,0,0,0,0,3.9,1,0,0,0,CRITICAL
CVE-2014-5081,107,16,0,0,1,0,0,0,0,0,3.9,1,0,0,0,CRITICAL
CVE-2011-4595,42,6,0,0,0,1,0,0,0,0,2.8,1,0,0,0,MEDIUM
CVE-2013-6231,82,13,0,0,1,0,0,0,0,0,2.8,1,0,0,0,HIGH
CVE-2013-6430,354,48,0,0,0,1,0,0,0,0,2.3,1,0,0,0,MEDIUM
CVE-2013-7380,85,11,1,0,0,0,0,0,0,0,3.9,1,0,0,0,CRITICAL
CVE-2014-4561,53,8,0,0,0,1,0,0,0,0,2.8,1,0,0,0,MEDIUM
CVE-2014-5092,69,7,0,0,0,0,0,0,0,0,2.8,1,0,0,0,HIGH
CVE-2014-5093,73,10,0,0,0,0,0,0,0,0,3.9,1,0,0,0,CRITICAL
CVE-2020-1765,361,46,0,0,0,0,0,0,0,0,2.1,1,0,0,0,LOW
CVE-2020-1766,391,61,0,0,0,0,0,0,0,0,0.5,1,0,0,0,LOW
CVE-2020-1767,372,67,0,0,0,0,0,0,0,0,2.1,1,0,0,0,LOW
CVE-2019-4508,152,25,0,0,0,0,0,0,0,0,1.8,0,0,1,0,HIGH
CVE-2019-4559,182,28,0,0,0,0,0,0,1,0,3.9,1,0,0,0,MEDIUM
CVE-2012-3822,155,20,0,0,0,0,0,0,1,0,3.9,1,0,0,0,HIGH
CVE-2012-3823,100,15,0,0,0,0,0,0,0,0,3.9,1,0,0,0,HIGH
CVE-2012-3824,116,14,0,0,0,0,0,0,1,0,3.9,1,0,0,0,HIGH
CVE-2012-4030,156,23,0,0,0,0,0,0,0,0,3.9,1,0,0,0,HIGH
CVE-2019-19820,281,38,0,0,1,0,1,0,0,0,1.8,0,0,1,0,HIGH
CVE-2020-6162,208,31,0,0,0,0,0,0,0,0,3.9,1,0,0,0,CRITICAL
CVE-2019-14301,74,13,0,0,0,0,0,0,0,0,3.9,1,0,0,0,HIGH
CVE-2019-14302,58,12,0,0,0,0,0,0,0,0,0.9,0,0,0,1,MEDIUM
CVE-2019-14304,40,7,0,0,0,0,0,0,0,0,2.8,1,0,0,0,HIGH
CVE-2019-14306,74,13,0,0,0,0,0,0,0,0,3.9,1,0,0,0,HIGH
CVE-2019-18194,190,28,0,0,1,0,0,0,0,0,1.8,0,0,1,0,HIGH
CVE-2019-19817,183,20,0,0,0,0,0,0,0,0,1.8,0,0,1,0,MEDIUM
CVE-2019-19819,190,21,0,0,0,0,0,0,0,0,1.8,0,0,1,0,MEDIUM
CVE-2011-5020,85,14,1,0,0,0,0,0,0,0,3.9,1,0,0,0,CRITICAL
CVE-2019-18588,374,51,0,0,0,1,0,0,0,0,2.3,1,0,0,0,MEDIUM
CVE-2012-3821,182,26,0,0,0,0,0,0,0,0,2.8,1,0,0,0,MEDIUM
CVE-2012-4284,215,34,0,0,1,0,1,0,0,0,3.9,1,0,0,0,CRITICAL
CVE-2012-4603,251,41,0,0,0,0,1,0,0,0,1.8,0,0,1,0,HIGH
CVE-2020-6835,120,18,0,0,0,0,0,0,0,0,3.9,1,0,0,0,CRITICAL
CVE-2019-13767,200,32,0,0,0,0,0,0,0,0,2.8,1,0,0,0,HIGH
CVE-2019-19475,445,66,0,0,1,0,0,0,0,0,2.8,1,0,0,0,HIGH
CVE-2020-6377,153,25,0,0,0,0,0,0,0,0,2.8,1,0,0,0,HIGH
CVE-2020-6836,354,55,1,0,0,0,0,0,0,0,3.9,1,0,0,0,CRITICAL
CVE-2019-20378,96,14,0,0,0,1,0,0,0,0,2.8,1,0,0,0,MEDIUM
CVE-2019-20379,96,14,0,0,0,1,0,0,0,0,2.8,1,0,0,0,MEDIUM
CVE-2020-6838,101,11,0,0,0,0,0,0,0,0,3.9,1,0,0,0,CRITICAL
CVE-2020-6839,89,13,0,1,0,0,0,0,0,0,3.9,1,0,0,0,CRITICAL
CVE-2020-6840,97,11,0,0,0,0,0,0,0,0,3.9,1,0,0,0,CRITICAL
CVE-2019-20377,49,8,0,0,0,1,0,0,0,0,2.8,1,0,0,0,MEDIUM
CVE-2020-6847,151,22,0,0,0,1,0,0,0,1,2.3,1,0,0,0,MEDIUM
CVE-2020-6848,115,18,0,0,0,1,0,0,0,0,2.8,1,0,0,0,MEDIUM
CVE-2020-6851,166,18,0,1,0,0,0,0,0,0,3.9,1,0,0,0,HIGH
CVE-2020-6860,134,19,0,1,0,0,0,0,0,0,2.8,1,0,0,0,HIGH
CVE-2014-5380,66,12,0,0,0,0,0,0,0,0,3.9,1,0,0,0,HIGH
CVE-2014-5381,52,10,0,0,0,0,0,0,0,0,3.9,1,0,0,0,CRITICAL
CVE-2014-6038,168,23,0,0,0,0,0,0,0,0,3.9,1,0,0,0,HIGH
CVE-2014-6039,137,19,0,0,0,0,0,0,0,0,3.9,1,0,0,0,HIGH
CVE-2014-6059,99,13,0,0,0,0,0,0,0,0,1.2,1,0,0,0,HIGH
CVE-2011-2670,91,15,0,0,0,1,0,0,0,0,2.8,1,0,0,0,MEDIUM
CVE-2013-6225,59,8,0,0,0,0,1,0,0,0,3.9,1,0,0,0,CRITICAL
CVE-2021-45929,101,13,0,0,0,0,0,0,0,0,1.8,0,0,1,0,MEDIUM
CVE-2021-45944,132,15,0,0,0,0,0,0,0,0,1.8,0,0,1,0,MEDIUM
CVE-2021-45946,116,13,0,0,0,0,0,0,0,0,1.8,0,0,1,0,MEDIUM
CVE-2021-45947,112,13,0,0,0,0,0,0,0,0,1.8,0,0,1,0,MEDIUM
CVE-2021-45948,162,21,0,1,0,0,0,0,0,0,1.8,0,0,1,0,MEDIUM
CVE-2021-45949,144,17,0,1,0,0,0,0,0,0,1.8,0,0,1,0,MEDIUM
CVE-2021-45950,143,15,0,0,0,0,0,0,0,0,2.8,1,0,0,0,MEDIUM
CVE-2021-45951,280,34,0,1,0,0,0,0,0,0,3.9,1,0,0,0,CRITICAL
CVE-2021-45952,243,34,0,1,0,0,0,0,0,0,3.9,1,0,0,0,CRITICAL
CVE-2021-45953,251,34,0,1,0,0,0,0,0,0,3.9,1,0,0,0,CRITICAL
CVE-2021-45954,245,34,0,1,0,0,0,0,0,0,3.9,1,0,0,0,CRITICAL
CVE-2021-45955,424,60,0,1,0,0,0,0,0,0,3.9,1,0,0,0,CRITICAL
CVE-2021-45956,243,34,0,1,0,0,0,0,0,0,3.9,1,0,0,0,CRITICAL
CVE-2021-45957,262,34,0,1,0,0,0,0,0,0,3.9,1,0,0,0,CRITICAL
CVE-2021-45958,189,25,0,1,0,0,0,0,0,0,1.8,0,0,1,0,MEDIUM
CVE-2021-45926,166,19,0,1,0,0,0,0,0,0,1.8,0,0,1,0,HIGH
CVE-2021-45927,166,19,0,1,0,0,0,0,0,0,1.8,0,0,1,0,HIGH
CVE-2021-45928,260,23,0,0,0,0,0,0,0,0,1.8,0,0,1,0,MEDIUM
CVE-2021-45930,214,22,0,0,0,0,0,0,0,0,1.8,0,0,1,0,MEDIUM
CVE-2021-45931,149,13,0,0,0,0,0,0,0,0,2.8,1,0,0,0,MEDIUM
CVE-2021-45932,152,17,0,1,0,0,0,0,0,0,1.8,0,0,1,0,MEDIUM
CVE-2021-45933,152,17,0,1,0,0,0,0,0,0,1.8,0,0,1,0,MEDIUM
CVE-2021-45934,143,15,0,1,0,0,0,0,0,0,1.8,0,0,1,0,MEDIUM
CVE-2021-45935,209,14,0,1,0,0,0,0,0,0,1.8,0,0,1,0,MEDIUM
CVE-2021-45936,141,15,0,1,0,0,0,0,0,0,1.8,0,0,1,0,MEDIUM
CVE-2021-45937,138,15,0,1,0,0,0,0,0,0,1.8,0,0,1,0,MEDIUM
CVE-2021-45938,142,15,0,1,0,0,0,0,0,0,1.8,0,0,1,0,MEDIUM
CVE-2021-45939,140,15,0,1,0,0,0,0,0,0,1.8,0,0,1,0,MEDIUM
CVE-2021-45940,147,18,0,1,0,0,0,0,0,0,2.8,1,0,0,0,MEDIUM
CVE-2021-45941,147,18,0,1,0,0,0,0,0,0,2.8,1,0,0,0,MEDIUM
CVE-2021-45942,240,21,0,1,0,0,0,0,0,0,1.8,0,0,1,0,MEDIUM
CVE-2021-45943,201,16,0,1,0,0,0,0,0,0,1.8,0,0,1,0,MEDIUM
CVE-2021-41817,175,29,0,0,0,0,0,1,0,0,3.9,1,0,0,0,HIGH
CVE-2021-44716,151,21,0,0,0,0,0,0,0,0,3.9,1,0,0,0,HIGH
CVE-2021-44717,222,33,0,0,0,0,0,0,0,0,2.2,1,0,0,0,MEDIUM
CVE-2021-41819,139,21,0,0,0,0,0,0,0,0,3.9,1,0,0,0,HIGH
CVE-2021-43333,158,21,0,0,0,0,0,0,0,0,3.9,1,0,0,0,MEDIUM
CVE-2021-44852,343,52,0,0,0,0,0,0,0,0,1.8,0,0,1,0,HIGH
CVE-2021-45960,203,34,0,0,0,0,0,0,0,0,2.8,1,0,0,0,HIGH
CVE-2021-45972,263,43,0,1,0,0,0,0,0,0,1.8,0,0,1,0,HIGH
CVE-2021-44896,36,6,0,0,0,1,0,0,0,0,2.8,1,0,0,0,MEDIUM
CVE-2022-22293,113,13,1,0,0,0,0,0,0,0,2.3,1,0,0,0,MEDIUM
CVE-2022-0080,49,7,0,1,0,0,0,0,0,0,3.9,1,0,0,0,CRITICAL
CVE-2021-36751,255,38,0,0,0,0,0,0,0,0,0.5,0,0,0,1,MEDIUM
CVE-2022-0079,85,11,0,0,0,0,0,0,0,0,3.9,1,0,0,0,MEDIUM
CVE-2021-25981,362,51,0,0,0,0,0,0,0,1,3.9,1,0,0,0,CRITICAL
CVE-2021-25994,284,43,1,0,0,0,0,0,1,0,2.8,1,0,0,0,HIGH
CVE-2020-11263,263,34,0,1,0,0,0,0,0,0,1.5,0,0,1,0,HIGH
CVE-2021-1894,288,37,0,0,0,0,0,0,0,0,1.8,0,0,1,0,HIGH
CVE-2021-1918,166,22,0,0,0,0,0,0,0,0,2.0,0,0,1,0,MEDIUM
CVE-2021-30262,302,42,0,0,0,0,0,0,0,0,2.5,0,0,1,0,HIGH
CVE-2021-30267,232,30,0,1,0,0,0,0,0,0,1.8,0,0,1,0,HIGH
CVE-2021-30268,289,38,0,1,0,0,0,0,0,0,1.8,0,0,1,0,HIGH
CVE-2021-30269,325,40,0,0,0,0,0,0,0,0,2.5,0,0,1,0,HIGH
CVE-2021-30270,336,43,0,0,0,0,0,0,0,0,2.5,0,0,1,0,HIGH
CVE-2021-30271,367,45,0,0,0,0,0,0,0,0,2.5,0,0,1,0,HIGH
CVE-2021-30272,374,46,0,0,0,0,0,0,0,0,2.5,0,0,1,0,HIGH
CVE-2021-30273,221,29,0,0,0,0,0,0,0,0,3.9,1,0,0,0,HIGH
CVE-2021-30274,302,38,0,1,0,0,0,0,0,0,2.5,0,0,1,0,HIGH
CVE-2021-30275,303,39,0,1,0,0,0,0,0,0,2.5,0,0,1,0,CRITICAL
CVE-2021-30276,268,33,0,0,0,0,0,0,1,0,2.5,0,0,1,0,CRITICAL
CVE-2021-30278,289,35,0,0,0,0,0,0,0,0,2.5,0,0,1,0,HIGH
CVE-2021-30279,277,33,0,0,0,0,0,0,0,0,1.8,0,0,1,0,HIGH
CVE-2021-30282,300,40,0,0,0,0,0,0,0,0,2.5,0,0,1,0,HIGH
CVE-2021-30283,170,24,0,0,0,0,0,1,0,0,2.5,0,0,1,0,HIGH
CVE-2021-30289,261,36,0,1,0,0,0,0,0,0,1.8,0,0,1,0,HIGH
CVE-2021-30293,189,24,0,0,0,0,0,0,0,0,3.9,1,0,0,0,HIGH
CVE-2021-30298,328,46,0,0,0,0,0,0,0,0,0.8,0,0,1,0,MEDIUM
CVE-2021-30303,353,44,0,1,0,0,0,0,0,0,1.8,0,0,1,0,HIGH
CVE-2021-30335,355,44,0,0,0,0,0,0,0,0,2.5,0,0,1,0,HIGH
CVE-2021-30336,221,30,0,0,0,0,0,0,0,0,2.5,0,0,1,0,HIGH
CVE-2021-30337,348,45,0,0,0,0,0,0,0,0,2.5,0,0,1,0,HIGH
CVE-2021-30348,291,36,0,0,0,0,0,1,0,0,2.8,0,1,0,0,MEDIUM
CVE-2021-30351,352,47,0,0,0,0,0,0,0,0,3.9,1,0,0,0,CRITICAL
CVE-2021-35093,143,24,0,1,0,0,0,1,0,0,2.8,0,1,0,0,MEDIUM
CVE-2021-44158,249,36,0,1,0,0,1,0,0,0,2.1,0,1,0,0,HIGH
CVE-2021-45916,224,32,0,0,0,0,0,0,0,0,2.1,0,1,0,0,LOW
CVE-2021-45917,385,53,0,0,0,0,1,0,0,0,2.1,0,1,0,0,HIGH
CVE-2021-24680,308,45,0,0,0,1,0,0,0,0,2.3,1,0,0,0,MEDIUM
CVE-2021-24786,208,34,1,0,0,0,0,0,0,0,1.2,1,0,0,0,HIGH
CVE-2021-24828,261,41,0,0,0,1,0,0,0,0,2.3,1,0,0,0,MEDIUM
CVE-2021-24831,233,33,0,0,0,0,0,0,1,0,3.9,1,0,0,0,HIGH
CVE-2021-24893,272,41,0,0,0,0,0,1,1,0,3.9,1,0,0,0,HIGH
CVE-2021-24963,189,31,0,0,0,1,0,0,0,0,1.7,1,0,0,0,MEDIUM
CVE-2021-24964,519,81,0,0,0,1,0,0,1,0,2.8,1,0,0,0,MEDIUM
CVE-2021-24973,314,45,0,0,0,1,0,0,1,0,2.8,1,0,0,0,MEDIUM
CVE-2021-24991,232,36,0,0,0,1,0,0,0,0,1.7,1,0,0,0,MEDIUM
CVE-2021-24999,246,37,0,0,0,1,0,0,0,0,2.8,1,0,0,0,MEDIUM
CVE-2021-25000,248,36,0,0,0,1,0,0,0,0,2.8,1,0,0,0,MEDIUM
CVE-2021-25001,273,38,0,0,0,1,0,0,0,0,2.8,1,0,0,0,MEDIUM
CVE-2021-25016,225,35,0,0,0,1,0,0,0,0,2.8,1,0,0,0,MEDIUM
CVE-2021-25020,236,36,0,0,0,0,0,0,0,0,1.2,1,0,0,0,MEDIUM
CVE-2021-25021,233,36,0,0,0,0,0,0,0,0,1.2,1,0,0,0,MEDIUM
CVE-2021-25022,235,32,0,0,0,1,0,0,0,0,2.8,1,0,0,0,MEDIUM
CVE-2021-25023,231,35,1,0,0,0,0,0,0,0,1.2,1,0,0,0,HIGH
CVE-2021-25027,214,33,0,0,0,1,0,0,0,0,2.8,1,0,0,0,MEDIUM
CVE-2021-25030,313,52,1,0,0,0,0,0,0,0,2.8,1,0,0,0,HIGH
CVE-2021-25040,194,29,0,0,0,1,0,0,0,0,2.8,1,0,0,0,MEDIUM
CVE-2021-44674,180,25,0,0,0,0,0,0,0,0,2.8,1,0,0,0,MEDIUM
CVE-2021-45428,169,26,0,0,0,0,0,0,0,0,3.9,1,0,0,0,CRITICAL
CVE-2021-3837,48,6,0,0,0,0,0,0,0,0,2.8,1,0,0,0,MEDIUM
CVE-2021-46109,143,21,0,0,0,1,0,0,0,0,2.8,1,0,0,0,MEDIUM
CVE-2020-23026,109,18,0,0,0,0,0,1,0,0,3.9,1,0,0,0,HIGH
CVE-2021-20147,238,32,0,0,0,0,0,0,1,0,3.9,1,0,0,0,MEDIUM
CVE-2021-20148,421,68,0,0,0,0,0,0,0,1,2.8,1,0,0,0,MEDIUM
CVE-2021-37098,139,17,0,0,0,0,0,1,0,0,3.9,1,0,0,0,HIGH
CVE-2021-37110,128,16,0,0,0,0,0,0,0,0,3.9,1,0,0,0,HIGH
CVE-2021-37111,128,16,0,0,0,0,0,0,0,0,3.9,1,0,0,0,HIGH
CVE-2021-37112,159,21,0,0,0,0,0,0,0,0,3.9,1,0,0,0,MEDIUM
CVE-2021-37113,172,21,0,0,1,0,0,0,0,0,3.9,1,0,0,0,HIGH
CVE-2021-37114,140,16,0,0,0,0,0,0,0,0,3.9,1,0,0,0,MEDIUM
CVE-2021-37116,165,23,0,0,0,0,0,0,0,0,3.9,1,0,0,0,CRITICAL
CVE-2021-37117,118,16,0,0,0,0,0,1,0,0,3.9,1,0,0,0,HIGH
CVE-2021-37118,159,20,0,0,0,0,0,0,0,0,3.9,1,0,0,0,MEDIUM
CVE-2021-37119,118,16,0,0,0,0,0,1,0,0,3.9,1,0,0,0,HIGH
CVE-2021-37120,146,20,0,0,1,0,0,1,0,0,3.9,1,0,0,0,CRITICAL
CVE-2021-37121,132,17,0,0,0,0,0,0,0,0,3.9,1,0,0,0,CRITICAL
CVE-2021-37125,179,23,0,0,0,0,0,0,1,0,3.9,1,0,0,0,HIGH
CVE-2021-37126,178,24,0,0,0,0,0,0,1,0,3.9,1,0,0,0,HIGH
CVE-2021-37128,115,15,0,0,0,0,0,0,0,0,3.9,1,0,0,0,CRITICAL
CVE-2021-37132,230,29,0,0,0,0,0,0,0,0,3.9,1,0,0,0,MEDIUM
CVE-2021-37133,147,17,0,0,0,0,0,0,1,0,3.9,1,0,0,0,HIGH
CVE-2021-37134,191,22,0,0,0,0,0,0,0,0,2.2,1,0,0,0,HIGH
CVE-2021-38576,205,36,0,0,0,0,0,1,0,0,3.9,1,0,0,0,HIGH
CVE-2021-39966,143,17,0,0,0,0,0,0,0,0,3.9,1,0,0,0,HIGH
CVE-2021-39967,213,25,0,0,0,0,0,0,0,0,3.9,1,0,0,0,HIGH
CVE-2021-39968,160,22,0,0,0,0,0,0,0,0,3.9,1,0,0,0,HIGH
CVE-2021-39969,147,17,0,0,0,0,0,0,1,0,3.9,1,0,0,0,HIGH
CVE-2021-39970,157,20,0,0,0,0,0,0,0,0,3.9,1,0,0,0,HIGH
CVE-2021-39971,166,19,0,0,0,0,0,0,0,0,3.9,1,0,0,0,HIGH
CVE-2021-39972,171,19,0,0,0,0,0,0,1,0,3.9,1,0,0,0,HIGH
CVE-2021-39973,132,19,0,0,0,0,0,0,0,0,3.9,1,0,0,0,HIGH
CVE-2021-39974,127,15,0,0,0,0,0,0,0,0,3.9,1,0,0,0,HIGH
CVE-2021-39975,135,17,0,0,0,0,0,1,0,0,3.9,1,0,0,0,HIGH
CVE-2021-39977,146,19,0,0,0,0,0,0,0,0,3.9,1,0,0,0,HIGH
CVE-2021-39978,140,17,1,0,0,0,0,0,0,0,3.9,1,0,0,0,HIGH
CVE-2021-39979,126,16,1,0,0,0,0,0,0,0,3.9,1,0,0,0,CRITICAL
CVE-2021-39980,194,23,0,0,0,0,0,0,1,0,3.9,1,0,0,0,MEDIUM
CVE-2021-39981,188,27,0,0,0,0,0,0,0,0,3.9,1,0,0,0,MEDIUM
CVE-2021-39982,203,25,0,0,0,0,0,0,0,0,3.9,1,0,0,0,CRITICAL
CVE-2021-39983,144,19,0,0,0,0,0,0,0,0,3.9,1,0,0,0,HIGH
CVE-2021-39984,132,17,0,0,0,0,0,1,0,0,3.9,1,0,0,0,HIGH
CVE-2021-39985,156,21,0,0,0,0,0,0,0,0,3.9,1,0,0,0,HIGH
CVE-2021-39987,144,19,0,0,0,0,0,0,0,0,3.9,1,0,0,0,HIGH
CVE-2021-39988,146,19,0,0,0,0,0,0,0,0,3.9,1,0,0,0,HIGH
CVE-2021-39989,180,24,0,0,0,0,0,0,1,0,3.9,1,0,0,0,HIGH
CVE-2021-39990,144,18,0,1,0,0,0,0,0,0,3.9,1,0,0,0,CRITICAL
CVE-2021-45829,83,13,0,0,0,0,0,1,0,0,1.8,0,0,1,0,MEDIUM
CVE-2021-43942,409,57,0,0,0,1,0,0,0,0,2.8,1,0,0,0,MEDIUM
CVE-2021-20868,1483,187,0,0,0,0,0,0,0,0,0.9,0,1,0,0,MEDIUM
CVE-2021-20869,1491,190,0,0,0,0,0,0,1,0,2.8,0,1,0,0,MEDIUM
CVE-2021-20870,1577,201,0,0,0,0,0,0,0,0,0.9,0,0,0,1,MEDIUM
CVE-2021-20871,1529,194,0,0,0,0,0,0,1,0,2.8,0,1,0,0,MEDIUM
CVE-2021-20872,1256,155,0,0,0,0,0,0,0,0,0.9,0,0,0,1,MEDIUM
CVE-2022-0083,92,11,0,0,0,0,0,0,0,0,3.9,1,0,0,0,MEDIUM
CVE-2021-34797,399,61,0,0,0,0,0,0,0,0,3.9,1,0,0,0,HIGH
CVE-2021-38542,236,36,1,0,0,0,0,0,0,0,2.2,1,0,0,0,MEDIUM
CVE-2021-40110,382,62,0,0,0,0,0,1,0,0,3.9,1,0,0,0,HIGH
CVE-2021-40111,497,79,0,0,0,0,0,1,0,0,2.8,1,0,0,0,MEDIUM
CVE-2021-40525,322,47,0,0,0,0,0,0,0,0,3.9,1,0,0,0,CRITICAL
CVE-2021-31833,491,76,0,0,0,0,0,0,0,0,1.8,0,0,1,0,HIGH
CVE-2021-44168,243,36,0,0,0,0,0,0,0,0,1.8,0,0,1,0,LOW
CVE-2021-43711,220,27,1,0,0,0,0,0,1,0,3.9,1,0,0,0,CRITICAL
CVE-2021-3842,63,8,0,0,0,0,0,0,0,0,3.9,1,0,0,0,HIGH
CVE-2021-45913,140,23,0,0,0,0,0,0,0,0,1.2,1,0,0,0,HIGH
CVE-2021-45978,138,23,0,0,0,0,1,0,0,0,1.8,0,0,1,0,HIGH
CVE-2021-45979,142,23,0,0,0,0,1,0,0,0,1.8,0,0,1,0,HIGH
CVE-2021-45980,135,23,0,0,0,0,1,0,0,0,1.8,0,0,1,0,HIGH
CVE-2021-40148,284,41,0,0,0,0,0,0,0,0,3.9,1,0,0,0,HIGH
CVE-2021-41789,299,46,0,0,0,0,0,1,0,0,2.8,0,1,0,0,MEDIUM
CVE-2021-45389,258,42,0,0,0,0,0,0,0,0,3.9,1,0,0,0,CRITICAL
CVE-2021-45912,182,25,0,0,0,0,0,0,1,0,1.8,0,0,1,0,HIGH
CVE-2022-20012,274,41,0,1,0,0,0,0,0,0,1.8,0,0,1,0,HIGH
CVE-2022-20013,264,40,0,1,0,0,0,0,0,0,0.5,0,0,1,0,MEDIUM
CVE-2022-20014,273,40,0,1,0,0,0,0,0,0,0.8,0,0,1,0,MEDIUM
CVE-2022-20015,279,38,0,0,0,0,0,0,0,0,0.8,0,0,1,0,MEDIUM
CVE-2022-20016,264,39,0,1,0,0,0,0,0,0,0.8,0,0,1,0,MEDIUM
CVE-2022-20018,273,38,0,0,0,0,0,0,0,0,0.8,0,0,1,0,MEDIUM
CVE-2022-20019,289,40,0,0,0,0,0,0,0,0,1.8,0,0,1,0,MEDIUM
CVE-2022-20020,283,40,0,0,0,0,0,0,0,0,1.8,0,0,1,0,MEDIUM
CVE-2022-20021,346,49,0,0,0,0,0,1,0,0,2.8,0,1,0,0,MEDIUM
CVE-2022-20022,390,61,0,0,0,0,0,1,0,0,2.8,0,1,0,0,MEDIUM
CVE-2022-20023,313,46,0,0,0,0,0,1,0,0,2.8,0,1,0,0,MEDIUM
CVE-2021-3845,64,11,0,0,0,0,0,0,0,0,3.9,1,0,0,0,HIGH
CVE-2021-39143,627,94,0,0,0,0,0,0,0,0,1.8,0,0,1,0,MEDIUM
CVE-2022-0086,56,8,0,0,0,0,0,0,0,0,3.9,1,0,0,0,CRITICAL
CVE-2021-24042,355,58,0,0,0,0,0,0,0,0,3.9,1,0,0,0,CRITICAL
CVE-2021-41141,559,94,0,0,0,0,0,1,0,0,2.2,1,0,0,0,MEDIUM
CVE-2021-41236,436,67,0,0,0,1,0,0,0,0,1.7,1,0,0,0,MEDIUM
CVE-2021-43677,73,11,0,0,0,1,0,0,0,0,2.8,1,0,0,0,MEDIUM
CVE-2021-43832,841,125,0,0,0,0,0,0,1,0,3.9,1,0,0,0,CRITICAL
CVE-2021-43850,529,79,0,0,0,0,0,1,0,0,2.3,1,0,0,0,MEDIUM
CVE-2021-43852,558,78,1,0,0,0,1,0,0,0,2.8,1,0,0,0,HIGH
CVE-2022-21643,364,60,1,0,0,0,0,0,0,0,3.9,1,0,0,0,CRITICAL
CVE-2022-21644,378,65,1,0,0,0,0,0,0,0,2.3,1,0,0,0,CRITICAL
CVE-2022-21647,550,80,1,0,0,0,0,0,0,0,2.2,1,0,0,0,HIGH
CVE-2022-21648,410,69,1,0,0,1,0,0,0,0,2.8,1,0,0,0,HIGH
CVE-2022-21649,418,68,0,0,0,1,0,0,0,0,2.3,1,0,0,0,HIGH
CVE-2022-21650,495,87,0,0,0,1,0,0,0,0,2.3,1,0,0,0,HIGH
CVE-2021-22045,422,60,0,1,0,0,0,0,0,0,1.1,0,0,1,0,HIGH
CVE-2021-41388,373,56,0,0,1,0,0,0,0,1,1.8,0,0,1,0,HIGH
CVE-2021-45115,389,54,0,0,0,0,0,0,0,0,3.9,1,0,0,0,HIGH
CVE-2021-45116,316,47,0,0,0,0,0,0,0,0,3.9,1,0,0,0,HIGH
CVE-2021-45452,156,24,0,0,0,0,0,0,0,0,3.9,1,0,0,0,MEDIUM
CVE-2021-43946,325,43,0,0,0,0,0,0,0,1,2.8,1,0,0,0,MEDIUM
CVE-2021-22567,318,53,0,0,0,0,0,0,0,0,2.1,1,0,0,0,MEDIUM
CVE-2020-15933,293,38,0,0,0,0,0,0,1,0,3.9,1,0,0,0,MEDIUM
CVE-2021-31589,257,33,1,0,0,1,0,0,1,0,2.8,1,0,0,0,MEDIUM
CVE-2021-41043,80,11,0,0,0,0,0,0,0,0,1.8,0,0,1,0,MEDIUM
CVE-2022-22107,312,49,0,0,0,0,0,0,0,0,2.8,1,0,0,0,MEDIUM
CVE-2022-22108,304,48,0,0,0,0,0,0,0,0,2.8,1,0,0,0,MEDIUM
CVE-2022-22109,305,49,0,0,0,1,0,0,0,0,2.3,1,0,0,0,MEDIUM
CVE-2022-22110,345,56,0,0,0,0,0,0,0,0,3.9,1,0,0,0,HIGH
CVE-2022-22111,318,49,0,0,0,0,0,0,0,1,2.8,1,0,0,0,HIGH
CVE-2021-28711,844,132,0,0,0,0,0,1,0,0,2.0,0,0,1,0,MEDIUM
CVE-2021-28712,844,132,0,0,0,0,0,1,0,0,2.0,0,0,1,0,MEDIUM
CVE-2021-28713,844,132,0,0,0,0,0,1,0,0,2.0,0,0,1,0,MEDIUM
CVE-2021-38918,196,31,0,0,0,0,0,0,0,0,3.9,1,0,0,0,HIGH
CVE-2021-43779,417,63,1,0,0,0,1,0,0,0,3.9,1,0,0,0,CRITICAL
CVE-2021-43816,839,121,0,0,0,0,0,0,0,0,1.3,1,0,0,0,HIGH
CVE-2022-21642,334,51,0,0,0,0,0,0,0,0,2.8,1,0,0,0,MEDIUM
CVE-2021-45830,152,20,0,1,0,0,0,1,0,0,1.8,0,0,1,0,MEDIUM
CVE-2021-45831,124,19,0,0,0,0,0,1,0,0,1.8,0,0,1,0,MEDIUM
CVE-2022-21651,321,51,0,0,0,0,0,0,0,0,2.3,1,0,0,0,MEDIUM
CVE-2022-21652,512,82,0,0,0,0,0,0,0,0,2.1,1,0,0,0,LOW
CVE-2021-45832,146,19,0,1,0,0,0,1,0,0,1.8,0,0,1,0,MEDIUM
CVE-2021-45833,196,22,0,1,0,0,0,1,0,0,1.8,0,0,1,0,MEDIUM
CVE-2022-21653,493,67,0,0,0,0,0,1,0,0,2.2,1,0,0,0,MEDIUM
CVE-2020-5956,254,38,0,0,0,0,0,0,0,0,3.9,1,0,0,0,HIGH
CVE-2021-45969,378,56,0,0,0,0,0,0,0,0,1.5,0,0,1,0,HIGH
CVE-2021-45970,402,61,0,0,0,0,0,0,0,0,1.5,0,0,1,0,HIGH
CVE-2021-46038,132,17,0,0,0,0,0,1,0,0,1.8,0,0,1,0,MEDIUM
CVE-2020-23986,177,20,0,0,0,1,0,0,0,0,2.8,1,0,0,0,MEDIUM
CVE-2020-27428,165,23,0,0,0,1,0,0,0,0,2.8,1,0,0,0,MEDIUM
CVE-2021-41842,278,43,0,0,0,0,1,0,0,0,3.9,1,0,0,0,CRITICAL
CVE-2021-45971,369,54,0,0,0,0,0,0,0,0,1.5,0,0,1,0,HIGH
CVE-2021-43947,387,51,0,0,0,0,1,0,0,1,1.2,1,0,0,0,HIGH
CVE-2022-0121,189,19,0,0,0,1,0,0,0,0,2.1,1,0,0,0,HIGH
CVE-2021-46141,125,17,0,0,0,0,0,0,0,0,1.8,0,0,1,0,MEDIUM
CVE-2021-46142,109,15,0,0,0,0,0,0,0,0,1.8,0,0,1,0,MEDIUM
CVE-2021-46143,107,16,0,1,0,0,0,0,0,0,2.2,1,0,0,0,HIGH
CVE-2021-46144,143,22,0,0,0,1,0,0,0,0,2.8,1,0,0,0,MEDIUM
CVE-2022-0122,56,9,0,0,0,0,0,0,0,0,2.8,1,0,0,0,MEDIUM
CVE-2022-22704,212,29,0,0,1,0,0,0,0,1,3.9,1,0,0,0,CRITICAL
CVE-2021-46145,165,25,0,0,0,0,0,0,0,0,1.6,0,1,0,0,MEDIUM
CVE-2022-22707,434,63,0,1,0,0,0,1,0,0,2.2,1,0,0,0,MEDIUM
CVE-2021-36737,179,25,0,0,0,1,0,0,0,0,2.8,1,0,0,0,MEDIUM
CVE-2021-36738,231,32,0,0,0,1,0,0,0,0,2.8,1,0,0,0,MEDIUM
CVE-2021-36739,155,24,0,0,0,1,0,0,0,0,2.8,1,0,0,0,MEDIUM
CVE-2021-44351,112,13,0,0,0,0,0,0,0,0,3.9,1,0,0,0,HIGH
CVE-2021-44564,514,78,0,0,0,0,0,0,0,0,2.2,1,0,0,0,HIGH
CVE-2021-27738,571,72,0,0,0,0,0,0,1,0,3.9,1,0,0,0,HIGH
CVE-2021-31522,241,38,0,0,0,0,0,0,0,0,3.9,1,0,0,0,CRITICAL
CVE-2021-36774,401,61,0,0,0,0,1,0,0,0,2.8,1,0,0,0,MEDIUM
CVE-2021-44584,167,25,0,0,0,1,0,0,0,0,2.8,1,0,0,0,MEDIUM
CVE-2021-44878,553,90,0,0,0,0,0,0,0,0,3.9,1,0,0,0,HIGH
CVE-2021-45456,426,70,1,0,0,0,0,0,0,0,3.9,1,0,0,0,CRITICAL
CVE-2021-45457,261,42,0,0,0,0,0,0,0,0,3.9,1,0,0,0,HIGH
CVE-2021-45458,566,84,0,0,0,0,0,0,0,0,3.9,1,0,0,0,HIGH
CVE-2021-44590,220,32,0,0,0,0,0,1,0,0,2.8,1,0,0,0,MEDIUM
CVE-2021-44591,164,23,0,0,0,0,0,0,0,0,2.8,1,0,0,0,MEDIUM
CVE-2021-46076,178,27,0,0,0,0,1,0,0,0,2.8,1,0,0,0,HIGH
CVE-2021-46080,177,25,0,0,0,1,0,0,0,0,1.7,1,0,0,0,MEDIUM
CVE-2021-45744,110,18,0,0,0,1,0,0,0,0,2.3,1,0,0,0,MEDIUM
CVE-2021-45745,110,18,0,0,0,1,0,0,0,0,2.3,1,0,0,0,MEDIUM
CVE-2021-46067,108,17,0,0,0,0,0,0,0,0,3.9,1,0,0,0,CRITICAL
CVE-2021-46068,140,22,0,0,0,1,0,0,0,0,1.7,1,0,0,0,MEDIUM
CVE-2021-46069,143,22,0,0,0,1,0,0,0,0,1.7,1,0,0,0,MEDIUM
CVE-2021-46070,146,22,0,0,0,1,0,0,0,0,1.7,1,0,0,0,MEDIUM
CVE-2021-46071,143,22,0,0,0,1,0,0,0,0,1.7,1,0,0,0,MEDIUM
CVE-2021-46072,142,22,0,0,0,1,0,0,0,0,1.7,1,0,0,0,MEDIUM
CVE-2021-46073,154,23,0,0,0,1,0,0,0,0,1.7,1,0,0,0,MEDIUM
CVE-2021-46074,153,22,0,0,0,1,0,0,0,0,1.7,1,0,0,0,MEDIUM
CVE-2021-46075,180,24,0,0,1,0,0,0,0,0,1.2,1,0,0,0,HIGH
CVE-2021-46078,206,27,0,0,0,1,0,0,0,0,1.7,1,0,0,0,MEDIUM
CVE-2021-46079,177,24,1,0,0,0,0,0,0,0,1.2,1,0,0,0,HIGH
CVE-2022-0128,39,6,0,0,0,0,0,0,0,0,1.8,0,0,1,0,HIGH
CVE-2021-28714,990,171,0,0,0,0,0,0,0,0,2.0,0,0,1,0,MEDIUM
CVE-2021-28715,990,171,0,0,0,0,0,0,0,0,2.0,0,0,1,0,MEDIUM
CVE-2021-43045,302,44,0,0,0,0,0,0,0,0,3.9,1,0,0,0,HIGH
CVE-2021-4194,50,7,0,0,0,0,0,0,0,0,2.8,1,0,0,0,MEDIUM
CVE-2021-46039,152,19,0,0,0,0,0,1,0,0,1.8,0,0,1,0,MEDIUM
CVE-2021-46040,159,19,0,0,0,0,0,0,0,0,1.8,0,0,1,0,MEDIUM
CVE-2021-46041,120,18,0,0,0,0,0,1,0,0,1.8,0,0,1,0,MEDIUM
CVE-2021-46042,116,18,0,0,0,0,0,1,0,0,1.8,0,0,1,0,MEDIUM
CVE-2021-42841,415,64,0,0,0,1,0,0,0,0,2.8,1,0,0,0,MEDIUM
CVE-2021-46043,120,18,0,0,0,0,0,1,0,0,1.8,0,0,1,0,MEDIUM
CVE-2021-46044,134,16,0,0,0,0,0,1,0,0,1.8,0,0,1,0,MEDIUM
CVE-2022-21661,511,82,1,0,0,0,0,0,0,0,1.3,1,0,0,0,HIGH
CVE-2022-21662,519,77,0,0,0,1,0,0,0,0,1.3,1,0,0,0,HIGH
CVE-2022-21663,490,74,1,0,0,0,0,0,0,0,0.7,1,0,0,0,MEDIUM
CVE-2022-21664,473,76,0,0,0,0,0,0,0,0,3.1,1,0,0,0,HIGH
CVE-2021-25743,207,35,0,0,0,0,0,0,0,0,1.3,1,0,0,0,LOW
CVE-2021-38674,402,59,0,0,0,1,0,0,0,0,1.6,1,0,0,0,MEDIUM
CVE-2020-10137,310,43,0,0,0,0,0,0,1,0,2.8,0,1,0,0,MEDIUM
CVE-2020-29050,295,44,0,0,0,0,0,0,0,0,3.9,1,0,0,0,HIGH
CVE-2020-9057,640,103,0,0,0,0,0,1,0,0,2.8,0,1,0,0,HIGH
CVE-2020-9058,258,39,0,0,0,0,0,0,0,0,2.8,0,1,0,0,HIGH
CVE-2020-9059,273,42,0,0,0,0,0,0,0,0,2.8,0,1,0,0,MEDIUM
CVE-2020-9060,403,64,0,0,0,0,0,1,0,0,2.8,0,1,0,0,MEDIUM
CVE-2020-9061,293,45,0,0,0,0,0,1,0,0,2.8,0,1,0,0,MEDIUM
CVE-2021-20046,289,44,0,1,0,0,1,1,0,0,2.8,1,0,0,0,HIGH
CVE-2021-20048,284,44,0,1,0,0,1,1,0,0,2.8,1,0,0,0,HIGH
CVE-2021-22060,334,54,0,0,0,0,0,0,0,0,2.8,1,0,0,0,MEDIUM
CVE-2021-22569,368,52,0,0,0,0,0,0,0,0,3.9,1,0,0,0,HIGH
CVE-2021-23173,150,23,0,0,0,0,0,0,1,0,1.2,1,0,0,0,LOW
CVE-2021-23543,109,16,0,0,0,0,0,0,0,0,3.9,1,0,0,0,CRITICAL
CVE-2021-23568,125,19,0,0,0,0,0,0,0,0,3.9,1,0,0,0,HIGH
CVE-2021-23594,109,16,0,0,0,0,0,0,0,0,3.9,1,0,0,0,CRITICAL
CVE-2021-30360,304,49,0,0,0,0,0,0,0,0,1.8,0,0,1,0,HIGH
CVE-2021-32996,145,23,0,0,0,0,0,1,0,0,3.9,1,0,0,0,HIGH
CVE-2021-32998,193,28,0,0,0,0,1,0,0,0,2.2,1,0,0,0,HIGH
CVE-2021-34086,215,35,0,0,0,0,0,0,0,0,2.8,1,0,0,0,HIGH
CVE-2021-34087,209,34,0,0,0,0,0,0,0,0,2.8,1,0,0,0,HIGH
CVE-2021-35247,447,63,0,0,0,0,0,0,0,0,2.8,1,0,0,0,MEDIUM
CVE-2021-38894,274,42,0,0,0,0,0,0,0,0,1.2,1,0,0,0,LOW
CVE-2021-38895,307,43,0,0,0,1,0,0,0,0,2.3,1,0,0,0,MEDIUM
CVE-2021-38921,195,27,0,0,0,0,0,0,0,0,3.9,1,0,0,0,HIGH
CVE-2021-38956,197,29,0,0,0,0,0,0,0,0,3.9,1,0,0,0,MEDIUM
CVE-2021-38957,172,24,0,0,0,0,0,0,0,0,3.9,1,0,0,0,HIGH
CVE-2021-38990,178,31,0,0,0,0,1,0,0,0,1.8,0,0,1,0,HIGH
CVE-2021-39993,146,19,0,1,0,0,0,0,0,0,3.9,1,0,0,0,CRITICAL
CVE-2021-39996,160,22,0,1,0,0,0,0,0,0,3.9,1,0,0,0,CRITICAL
CVE-2021-39998,209,29,0,0,0,0,0,1,0,0,3.9,1,0,0,0,HIGH
CVE-2021-40000,169,23,0,0,0,0,0,0,0,0,2.8,0,1,0,0,HIGH
CVE-2021-40001,153,21,0,0,0,0,0,0,0,0,3.9,1,0,0,0,MEDIUM
CVE-2021-40002,169,23,0,0,0,0,0,0,0,0,2.8,0,1,0,0,HIGH
CVE-2021-40003,128,15,0,0,0,0,0,0,0,0,3.9,1,0,0,0,MEDIUM
CVE-2021-40004,144,18,0,0,0,0,0,0,0,0,3.9,1,0,0,0,HIGH
CVE-2021-40005,161,21,0,0,0,0,0,0,0,0,3.9,1,0,0,0,HIGH
CVE-2021-40006,142,17,0,0,0,0,0,0,0,0,0.9,0,0,0,1,MEDIUM
CVE-2021-40009,155,21,0,0,0,0,0,0,0,0,3.9,1,0,0,0,MEDIUM
CVE-2021-40010,140,20,0,1,0,0,1,0,0,0,3.9,1,0,0,0,CRITICAL
CVE-2021-40011,150,19,0,0,0,0,0,0,0,0,3.9,1,0,0,0,HIGH
CVE-2021-40014,156,21,0,1,0,0,0,0,0,0,3.9,1,0,0,0,HIGH
CVE-2021-40018,137,18,0,0,0,0,0,0,0,0,3.9,1,0,0,0,HIGH
CVE-2021-40020,179,23,0,0,0,0,0,0,0,0,3.9,1,0,0,0,HIGH
CVE-2021-40021,141,17,0,0,0,0,0,0,0,0,3.9,1,0,0,0,HIGH
CVE-2021-40022,147,18,0,0,0,0,0,0,0,0,3.9,1,0,0,0,HIGH
CVE-2021-40025,173,24,0,0,0,0,0,0,0,0,3.9,1,0,0,0,HIGH
CVE-2021-40026,161,22,0,1,0,0,0,0,0,0,3.9,1,0,0,0,HIGH
CVE-2021-40027,152,21,0,0,0,0,0,0,0,0,3.9,1,0,0,0,HIGH
CVE-2021-40028,135,17,0,0,0,0,0,0,0,0,3.9,1,0,0,0,HIGH
CVE-2021-40029,209,31,0,1,0,0,0,0,0,0,3.9,1,0,0,0,HIGH
CVE-2021-40031,162,22,0,0,0,0,0,0,0,0,3.9,1,0,0,0,HIGH
CVE-2021-40032,145,19,0,0,0,0,0,0,0,0,3.9,1,0,0,0,HIGH
CVE-2021-40035,209,31,0,1,0,0,0,0,0,0,3.9,1,0,0,0,HIGH
CVE-2021-40037,219,32,0,0,0,0,0,1,0,0,1.8,0,0,1,0,MEDIUM
CVE-2021-40038,146,21,0,0,0,0,0,0,0,0,3.9,1,0,0,0,HIGH
CVE-2021-40039,162,22,0,0,0,0,0,0,0,0,3.9,1,0,0,0,HIGH
CVE-2021-40041,393,49,0,0,0,1,0,0,0,0,1.1,0,0,1,0,MEDIUM
CVE-2021-42392,398,64,0,0,0,0,1,0,1,0,3.9,1,0,0,0,CRITICAL
CVE-2021-42748,118,17,0,0,0,0,0,0,0,0,3.9,1,0,0,0,MEDIUM
CVE-2021-42749,233,37,0,0,0,0,0,0,0,0,3.9,1,0,0,0,MEDIUM
CVE-2021-43579,174,28,0,1,0,0,1,0,0,0,1.8,0,0,1,0,HIGH
CVE-2021-44024,391,60,0,0,0,0,0,0,0,0,1.8,0,0,1,0,HIGH
CVE-2021-44528,279,43,0,0,0,0,0,0,0,0,2.8,1,0,0,0,MEDIUM
CVE-2021-45003,210,30,0,0,0,0,1,0,0,0,3.9,1,0,0,0,CRITICAL
CVE-2021-45231,466,71,0,0,1,0,0,0,0,0,1.8,0,0,1,0,HIGH
CVE-2021-45334,176,26,1,0,0,0,0,0,0,0,3.9,1,0,0,0,CRITICAL
CVE-2021-45440,396,61,0,0,0,0,0,0,0,0,1.8,0,0,1,0,HIGH
CVE-2021-45441,386,63,0,0,0,0,0,0,0,0,1.8,0,0,1,0,HIGH
CVE-2021-45442,394,61,0,0,0,0,0,0,0,0,1.8,0,0,1,0,HIGH
CVE-2021-45856,123,19,0,1,0,0,0,1,0,0,3.9,1,0,0,0,HIGH
CVE-2021-46045,102,16,0,0,0,0,0,1,0,0,1.8,0,0,1,0,MEDIUM
CVE-2021-46046,141,18,0,0,0,0,0,1,0,0,1.8,0,0,1,0,MEDIUM
CVE-2021-46047,93,12,0,0,0,0,0,0,0,0,1.8,0,0,1,0,MEDIUM
CVE-2021-46048,125,16,0,0,0,0,0,1,0,0,1.8,0,0,1,0,MEDIUM
CVE-2021-46049,129,19,0,0,0,0,0,1,0,0,1.8,0,0,1,0,MEDIUM
CVE-2021-46050,85,12,0,1,0,0,0,0,0,0,1.8,0,0,1,0,MEDIUM
CVE-2021-46051,137,20,0,0,0,0,0,1,0,0,1.8,0,0,1,0,MEDIUM
CVE-2021-46052,108,16,0,0,0,0,0,1,0,0,1.8,0,0,1,0,MEDIUM
CVE-2021-46053,101,15,0,0,0,0,0,1,0,0,1.8,0,0,1,0,MEDIUM
CVE-2021-46054,140,16,0,0,0,0,0,1,0,0,1.8,0,0,1,0,MEDIUM
CVE-2021-46055,140,16,0,0,0,0,0,1,0,0,1.8,0,0,1,0,MEDIUM
CVE-2021-46146,199,31,0,0,0,1,0,0,0,0,2.3,1,0,0,0,MEDIUM
CVE-2021-46147,126,18,0,0,0,0,0,0,0,0,2.8,1,0,0,0,HIGH
CVE-2021-46148,257,36,0,0,0,0,0,0,0,0,2.8,1,0,0,0,MEDIUM
CVE-2021-46149,222,36,0,0,0,0,0,1,0,0,3.9,1,0,0,0,HIGH
CVE-2021-46150,226,31,0,0,0,1,0,0,0,0,1.7,1,0,0,0,MEDIUM
CVE-2021-46163,90,14,0,0,0,1,0,0,0,0,2.8,1,0,0,0,MEDIUM
CVE-2021-46164,150,22,0,0,0,0,1,0,0,0,2.8,1,0,0,0,HIGH
CVE-2021-46165,168,25,0,0,0,0,0,0,0,0,1.8,0,0,1,0,HIGH
CVE-2021-46166,156,21,0,0,0,0,0,0,0,0,2.8,1,0,0,0,MEDIUM
CVE-2022-0132,60,8,0,0,0,0,0,0,0,0,3.9,1,0,0,0,HIGH
CVE-2022-0133,49,7,0,0,0,0,0,0,0,0,3.9,1,0,0,0,HIGH
CVE-2022-21667,508,89,0,0,0,0,0,1,1,0,3.9,1,0,0,0,HIGH
CVE-2022-21823,246,34,0,0,0,0,0,0,0,0,1.8,0,0,1,0,MEDIUM
CVE-2022-22263,135,18,0,0,0,0,0,0,0,0,2.5,0,0,1,0,MEDIUM
CVE-2022-22264,162,24,0,0,0,0,0,0,0,0,2.5,0,0,1,0,HIGH
CVE-2022-22265,151,24,0,0,0,0,1,0,0,0,0.8,0,0,1,0,MEDIUM
CVE-2022-22266,215,26,0,0,0,0,0,0,0,0,2.5,0,0,1,0,MEDIUM
CVE-2022-22267,153,19,0,0,0,0,0,0,0,0,2.5,0,0,1,0,MEDIUM
CVE-2022-22268,165,25,0,0,0,0,0,0,0,0,0.9,0,0,0,1,MEDIUM
CVE-2022-22269,163,22,0,0,0,0,0,0,0,0,2.5,0,0,1,0,MEDIUM
CVE-2022-22270,148,20,0,0,0,0,0,0,0,0,1.8,0,0,1,0,MEDIUM
CVE-2022-22271,147,24,0,0,0,0,0,0,0,0,1.8,0,0,1,0,MEDIUM
CVE-2022-22272,150,18,0,0,0,0,0,0,0,0,2.5,0,0,1,0,MEDIUM
CVE-2022-22283,125,17,0,0,0,0,0,0,0,0,1.3,0,0,1,0,LOW
CVE-2022-22284,139,17,0,0,0,0,0,0,0,0,1.4,0,0,1,0,MEDIUM
CVE-2022-22285,214,30,0,0,0,0,0,0,0,0,1.8,0,0,1,0,MEDIUM
CVE-2022-22286,215,31,0,0,0,0,0,0,0,0,1.8,0,0,1,0,MEDIUM
CVE-2022-22287,120,18,0,0,0,0,0,0,0,0,0.2,0,0,0,1,LOW
CVE-2022-22288,119,16,0,0,0,0,0,0,0,0,3.9,1,0,0,0,HIGH
CVE-2022-22289,127,18,0,0,0,0,0,0,0,0,3.9,1,0,0,0,MEDIUM
CVE-2022-22701,184,31,0,0,0,0,0,0,0,0,2.8,1,0,0,0,MEDIUM
CVE-2022-22702,247,41,0,0,0,0,0,0,0,0,2.8,1,0,0,0,MEDIUM
CVE-2022-22815,84,10,0,0,0,0,0,0,0,0,3.9,1,0,0,0,MEDIUM
CVE-2022-22816,109,15,0,0,0,0,0,0,0,0,3.9,1,0,0,0,MEDIUM
CVE-2022-22817,171,26,0,0,0,0,0,0,0,0,3.9,1,0,0,0,CRITICAL
CVE-2022-22821,167,27,0,0,0,0,0,0,0,1,0.6,0,0,1,0,LOW
CVE-2022-22822,86,13,0,1,0,0,0,0,0,0,3.9,1,0,0,0,CRITICAL
CVE-2022-22823,87,13,0,1,0,0,0,0,0,0,3.9,1,0,0,0,CRITICAL
CVE-2022-22824,91,13,0,1,0,0,0,0,0,0,3.9,1,0,0,0,CRITICAL
CVE-2022-22825,82,13,0,1,0,0,0,0,0,0,2.8,1,0,0,0,HIGH
CVE-2022-22826,92,13,0,1,0,0,0,0,0,0,2.8,1,0,0,0,HIGH
CVE-2022-22827,85,13,0,1,0,0,0,0,0,0,2.8,1,0,0,0,HIGH
CVE-2022-22836,133,21,0,0,0,0,0,0,0,0,2.8,1,0,0,0,MEDIUM
CVE-2022-22844,160,27,0,0,0,0,0,0,0,0,1.8,0,0,1,0,MEDIUM
CVE-2022-22845,161,19,0,0,0,0,0,0,0,0,3.9,1,0,0,0,CRITICAL
CVE-2022-22846,125,25,0,0,0,0,0,0,0,0,3.9,1,0,0,0,HIGH
CVE-2022-22847,175,25,0,0,0,0,0,0,0,0,3.9,1,0,0,0,CRITICAL
CVE-2021-44586,153,21,0,0,0,0,0,0,1,0,3.9,1,0,0,0,HIGH
CVE-2021-23154,255,40,0,0,0,0,0,0,0,0,0.3,0,0,1,0,MEDIUM
CVE-2021-23218,158,25,0,0,0,0,0,1,0,0,3.9,1,0,0,0,MEDIUM
CVE-2021-24862,227,36,1,0,0,0,0,0,0,0,1.2,1,0,0,0,HIGH
CVE-2021-24948,257,37,0,0,0,0,0,0,1,0,3.9,1,0,0,0,HIGH
CVE-2021-24949,219,38,1,0,0,0,0,0,0,0,3.9,1,0,0,0,CRITICAL
CVE-2021-25032,454,69,0,0,0,0,0,0,1,1,3.9,1,0,0,0,CRITICAL
CVE-2021-25043,191,28,0,0,0,1,0,0,0,0,2.8,1,0,0,0,MEDIUM
CVE-2021-25047,236,35,0,0,0,1,0,0,0,0,2.8,1,0,0,0,MEDIUM
CVE-2021-25051,213,34,0,0,0,0,0,0,0,0,2.8,1,0,0,0,HIGH
CVE-2021-25052,217,34,0,0,0,0,0,0,0,0,2.8,1,0,0,0,HIGH
CVE-2021-25053,209,34,0,0,0,0,0,0,0,0,2.8,1,0,0,0,HIGH
CVE-2021-25054,182,29,1,0,0,0,0,0,0,0,2.8,1,0,0,0,HIGH
CVE-2021-43297,526,74,0,0,0,0,1,0,0,0,3.9,1,0,0,0,CRITICAL
CVE-2021-43949,259,37,0,0,0,0,0,0,0,0,2.8,1,0,0,0,MEDIUM
CVE-2021-43951,294,40,0,0,0,0,0,0,0,0,2.8,1,0,0,0,MEDIUM
CVE-2021-44458,306,48,0,0,0,0,0,0,0,0,1.6,1,0,0,0,HIGH
CVE-2022-0156,35,7,0,0,0,0,0,0,0,0,1.8,0,0,1,0,MEDIUM
CVE-2022-0157,121,14,0,0,0,1,0,0,0,0,2.3,1,0,0,0,MEDIUM
CVE-2022-0158,47,7,0,1,0,0,0,0,0,0,1.8,0,0,1,0,LOW
CVE-2022-22114,588,89,0,0,0,1,0,0,1,1,2.8,1,0,0,0,CRITICAL
CVE-2022-22115,513,85,0,0,0,1,0,0,0,1,2.3,1,0,0,0,CRITICAL
CVE-2022-22116,304,45,0,0,0,1,0,0,0,0,2.3,1,0,0,0,MEDIUM
CVE-2022-22117,335,52,0,0,0,1,0,0,0,0,2.3,1,0,0,0,MEDIUM
CVE-2022-22120,332,49,0,0,0,0,0,0,0,0,3.9,1,0,0,0,MEDIUM
CVE-2022-22121,329,53,1,0,0,0,0,0,0,1,2.1,1,0,0,0,HIGH
CVE-2020-28679,183,26,1,0,0,0,0,0,0,0,2.8,1,0,0,0,HIGH
CVE-2022-0174,95,11,0,0,0,0,0,0,0,0,2.8,1,0,0,0,MEDIUM
CVE-2021-21408,277,42,0,0,0,0,0,0,0,0,2.8,1,0,0,0,HIGH
CVE-2021-29454,463,75,0,0,0,0,0,0,0,0,2.8,1,0,0,0,HIGH
CVE-2022-0155,99,13,0,0,0,0,0,0,1,0,2.8,1,0,0,0,MEDIUM
CVE-2022-21666,363,47,1,0,0,0,0,0,0,0,1.2,1,0,0,0,HIGH
CVE-2022-21668,1142,174,0,0,0,0,1,0,0,0,1.3,1,0,0,0,HIGH
CVE-2022-21670,277,42,0,0,0,0,0,0,0,0,3.9,1,0,0,0,MEDIUM
CVE-2022-21672,892,131,0,0,0,0,0,0,0,1,2.8,1,0,0,0,MEDIUM
CVE-2020-25427,175,22,0,0,0,0,0,1,0,0,1.8,0,0,1,0,MEDIUM
CVE-2021-35452,94,15,0,0,0,0,0,0,0,0,2.8,1,0,0,0,MEDIUM
CVE-2021-36408,121,17,0,0,0,0,0,0,0,0,1.8,0,0,1,0,MEDIUM
CVE-2021-36409,268,38,0,0,0,0,0,1,0,0,1.8,0,0,1,0,HIGH
CVE-2021-36410,134,15,0,1,0,0,0,0,0,0,1.8,0,0,1,0,MEDIUM
CVE-2021-36411,287,44,0,0,0,0,0,1,0,0,1.8,0,0,1,0,MEDIUM
CVE-2021-36412,229,32,0,1,0,0,0,0,0,0,1.8,0,0,1,0,HIGH
CVE-2021-36414,184,30,0,1,0,0,1,1,0,0,1.8,0,0,1,0,HIGH
CVE-2022-0144,54,7,0,0,0,0,0,0,0,0,1.8,0,0,1,0,HIGH
CVE-2021-37195,420,69,0,0,0,0,0,0,0,0,2.8,1,0,0,0,MEDIUM
CVE-2021-37196,517,84,0,0,0,0,0,0,0,0,2.8,1,0,0,0,MEDIUM
CVE-2021-37197,372,61,0,0,0,0,0,0,0,0,2.8,1,0,0,0,HIGH
CVE-2021-37198,414,65,0,0,0,0,0,0,0,0,2.8,1,0,0,0,HIGH
CVE-2021-41769,2313,366,0,0,0,0,0,0,1,0,3.9,1,0,0,0,HIGH
CVE-2021-45033,488,75,0,0,0,0,0,0,0,0,2.8,1,0,0,0,HIGH
CVE-2021-45034,486,74,0,0,0,0,0,0,1,0,3.9,1,0,0,0,HIGH
CVE-2021-45460,397,65,0,0,0,0,0,1,0,0,2.8,1,0,0,0,HIGH
CVE-2021-44647,143,24,0,0,0,0,0,1,0,0,1.8,0,0,1,0,MEDIUM
CVE-2022-21669,353,60,0,0,0,0,0,0,0,0,3.9,1,0,0,0,CRITICAL
CVE-2022-21671,1033,165,0,0,0,0,0,0,0,0,2.8,1,0,0,0,HIGH
CVE-2020-28102,62,10,1,0,0,0,0,0,0,0,3.9,1,0,0,0,CRITICAL
CVE-2020-28103,64,10,1,0,0,0,0,0,0,0,3.9,1,0,0,0,CRITICAL
CVE-2021-43566,321,61,0,0,0,0,0,0,0,0,1.0,0,0,1,0,LOW
CVE-2022-0170,49,7,0,0,0,0,0,0,0,0,2.8,1,0,0,0,MEDIUM
CVE-2021-29701,283,43,0,0,0,0,0,0,0,0,2.8,1,0,0,0,MEDIUM
CVE-2021-38991,184,32,0,0,0,0,1,0,0,0,1.8,0,0,1,0,HIGH
CVE-2022-0129,310,48,0,0,0,0,0,0,0,1,1.1,0,0,1,0,HIGH
CVE-2022-0173,43,6,0,0,0,0,0,0,0,0,1.8,0,0,1,0,MEDIUM
CVE-2021-1573,539,81,0,0,0,0,0,1,1,0,3.9,1,0,0,0,HIGH
CVE-2021-34704,539,81,0,0,0,0,0,1,1,0,3.9,1,0,0,0,HIGH
CVE-2021-43052,531,83,0,0,1,0,0,0,0,0,3.9,1,0,0,0,CRITICAL
CVE-2021-43053,557,85,0,0,0,0,0,0,1,0,3.1,1,0,0,0,HIGH
CVE-2021-43054,561,85,0,0,0,0,0,0,0,0,2.8,1,0,0,0,HIGH
CVE-2021-43055,528,80,0,0,0,0,0,0,0,0,1.6,1,0,0,0,MEDIUM
CVE-2021-43971,186,25,1,0,0,0,0,0,0,0,2.8,1,0,0,0,HIGH
CVE-2021-43972,295,44,0,0,0,0,0,0,0,1,2.8,1,0,0,0,MEDIUM
CVE-2023-0028,95,12,0,0,0,1,0,0,0,0,0.9,1,0,0,0,MEDIUM
CVE-2021-41823,136,20,0,0,0,1,0,0,0,0,2.8,1,0,0,0,MEDIUM
CVE-2022-47952,648,111,0,0,0,0,0,0,0,1,1.8,0,0,1,0,LOW
CVE-2022-48198,311,47,0,0,0,0,0,0,0,0,3.9,1,0,0,0,CRITICAL
CVE-2022-34322,763,125,0,0,1,1,0,0,0,0,2.3,1,0,0,0,CRITICAL
CVE-2022-34323,1089,173,0,0,0,1,0,0,0,0,2.3,1,0,0,0,MEDIUM
CVE-2022-34324,188,27,0,0,0,0,0,0,0,0,2.8,1,0,0,0,HIGH
CVE-2022-37785,126,18,0,0,0,0,0,0,0,0,3.9,1,0,0,0,HIGH
CVE-2022-37786,222,38,1,0,0,0,0,0,0,0,2.8,1,0,0,0,MEDIUM
CVE-2022-37787,127,21,0,0,0,1,0,0,0,0,2.8,1,0,0,0,MEDIUM
CVE-2022-40711,175,28,0,0,0,1,0,0,0,1,1.7,1,0,0,0,MEDIUM
CVE-2022-45027,138,19,0,0,0,0,0,0,0,0,3.9,1,0,0,0,MEDIUM
CVE-2022-45213,81,12,0,0,0,0,0,0,0,0,3.9,1,0,0,0,MEDIUM
CVE-2022-47634,188,26,0,0,0,0,0,0,0,0,2.8,1,0,0,0,HIGH
CVE-2014-125030,379,54,0,0,0,0,0,0,0,0,2.8,0,1,0,0,MEDIUM
CVE-2018-25062,476,69,0,0,0,0,0,1,0,0,2.1,0,1,0,0,LOW
CVE-2018-25063,580,75,0,0,0,1,0,0,0,0,2.1,1,0,0,0,LOW
CVE-2023-0029,335,46,0,0,0,0,0,1,0,0,3.9,1,0,0,0,MEDIUM
CVE-2010-10002,776,110,0,0,0,1,0,0,0,0,1.6,1,0,0,0,LOW
CVE-2013-10006,609,81,0,0,0,0,0,0,0,0,1.2,0,1,0,0,LOW
CVE-2015-10006,480,67,0,0,0,1,0,0,0,0,2.1,1,0,0,0,LOW
CVE-2023-22551,302,48,0,0,0,0,0,1,0,0,3.9,1,0,0,0,HIGH
CVE-2021-4297,509,68,0,0,0,0,0,0,0,0,2.1,0,1,0,0,MEDIUM
CVE-2014-125031,446,66,0,0,0,1,0,0,0,0,2.1,1,0,0,0,LOW
CVE-2014-125032,412,57,1,0,0,0,0,0,0,0,2.1,0,1,0,0,MEDIUM
CVE-2014-125033,524,72,0,0,0,0,0,0,0,0,2.1,0,1,0,0,LOW
CVE-2016-15006,646,96,0,0,0,0,0,0,0,0,2.2,1,0,0,0,LOW
CVE-2021-4298,517,61,1,0,0,0,0,0,0,0,2.1,0,1,0,0,MEDIUM
CVE-2021-4299,509,69,0,0,0,0,0,0,0,0,2.8,1,0,0,0,MEDIUM
CVE-2022-42475,356,49,0,1,0,0,1,0,1,0,3.9,1,0,0,0,CRITICAL
CVE-2014-125034,446,65,0,0,0,1,0,0,0,0,2.1,1,0,0,0,LOW
CVE-2015-10007,514,76,0,0,0,1,0,0,0,0,2.1,1,0,0,0,LOW
CVE-2015-10008,516,77,1,0,0,0,0,0,0,0,2.8,1,0,0,0,MEDIUM
CVE-2019-25093,554,73,0,0,0,1,0,0,0,0,0.9,1,0,0,0,LOW
CVE-2014-125035,401,56,0,0,0,1,0,0,0,0,2.1,1,0,0,0,LOW
CVE-2015-10009,581,82,1,0,0,0,0,0,0,0,2.1,0,1,0,0,MEDIUM
CVE-2017-20161,537,82,1,0,0,0,0,0,0,0,1.2,0,1,0,0,MEDIUM
CVE-2022-48197,286,40,0,0,0,1,0,0,0,0,2.8,1,0,0,0,MEDIUM
CVE-2023-22451,647,104,0,0,0,0,0,0,0,1,2.8,1,0,0,0,MEDIUM
CVE-2014-125037,379,56,1,0,0,0,0,0,0,0,2.1,0,1,0,0,MEDIUM
CVE-2014-125038,399,55,1,0,0,0,0,0,0,0,2.1,0,1,0,0,MEDIUM
CVE-2014-125036,571,85,0,0,0,0,0,0,0,0,1.2,0,1,0,0,LOW
CVE-2016-15007,485,62,1,0,0,0,0,0,0,0,2.1,0,1,0,0,MEDIUM
CVE-2023-22452,795,136,0,0,0,0,0,0,0,0,2.8,1,0,0,0,MEDIUM
CVE-2015-10010,530,82,0,0,0,1,0,0,0,0,1.6,1,0,0,0,LOW
CVE-2015-10011,403,55,0,0,0,0,0,0,0,0,2.1,0,1,0,0,MEDIUM
CVE-2022-3241,224,36,1,0,0,0,0,0,1,0,3.9,1,0,0,0,CRITICAL
CVE-2022-3860,235,40,1,0,0,0,0,0,0,0,2.8,1,0,0,0,HIGH
CVE-2022-3911,321,55,0,0,0,0,0,0,0,0,2.8,1,0,0,0,HIGH
CVE-2022-3936,292,43,0,0,0,1,0,0,0,0,1.7,1,0,0,0,MEDIUM
CVE-2022-3994,200,29,0,0,0,0,0,0,0,0,2.8,1,0,0,0,MEDIUM
CVE-2022-4049,191,31,1,0,0,0,0,0,1,0,3.9,1,0,0,0,CRITICAL
CVE-2022-4057,121,18,0,0,0,0,0,0,0,0,3.9,1,0,0,0,MEDIUM
CVE-2022-4059,221,35,1,0,0,0,0,0,1,0,3.9,1,0,0,0,CRITICAL
CVE-2022-4099,218,32,1,0,0,0,0,0,1,0,3.9,1,0,0,0,CRITICAL
CVE-2022-4109,278,44,0,0,0,0,0,0,0,0,1.2,1,0,0,0,LOW
CVE-2022-4114,173,28,0,0,0,1,0,0,0,0,2.3,1,0,0,0,MEDIUM
CVE-2022-4119,306,46,0,0,0,1,0,0,0,0,1.7,1,0,0,0,MEDIUM
CVE-2022-4140,211,34,0,0,0,0,0,0,1,0,3.9,1,0,0,0,HIGH
CVE-2022-4142,353,53,0,0,0,0,0,0,0,1,1.7,1,0,0,0,MEDIUM
CVE-2022-4198,290,44,0,0,0,1,0,0,0,0,1.7,1,0,0,0,MEDIUM
CVE-2022-4200,293,44,0,0,0,1,0,0,0,0,1.7,1,0,0,0,MEDIUM
CVE-2022-4236,282,49,0,0,0,0,0,0,0,0,2.8,1,0,0,0,MEDIUM
CVE-2022-4237,354,58,0,0,0,0,0,0,0,0,2.8,1,0,0,0,HIGH
CVE-2022-4256,304,45,0,0,0,1,0,0,0,0,1.7,1,0,0,0,MEDIUM
CVE-2022-4260,281,42,0,0,0,1,0,0,0,0,1.7,1,0,0,0,MEDIUM
CVE-2022-4297,225,35,1,0,0,0,0,0,1,0,3.9,1,0,0,0,CRITICAL
CVE-2022-4298,234,35,0,0,0,0,0,0,1,0,3.9,1,0,0,0,CRITICAL
CVE-2022-4302,218,34,1,0,0,0,0,0,0,0,1.2,1,0,0,0,HIGH
CVE-2022-4324,295,47,0,0,0,0,0,0,0,0,1.2,1,0,0,0,HIGH
CVE-2022-4329,306,47,0,0,0,1,0,0,1,0,2.8,1,0,0,0,MEDIUM
CVE-2022-4340,308,43,0,0,0,0,0,0,0,0,3.9,1,0,0,0,MEDIUM
CVE-2022-4351,211,36,1,0,0,0,0,0,0,0,1.2,1,0,0,0,HIGH
CVE-2022-4352,211,36,1,0,0,0,0,0,0,0,1.2,1,0,0,0,HIGH
CVE-2022-4355,208,34,1,0,0,0,0,0,0,0,1.2,1,0,0,0,HIGH
CVE-2022-4356,208,34,1,0,0,0,0,0,0,0,1.2,1,0,0,0,HIGH
CVE-2022-4357,213,34,1,0,0,0,0,0,1,0,3.9,1,0,0,0,CRITICAL
CVE-2022-4358,216,37,1,0,0,0,0,0,0,0,1.2,1,0,0,0,HIGH
CVE-2022-4359,216,37,1,0,0,0,0,0,0,0,1.2,1,0,0,0,HIGH
CVE-2022-4360,216,37,1,0,0,0,0,0,0,0,1.2,1,0,0,0,HIGH
CVE-2022-4362,213,34,0,0,0,1,0,0,0,0,2.3,1,0,0,0,MEDIUM
CVE-2022-4369,246,39,0,0,0,1,0,0,0,0,2.8,1,0,0,0,MEDIUM
CVE-2022-4370,215,37,1,0,0,0,0,0,0,0,1.2,1,0,0,0,HIGH
CVE-2022-4371,328,53,1,0,0,0,0,0,0,0,1.2,1,0,0,0,HIGH
CVE-2022-4372,328,53,1,0,0,0,0,0,0,0,1.2,1,0,0,0,HIGH
CVE-2022-4373,212,34,1,0,0,0,0,0,0,0,1.2,1,0,0,0,HIGH
CVE-2022-4381,213,34,0,0,0,1,0,0,0,0,2.3,1,0,0,0,MEDIUM
CVE-2022-4417,254,43,0,0,0,0,0,0,0,0,3.9,1,0,0,0,MEDIUM
CVE-2019-13768,188,30,0,0,0,0,0,0,0,0,2.8,1,0,0,0,HIGH
CVE-2021-21200,198,34,0,0,0,0,0,0,0,0,2.8,1,0,0,0,MEDIUM
CVE-2021-30558,217,31,0,0,0,0,0,0,0,0,2.8,1,0,0,0,HIGH
CVE-2022-0337,225,32,0,0,0,0,0,0,0,0,2.8,1,0,0,0,MEDIUM
CVE-2022-0801,194,28,0,0,0,1,0,0,0,0,2.8,1,0,0,0,MEDIUM
CVE-2022-2742,277,43,0,0,0,0,0,0,0,0,2.8,1,0,0,0,HIGH
CVE-2022-2743,286,46,0,1,0,0,0,0,0,0,2.8,1,0,0,0,HIGH
CVE-2022-3842,234,35,0,0,0,0,0,0,0,0,1.6,1,0,0,0,HIGH
CVE-2022-3863,196,30,0,0,0,0,0,0,0,0,1.6,1,0,0,0,MEDIUM
CVE-2022-4025,203,30,0,0,0,0,0,0,0,0,2.8,1,0,0,0,MEDIUM
CVE-2022-3460,160,24,0,0,0,0,0,0,0,0,3.9,1,0,0,0,HIGH
CVE-2022-3614,217,34,0,0,1,0,0,0,0,0,2.8,1,0,0,0,MEDIUM
CVE-2022-39039,277,37,0,0,0,0,0,0,1,0,3.9,1,0,0,0,CRITICAL
CVE-2022-39040,195,26,0,0,1,0,0,0,1,0,3.9,1,0,0,0,HIGH
CVE-2022-39041,218,30,0,0,0,0,0,0,1,0,3.9,1,0,0,0,CRITICAL
CVE-2022-39042,228,31,0,0,1,0,0,0,1,0,3.9,1,0,0,0,CRITICAL
CVE-2022-40740,266,35,1,0,0,0,0,0,0,1,1.2,1,0,0,0,HIGH
CVE-2022-41645,205,31,0,0,0,0,1,0,0,0,1.8,0,0,1,0,HIGH
CVE-2022-43436,232,35,0,0,0,0,0,0,0,0,2.8,1,0,0,0,HIGH
CVE-2022-43437,210,31,0,0,0,0,0,0,0,0,2.8,1,0,0,0,HIGH
CVE-2022-43438,279,38,0,0,0,0,0,0,0,1,2.8,1,0,0,0,HIGH
CVE-2022-43448,233,36,0,0,0,0,1,0,0,0,1.8,0,0,1,0,HIGH
CVE-2022-46304,368,50,1,0,0,0,0,0,1,0,2.8,1,0,0,0,HIGH
CVE-2022-46305,190,24,0,0,1,0,0,0,1,0,2.8,0,1,0,0,MEDIUM
CVE-2022-46306,408,61,0,0,0,0,0,0,1,0,2.8,1,0,0,0,HIGH
CVE-2022-46309,173,25,0,0,0,0,0,0,0,0,2.8,1,0,0,0,MEDIUM
CVE-2022-46360,232,36,0,0,0,0,1,0,0,0,1.8,0,0,1,0,HIGH
CVE-2022-47317,206,31,0,0,0,0,1,0,0,0,1.8,0,0,1,0,HIGH
CVE-2022-47618,212,30,0,0,0,0,0,0,1,1,3.9,1,0,0,0,CRITICAL
CVE-2022-47908,214,32,0,1,0,0,1,0,0,0,1.8,0,0,1,0,HIGH
CVE-2022-43931,205,26,0,0,0,0,0,0,0,0,3.9,1,0,0,0,CRITICAL
CVE-2012-10002,452,66,0,0,0,1,0,0,0,0,2.1,1,0,0,0,LOW
CVE-2015-10012,640,88,0,0,0,0,0,0,0,0,2.1,0,1,0,0,LOW
CVE-2013-10007,507,70,0,0,0,0,0,0,0,0,3.9,1,0,0,0,MEDIUM
CVE-2012-10003,436,60,0,0,0,1,0,0,0,0,2.1,1,0,0,0,LOW
CVE-2022-4871,547,74,1,0,0,0,0,0,0,0,1.2,1,0,0,0,MEDIUM
CVE-2022-4663,434,68,0,0,0,1,0,0,0,1,2.3,1,0,0,0,MEDIUM
CVE-2023-0038,408,60,0,0,0,1,0,0,1,0,3.9,1,0,0,0,HIGH
CVE-2022-38766,176,30,0,0,0,0,0,0,0,0,2.8,0,1,0,0,HIGH
CVE-2021-32821,375,60,0,0,0,0,0,1,0,0,2.5,0,0,1,0,MEDIUM
CVE-2022-35845,296,41,1,0,0,0,0,0,0,0,1.8,0,0,1,0,HIGH
CVE-2022-39947,404,57,1,0,0,0,0,0,1,0,2.8,1,0,0,0,HIGH
CVE-2022-41336,352,50,0,0,0,1,0,0,0,0,0.9,1,0,0,0,MEDIUM
CVE-2022-42471,305,41,0,0,0,0,0,0,0,0,2.8,1,0,0,0,MEDIUM
CVE-2021-32824,970,152,0,0,0,0,1,0,0,0,3.9,1,0,0,0,CRITICAL
CVE-2022-45143,320,49,0,0,0,0,0,0,0,0,3.9,1,0,0,0,HIGH
CVE-2023-22456,1263,194,0,0,0,1,0,0,0,0,2.8,1,0,0,0,MEDIUM
CVE-2022-45867,180,25,0,0,0,0,0,0,0,0,1.2,1,0,0,0,HIGH
CVE-2022-23506,1181,170,0,0,0,0,0,0,0,0,2.8,1,0,0,0,MEDIUM
CVE-2022-32623,267,41,0,0,0,0,0,0,0,0,0.8,0,0,1,0,MEDIUM
CVE-2022-32635,272,43,0,0,0,0,0,0,0,0,1.8,0,0,1,0,HIGH
CVE-2022-32636,269,41,0,1,0,0,0,0,0,0,0.8,0,0,1,0,MEDIUM
CVE-2022-32637,274,43,0,0,0,0,0,0,0,0,0.8,0,0,1,0,MEDIUM
CVE-2022-32638,259,41,0,0,0,0,0,0,0,0,0.5,0,0,1,0,MEDIUM
CVE-2022-32639,269,42,0,0,0,0,0,0,0,0,0.8,0,0,1,0,MEDIUM
CVE-2022-32640,271,43,0,0,0,0,0,0,0,0,0.8,0,0,1,0,MEDIUM
CVE-2022-32641,270,43,0,0,0,0,0,0,0,0,0.8,0,0,1,0,MEDIUM
CVE-2022-32644,254,40,0,0,0,0,0,0,0,0,0.5,0,0,1,0,MEDIUM
CVE-2022-32645,261,38,0,0,0,0,0,0,0,0,0.5,0,0,1,0,MEDIUM
CVE-2022-32646,264,41,0,1,0,0,0,0,0,0,0.8,0,0,1,0,MEDIUM
CVE-2022-32647,268,41,0,0,0,0,0,0,0,0,0.8,0,0,1,0,MEDIUM
CVE-2022-32648,255,40,0,0,0,0,0,0,0,0,0.5,0,0,1,0,MEDIUM
CVE-2022-32649,252,40,0,0,0,0,0,0,0,0,0.8,0,0,1,0,MEDIUM
CVE-2022-32650,255,40,0,0,0,0,0,0,0,0,0.8,0,0,1,0,MEDIUM
CVE-2022-32651,255,40,0,0,0,0,0,0,0,0,0.8,0,0,1,0,MEDIUM
CVE-2022-32652,255,40,0,0,0,0,0,0,0,0,0.8,0,0,1,0,MEDIUM
CVE-2022-32653,255,40,0,0,0,0,0,0,0,0,0.8,0,0,1,0,MEDIUM
CVE-2022-32657,277,40,0,0,0,0,0,0,0,0,0.8,0,0,1,0,MEDIUM
CVE-2022-32658,277,40,0,0,0,0,0,0,0,0,0.8,0,0,1,0,MEDIUM
CVE-2022-32659,277,40,0,0,0,0,0,0,0,0,0.8,0,0,1,0,MEDIUM
CVE-2022-32664,270,39,1,0,0,0,0,0,0,0,2.8,1,0,0,0,HIGH
CVE-2022-32665,272,40,1,0,0,0,0,0,0,0,3.9,1,0,0,0,CRITICAL
CVE-2022-36943,261,40,0,0,0,0,0,0,0,0,2.8,1,0,0,0,HIGH
CVE-2022-38627,183,24,1,0,0,0,0,0,0,0,3.9,1,0,0,0,CRITICAL
CVE-2022-44036,311,48,0,0,0,0,0,0,0,0,1.2,1,0,0,0,HIGH
CVE-2022-2967,237,37,0,0,0,0,0,0,0,0,0.6,0,0,1,0,MEDIUM
CVE-2022-38723,84,11,1,0,0,0,0,0,0,0,3.9,1,0,0,0,HIGH
CVE-2022-42710,180,22,0,0,0,1,0,0,0,0,2.3,1,0,0,0,MEDIUM
CVE-2022-42435,332,47,0,0,0,0,0,0,1,0,2.8,1,0,0,0,MEDIUM
CVE-2022-46081,256,37,0,0,0,0,0,0,0,0,3.9,1,0,0,0,HIGH
CVE-2010-10003,420,58,1,0,0,0,0,0,0,0,2.1,0,1,0,0,MEDIUM
CVE-2014-125039,434,64,0,0,0,1,0,0,0,0,2.1,1,0,0,0,LOW
CVE-2016-15008,508,58,0,0,0,1,0,0,0,0,2.1,1,0,0,0,LOW
CVE-2019-25094,555,80,0,0,0,1,0,0,0,0,2.1,1,0,0,0,LOW
CVE-2020-36639,477,67,0,0,0,0,0,0,0,0,0.9,0,1,0,0,MEDIUM
CVE-2022-38678,168,26,0,0,0,0,0,1,0,0,1.8,0,0,1,0,MEDIUM
CVE-2022-38682,168,26,0,0,0,0,0,1,0,0,1.8,0,0,1,0,MEDIUM
CVE-2022-38683,168,26,0,0,0,0,0,1,0,0,1.8,0,0,1,0,MEDIUM
CVE-2022-38684,168,26,0,0,0,0,0,1,0,0,1.8,0,0,1,0,MEDIUM
CVE-2022-39081,146,22,0,0,0,0,0,0,0,0,0.8,0,0,1,0,MEDIUM
CVE-2022-39082,146,22,0,0,0,0,0,0,0,0,0.8,0,0,1,0,MEDIUM
CVE-2022-39083,146,22,0,0,0,0,0,0,0,0,0.8,0,0,1,0,MEDIUM
CVE-2022-39084,146,22,0,0,0,0,0,0,0,0,0.8,0,0,1,0,MEDIUM
CVE-2022-39085,146,22,0,0,0,0,0,0,0,0,0.8,0,0,1,0,MEDIUM
CVE-2022-39086,146,22,0,0,0,0,0,0,0,0,0.8,0,0,1,0,MEDIUM
CVE-2022-39087,146,22,0,0,0,0,0,0,0,0,0.8,0,0,1,0,MEDIUM
CVE-2022-39088,146,22,0,0,0,0,0,0,0,0,0.8,0,0,1,0,MEDIUM
CVE-2022-39104,168,26,0,0,0,0,0,1,0,0,1.8,0,0,1,0,MEDIUM
CVE-2022-39116,148,27,0,0,0,0,0,1,0,0,1.8,0,0,1,0,MEDIUM
CVE-2022-39118,148,27,0,0,0,0,0,1,0,0,1.8,0,0,1,0,MEDIUM
CVE-2022-44422,165,26,0,0,0,0,0,1,0,0,1.8,0,0,1,0,MEDIUM
CVE-2022-44423,165,26,0,0,0,0,0,1,0,0,1.8,0,0,1,0,MEDIUM
CVE-2022-44424,165,26,0,0,0,0,0,1,0,0,1.8,0,0,1,0,MEDIUM
CVE-2022-44425,118,21,0,0,0,0,0,1,0,0,1.8,0,0,1,0,MEDIUM
CVE-2022-44426,118,21,0,0,0,0,0,1,0,0,1.8,0,0,1,0,MEDIUM
CVE-2022-44427,118,21,0,0,0,0,0,1,0,0,1.8,0,0,1,0,MEDIUM
CVE-2022-44428,118,21,0,0,0,0,0,1,0,0,1.8,0,0,1,0,MEDIUM
CVE-2022-44429,118,21,0,0,0,0,0,1,0,0,1.8,0,0,1,0,MEDIUM
CVE-2022-44430,118,21,0,0,0,0,0,1,0,0,1.8,0,0,1,0,MEDIUM
CVE-2022-44431,118,21,0,0,0,0,0,1,0,0,1.8,0,0,1,0,MEDIUM
CVE-2022-44432,118,21,0,0,0,0,0,1,0,0,1.8,0,0,1,0,MEDIUM
CVE-2022-44434,169,26,0,0,0,0,0,1,0,0,1.8,0,0,1,0,MEDIUM
CVE-2022-44435,169,26,0,0,0,0,0,1,0,0,1.8,0,0,1,0,MEDIUM
CVE-2022-44436,169,26,0,0,0,0,0,1,0,0,1.8,0,0,1,0,MEDIUM
CVE-2022-44437,169,26,0,0,0,0,0,1,0,0,1.8,0,0,1,0,MEDIUM
CVE-2022-44438,169,26,0,0,0,0,0,1,0,0,1.8,0,0,1,0,MEDIUM
CVE-2022-44439,169,26,0,0,0,0,0,1,0,0,1.8,0,0,1,0,MEDIUM
CVE-2022-44440,118,21,0,0,0,0,0,1,0,0,1.8,0,0,1,0,MEDIUM
CVE-2022-44441,118,21,0,0,0,0,0,1,0,0,1.8,0,0,1,0,MEDIUM
CVE-2022-44442,118,21,0,0,0,0,0,1,0,0,1.8,0,0,1,0,MEDIUM
CVE-2022-44443,118,21,0,0,0,0,0,1,0,0,1.8,0,0,1,0,MEDIUM
CVE-2022-44444,118,21,0,0,0,0,0,1,0,0,1.8,0,0,1,0,MEDIUM
CVE-2022-44445,118,21,0,0,0,0,0,1,0,0,1.8,0,0,1,0,MEDIUM
CVE-2022-44446,118,21,0,0,0,0,0,1,0,0,1.8,0,0,1,0,MEDIUM
CVE-2023-0046,124,16,0,0,0,0,0,0,0,0,1.2,1,0,0,0,HIGH
CVE-2023-0048,79,9,1,0,0,0,0,0,0,0,2.8,1,0,0,0,HIGH
CVE-2022-45875,321,45,0,0,0,0,0,0,0,0,3.9,1,0,0,0,CRITICAL
CVE-2023-22457,925,144,0,0,0,0,1,0,0,0,2.3,1,0,0,0,CRITICAL
CVE-2023-22460,703,120,0,0,0,0,0,0,0,0,3.9,1,0,0,0,HIGH
CVE-2023-22461,469,69,0,0,0,1,0,0,0,0,2.3,1,0,0,0,HIGH
CVE-2022-48216,100,14,0,0,0,0,0,0,0,0,1.6,1,0,0,0,HIGH
CVE-2023-0049,66,9,0,0,0,0,0,0,0,0,1.8,0,0,1,0,HIGH
CVE-2023-22463,767,127,0,0,0,0,0,0,0,1,3.9,1,0,0,0,CRITICAL
CVE-2023-22464,1301,198,0,0,0,1,0,0,0,0,2.3,1,0,0,0,MEDIUM
CVE-2023-22465,480,73,0,0,0,0,0,0,0,0,3.9,1,0,0,0,HIGH
CVE-2022-46180,531,73,0,0,0,0,0,0,0,0,3.1,1,0,0,0,MEDIUM
CVE-2021-38928,298,44,0,0,0,0,0,0,0,0,2.8,1,0,0,0,MEDIUM
CVE-2022-22337,157,21,0,0,0,0,0,0,0,0,2.8,1,0,0,0,MEDIUM
CVE-2022-22338,289,43,1,0,0,0,0,0,0,0,2.8,1,0,0,0,MEDIUM
CVE-2022-22352,327,45,0,0,0,1,0,0,0,0,2.3,1,0,0,0,MEDIUM
CVE-2022-25926,150,21,1,0,0,0,0,0,0,0,1.4,0,0,1,0,HIGH
CVE-2022-43920,235,36,0,0,0,0,0,0,0,0,2.8,1,0,0,0,MEDIUM
CVE-2022-46456,116,16,0,1,0,0,0,0,0,0,1.8,0,0,1,0,MEDIUM
CVE-2022-46457,116,15,0,0,0,0,0,0,0,0,1.8,0,0,1,0,MEDIUM
CVE-2023-0051,74,10,0,1,0,0,0,0,0,0,1.8,0,0,1,0,HIGH
CVE-2022-45049,246,38,0,0,0,1,0,0,0,0,2.8,1,0,0,0,MEDIUM
CVE-2022-45051,257,38,0,0,0,1,0,0,0,0,2.8,1,0,0,0,MEDIUM
CVE-2022-45052,236,37,0,0,0,0,0,0,0,0,2.8,1,0,0,0,HIGH
CVE-2022-48217,488,72,0,0,0,0,0,0,0,0,2.2,1,0,0,0,HIGH
CVE-2023-0054,67,9,0,0,0,0,0,0,0,0,1.8,0,0,1,0,HIGH
CVE-2021-4300,555,75,0,0,0,0,0,0,0,0,2.8,1,0,0,0,MEDIUM
CVE-2021-4302,494,73,0,0,0,1,0,0,0,0,2.1,1,0,0,0,LOW
CVE-2022-4875,414,58,0,0,0,1,0,0,0,0,0.9,1,0,0,0,LOW
CVE-2023-0055,119,15,0,0,0,0,0,0,0,0,3.9,1,0,0,0,MEDIUM
CVE-2023-22466,824,122,0,0,0,0,0,0,0,0,2.8,1,0,0,0,MEDIUM
CVE-2023-22467,587,93,0,0,0,0,0,1,0,0,3.9,1,0,0,0,HIGH
CVE-2022-4876,537,72,0,0,0,1,0,0,0,0,2.1,1,0,0,0,LOW
CVE-2023-0057,111,15,0,0,0,0,0,0,0,0,2.8,1,0,0,0,MEDIUM
CVE-2023-22622,433,66,0,0,0,0,0,0,0,0,1.6,0,1,0,0,MEDIUM
CVE-2022-22371,229,34,0,0,0,0,0,0,0,0,2.1,0,1,0,0,MEDIUM
CVE-2022-34330,327,45,0,0,0,1,0,0,0,0,2.8,1,0,0,0,MEDIUM
CVE-2022-37933,370,55,1,0,0,0,0,0,1,0,1.5,0,0,1,0,HIGH
CVE-2022-37934,399,56,0,0,0,0,0,0,0,0,2.3,1,0,0,0,MEDIUM
CVE-2022-43519,993,116,1,0,0,0,0,0,0,0,2.8,1,0,0,0,HIGH
CVE-2022-43520,993,116,1,0,0,0,0,0,0,0,2.8,1,0,0,0,HIGH
CVE-2022-43521,993,116,1,0,0,0,0,0,0,0,2.8,1,0,0,0,HIGH
CVE-2022-43522,993,116,1,0,0,0,0,0,0,0,2.8,1,0,0,0,HIGH
CVE-2022-43523,993,116,1,0,0,0,0,0,0,0,2.8,1,0,0,0,HIGH
CVE-2022-43524,911,113,0,0,0,1,0,0,0,0,2.3,1,0,0,0,HIGH
CVE-2022-43525,901,112,0,0,0,1,0,0,0,0,2.8,1,0,0,0,MEDIUM
CVE-2022-43526,901,112,0,0,0,1,0,0,0,0,2.8,1,0,0,0,MEDIUM
CVE-2022-43527,901,112,0,0,0,1,0,0,0,0,2.8,1,0,0,0,MEDIUM
CVE-2022-43528,807,94,0,0,0,0,0,0,0,0,2.2,1,0,0,0,MEDIUM
CVE-2022-43529,932,116,0,0,0,0,0,0,0,0,2.1,1,0,0,0,MEDIUM
CVE-2022-43530,559,75,1,0,0,0,0,0,0,0,2.8,1,0,0,0,HIGH
CVE-2022-43531,558,75,1,0,0,0,0,0,0,0,2.8,1,0,0,0,HIGH
CVE-2022-43532,516,75,0,0,0,1,0,0,0,0,1.6,1,0,0,0,HIGH
CVE-2022-43533,405,61,0,0,0,0,1,0,0,1,1.8,0,0,1,0,HIGH
CVE-2022-43534,405,61,0,0,0,0,1,0,0,1,1.8,0,0,1,0,HIGH
CVE-2022-43535,426,62,0,0,0,0,1,0,0,0,1.8,0,0,1,0,HIGH
CVE-2022-43536,467,64,0,0,0,0,0,0,0,1,1.2,1,0,0,0,HIGH
CVE-2022-43537,467,64,0,0,0,0,0,0,0,1,1.2,1,0,0,0,HIGH
CVE-2022-43538,467,64,0,0,0,0,0,0,0,1,1.2,1,0,0,0,HIGH
CVE-2022-43539,500,71,0,0,0,0,0,0,1,0,0.9,0,1,0,0,MEDIUM
CVE-2022-43540,415,61,0,0,0,0,0,0,0,0,1.8,0,0,1,0,MEDIUM
CVE-2022-44534,864,104,0,0,0,0,0,0,0,1,1.2,1,0,0,0,HIGH
CVE-2022-44535,889,104,0,0,0,0,0,0,0,0,2.8,1,0,0,0,HIGH
CVE-2019-25095,491,72,0,0,0,1,0,0,0,0,2.1,1,0,0,0,LOW
CVE-2019-25096,477,67,0,0,0,1,0,0,0,0,2.1,1,0,0,0,LOW
CVE-2019-25097,458,66,0,0,0,0,0,0,0,0,2.1,0,1,0,0,MEDIUM
CVE-2019-25098,481,69,0,0,0,0,0,0,0,0,2.1,0,1,0,0,MEDIUM
CVE-2022-45857,249,37,0,0,0,0,0,0,0,0,0.7,0,1,0,0,MEDIUM
CVE-2022-47523,141,21,1,0,0,0,0,0,0,0,3.9,1,0,0,0,CRITICAL
CVE-2023-22626,273,42,0,0,0,0,0,0,0,0,3.9,1,0,0,0,HIGH
CVE-2016-15009,438,64,0,0,0,0,0,0,0,0,2.1,1,0,0,0,LOW
CVE-2016-15010,659,93,0,0,0,1,0,0,0,0,2.1,1,0,0,0,LOW
CVE-2018-25064,418,61,0,0,0,1,0,0,0,0,2.1,1,0,0,0,LOW
CVE-2021-4303,667,98,0,0,0,1,0,0,0,0,0.5,1,0,0,0,LOW
CVE-2022-4869,510,70,0,0,0,0,0,0,0,0,2.1,1,0,0,0,LOW
CVE-2015-10013,481,69,0,0,0,1,0,0,0,0,2.1,1,0,0,0,LOW
CVE-2018-25065,479,65,0,0,0,1,0,0,0,0,2.1,1,0,0,0,LOW
CVE-2020-36640,549,63,0,0,0,0,0,0,0,0,2.1,0,1,0,0,MEDIUM
CVE-2021-4304,460,65,1,0,0,0,0,0,0,0,2.8,1,0,0,0,MEDIUM
CVE-2022-43932,272,36,1,0,0,0,0,0,0,0,3.9,1,0,0,0,HIGH
CVE-2022-4877,496,73,0,0,0,1,0,0,0,0,2.1,1,0,0,0,LOW
CVE-2023-0077,200,26,0,1,0,0,0,0,0,0,3.9,1,0,0,0,MEDIUM
CVE-2021-4305,500,74,0,0,0,0,0,0,0,0,2.1,0,1,0,0,LOW
CVE-2007-10001,310,48,1,0,0,0,0,0,0,0,2.1,0,1,0,0,LOW
CVE-2017-20162,576,87,0,0,0,0,0,0,0,0,2.8,1,0,0,0,MEDIUM
CVE-2020-36641,503,63,0,0,0,0,0,0,0,0,2.1,0,1,0,0,MEDIUM
CVE-2014-125040,440,60,1,0,0,0,0,0,0,0,2.1,0,1,0,0,MEDIUM
CVE-2015-10014,357,52,1,0,0,0,0,0,0,0,2.1,0,1,0,0,MEDIUM
CVE-2022-45995,231,35,0,1,0,0,1,0,1,0,3.9,1,0,0,0,CRITICAL
CVE-2014-125041,335,46,1,0,0,0,0,0,0,0,2.1,0,1,0,0,MEDIUM
CVE-2015-10015,351,49,1,0,0,0,0,0,0,0,2.1,0,1,0,0,MEDIUM
CVE-2022-3715,146,24,0,1,0,0,0,0,0,0,1.8,0,0,1,0,HIGH
CVE-2022-46489,139,16,0,0,0,0,0,0,0,0,1.8,0,0,1,0,MEDIUM
CVE-2022-46490,137,16,0,0,0,0,0,0,0,0,1.8,0,0,1,0,MEDIUM
CVE-2022-47086,138,13,0,0,0,0,0,0,0,0,1.8,0,0,1,0,MEDIUM
CVE-2022-47087,127,12,0,1,0,0,0,0,0,0,1.8,0,0,1,0,HIGH
CVE-2022-47088,71,8,0,1,0,0,0,0,0,0,1.8,0,0,1,0,HIGH
CVE-2022-47089,139,13,0,1,0,0,0,0,0,0,1.8,0,0,1,0,HIGH
CVE-2022-47091,125,13,0,1,0,0,0,0,0,0,1.8,0,0,1,0,HIGH
CVE-2022-47092,157,14,0,1,0,0,0,0,0,0,1.8,0,0,1,0,HIGH
CVE-2022-47093,124,12,0,0,0,0,0,0,0,0,1.8,0,0,1,0,HIGH
CVE-2022-47094,129,13,0,0,0,0,0,0,0,0,1.8,0,0,1,0,HIGH
CVE-2022-47095,135,13,0,1,0,0,0,0,0,0,1.8,0,0,1,0,HIGH
CVE-2022-47653,136,13,0,1,0,0,0,0,0,0,1.8,0,0,1,0,HIGH
CVE-2022-47654,144,13,0,1,0,0,0,0,0,0,1.8,0,0,1,0,HIGH
CVE-2022-47655,98,12,0,1,0,0,0,0,0,0,1.8,0,0,1,0,HIGH
CVE-2022-47656,144,13,0,1,0,0,0,0,0,0,1.8,0,0,1,0,HIGH
CVE-2022-47657,140,13,0,1,0,0,0,0,0,0,1.8,0,0,1,0,HIGH
CVE-2022-47658,144,13,0,1,0,0,0,0,0,0,1.8,0,0,1,0,HIGH
CVE-2022-47659,89,10,0,1,0,0,0,0,0,0,1.8,0,0,1,0,HIGH
CVE-2022-47660,89,10,0,1,0,0,0,0,0,0,1.8,0,0,1,0,HIGH
CVE-2022-47661,141,12,0,1,0,0,0,0,0,0,1.8,0,0,1,0,HIGH
CVE-2022-47662,141,16,0,1,0,0,0,0,0,0,1.8,0,0,1,0,MEDIUM
CVE-2022-47663,116,11,0,1,0,0,0,0,0,0,1.8,0,0,1,0,HIGH
CVE-2022-4378,228,38,0,1,0,0,0,1,0,0,1.8,0,0,1,0,HIGH
CVE-2023-0086,493,79,0,0,0,1,0,0,1,1,2.8,1,0,0,0,MEDIUM
CVE-2022-41740,193,29,0,0,0,0,0,0,0,0,0.9,0,0,0,1,MEDIUM
CVE-2022-43573,177,27,0,0,0,0,0,0,0,0,1.6,1,0,0,0,LOW
CVE-2022-43844,242,41,0,0,0,0,0,0,0,0,2.8,1,0,0,0,HIGH
CVE-2022-46168,813,138,0,0,0,0,0,0,0,0,2.1,1,0,0,0,LOW
CVE-2022-4432,190,25,0,0,0,0,0,0,0,0,0.8,0,0,1,0,MEDIUM
CVE-2022-4433,190,25,0,0,0,0,0,0,0,0,0.8,0,0,1,0,MEDIUM
CVE-2022-4434,169,24,0,0,0,0,0,0,0,0,0.8,0,0,1,0,MEDIUM
CVE-2022-4435,197,25,0,0,0,0,0,0,0,0,0.8,0,0,1,0,MEDIUM
CVE-2022-23546,277,39,0,0,0,0,0,0,0,0,1.8,0,0,1,0,MEDIUM
CVE-2022-23548,346,51,0,0,0,0,0,1,0,0,2.8,1,0,0,0,MEDIUM
CVE-2022-23549,411,63,0,0,0,0,0,0,0,0,2.1,1,0,0,0,MEDIUM
CVE-2023-0087,552,73,0,0,0,1,0,0,0,1,2.3,1,0,0,0,MEDIUM
CVE-2023-0088,459,72,0,0,0,0,0,0,1,1,2.8,1,0,0,0,HIGH
CVE-2014-125044,481,70,0,0,0,0,0,0,0,0,2.8,1,0,0,0,MEDIUM
CVE-2017-20163,393,58,1,0,0,0,0,0,0,0,2.1,0,1,0,0,MEDIUM
CVE-2022-46177,762,119,0,0,0,0,0,0,0,0,0.5,1,0,0,0,MEDIUM
CVE-2023-22453,382,58,0,0,0,0,0,0,1,0,3.9,1,0,0,0,MEDIUM
CVE-2023-22454,552,85,0,0,0,1,0,0,0,0,2.1,1,0,0,0,HIGH
CVE-2022-47543,101,17,0,0,0,0,0,0,0,0,3.9,1,0,0,0,MEDIUM
CVE-2022-47544,117,15,0,0,0,0,0,0,0,0,3.9,1,0,0,0,CRITICAL
CVE-2023-22455,443,66,0,0,0,1,0,0,0,0,0.9,1,0,0,0,MEDIUM
CVE-2014-125045,409,59,1,0,0,0,0,0,0,0,2.1,0,1,0,0,MEDIUM
CVE-2021-40341,1552,115,0,0,0,0,0,0,0,0,2.5,0,0,1,0,HIGH
CVE-2021-40342,1586,122,0,0,0,0,0,0,0,0,2.5,0,0,1,0,HIGH
CVE-2022-3927,1486,127,0,0,0,0,0,0,0,0,1.3,1,0,0,0,HIGH
CVE-2022-3928,1371,104,0,0,0,0,0,0,0,0,2.5,0,0,1,0,HIGH
CVE-2022-3929,1433,111,0,0,0,0,0,0,0,0,1.6,0,1,0,0,HIGH
CVE-2021-32828,287,43,0,0,0,1,1,0,0,0,2.3,1,0,0,0,MEDIUM
CVE-2022-44877,192,29,0,0,0,0,0,0,0,0,3.9,1,0,0,0,CRITICAL
CVE-2022-40049,187,25,1,0,0,0,0,0,0,0,3.9,1,0,0,0,HIGH
CVE-2022-44870,225,32,0,0,0,1,0,0,0,0,2.8,1,0,0,0,MEDIUM
CVE-2022-42979,170,28,0,0,0,0,0,0,0,0,2.8,1,0,0,0,HIGH
CVE-2022-25923,163,21,1,0,0,0,0,0,0,0,1.4,0,0,1,0,HIGH
CVE-2023-22671,192,21,1,0,0,0,0,0,0,0,3.9,1,0,0,0,CRITICAL
CVE-2014-125046,378,51,1,0,0,0,0,0,0,0,2.1,0,1,0,0,MEDIUM
CVE-2015-10016,430,60,1,0,0,0,0,0,0,0,2.1,0,1,0,0,MEDIUM
CVE-2016-15011,542,66,0,0,0,0,0,0,0,0,2.1,0,1,0,0,MEDIUM
CVE-2022-45787,284,42,0,0,0,0,0,0,0,0,1.8,0,0,1,0,MEDIUM
CVE-2022-45935,301,46,0,0,0,0,0,0,0,0,1.8,0,0,1,0,MEDIUM
CVE-2022-4878,461,62,0,0,0,0,0,0,0,0,2.1,0,1,0,0,MEDIUM
CVE-2015-10017,368,52,1,0,0,0,0,0,0,0,2.1,0,1,0,0,MEDIUM
CVE-2018-25066,410,59,1,0,0,0,0,0,0,0,2.1,0,1,0,0,MEDIUM
CVE-2020-36642,473,63,1,0,0,0,0,0,0,0,2.1,0,1,0,0,MEDIUM
CVE-2022-4879,472,67,0,0,0,0,0,0,0,0,2.1,0,1,0,0,MEDIUM
CVE-2014-125047,338,48,1,0,0,0,0,0,0,0,2.1,0,1,0,0,MEDIUM
CVE-2014-125048,388,53,0,0,0,0,0,0,0,0,2.8,0,1,0,0,MEDIUM
CVE-2014-125049,496,75,1,0,0,0,0,0,0,0,2.1,0,1,0,0,MEDIUM
CVE-2015-10018,495,63,1,0,0,0,0,0,0,0,2.1,0,1,0,0,MEDIUM
CVE-2019-25099,379,54,0,0,0,0,0,0,0,0,2.1,0,1,0,0,MEDIUM
CVE-2023-22475,1262,184,0,0,0,1,0,0,0,0,2.8,1,0,0,0,MEDIUM
CVE-2014-125050,376,54,1,0,0,0,0,0,0,0,2.1,0,1,0,0,MEDIUM
CVE-2014-125051,472,64,1,0,0,0,0,0,0,0,2.1,0,1,0,0,MEDIUM
CVE-2022-44149,241,35,0,0,0,0,0,0,0,0,2.8,1,0,0,0,HIGH
CVE-2022-39072,239,36,1,0,0,1,0,0,0,0,2.3,1,0,0,0,MEDIUM
CVE-2022-39073,184,27,1,0,0,0,0,0,0,0,3.9,1,0,0,0,CRITICAL
CVE-2021-46867,146,19,0,0,0,0,0,0,0,0,3.9,1,0,0,0,HIGH
CVE-2021-46868,146,19,0,0,0,0,0,0,0,0,3.9,1,0,0,0,HIGH
CVE-2022-46761,174,26,0,0,0,0,0,0,0,0,3.9,1,0,0,0,HIGH
CVE-2022-46762,140,17,0,0,0,0,0,0,0,0,3.9,1,0,0,0,HIGH
CVE-2022-47974,165,24,0,0,0,0,0,1,0,0,2.8,0,1,0,0,MEDIUM
CVE-2022-47975,127,17,0,0,0,0,0,0,0,0,3.9,1,0,0,0,HIGH
CVE-2022-47976,197,25,0,0,0,0,0,0,0,0,3.9,1,0,0,0,HIGH
CVE-2014-125052,415,51,1,0,0,0,0,0,0,0,2.1,0,1,0,0,MEDIUM
CVE-2018-25067,524,68,1,0,0,0,0,0,0,1,2.1,0,1,0,0,MEDIUM
CVE-2018-25068,615,70,0,0,0,0,0,0,0,0,2.8,1,0,0,0,MEDIUM
CVE-2013-10008,328,49,1,0,0,0,0,0,0,0,2.1,0,1,0,0,MEDIUM
CVE-2022-2482,290,45,0,0,0,0,1,0,0,0,2.0,0,0,1,0,HIGH
CVE-2022-2483,274,41,0,0,0,0,0,0,0,0,2.0,0,0,1,0,HIGH
CVE-2022-2484,249,38,0,0,0,0,0,0,0,0,2.0,0,0,1,0,HIGH
CVE-2022-40201,217,32,0,1,0,0,1,0,0,0,1.8,0,0,1,0,HIGH
CVE-2022-41613,247,35,0,0,0,0,1,1,0,0,1.8,0,0,1,0,HIGH
CVE-2022-44939,213,31,0,0,0,0,1,0,0,0,1.8,0,0,1,0,HIGH
CVE-2014-125053,508,71,1,0,0,0,0,0,0,0,2.1,0,1,0,0,MEDIUM
CVE-2022-45911,327,53,0,0,0,1,0,0,0,0,2.8,1,0,0,0,MEDIUM
CVE-2022-45913,183,28,0,0,0,1,0,0,0,0,2.8,1,0,0,0,MEDIUM
CVE-2023-0106,88,12,0,0,0,1,0,0,0,0,2.3,1,0,0,0,MEDIUM
CVE-2023-0107,88,12,0,0,0,1,0,0,0,0,2.3,1,0,0,0,MEDIUM
CVE-2023-0108,88,12,0,0,0,1,0,0,0,0,2.3,1,0,0,0,MEDIUM
CVE-2023-0110,88,12,0,0,0,1,0,0,0,0,2.3,1,0,0,0,MEDIUM
CVE-2023-0111,88,12,0,0,0,1,0,0,0,0,2.3,1,0,0,0,MEDIUM
CVE-2023-0112,88,12,0,0,0,1,0,0,0,0,2.3,1,0,0,0,MEDIUM
CVE-2024-21732,72,10,0,0,0,1,0,0,0,0,2.8,1,0,0,0,MEDIUM
CVE-2023-5877,339,38,0,0,0,0,0,0,1,0,3.9,1,0,0,0,CRITICAL
CVE-2023-6000,189,29,0,0,0,1,0,0,0,0,2.8,1,0,0,0,MEDIUM
CVE-2023-6037,300,45,0,0,0,1,0,0,0,0,1.7,1,0,0,0,MEDIUM
CVE-2023-6064,168,19,0,0,0,0,0,0,0,0,3.9,1,0,0,0,HIGH
CVE-2023-6113,260,37,0,0,0,0,0,0,1,0,3.9,1,0,0,0,HIGH
CVE-2023-6271,231,31,0,0,0,0,0,0,0,0,3.9,1,0,0,0,HIGH
CVE-2023-6421,137,20,0,0,0,0,0,0,0,0,3.9,1,0,0,0,HIGH
CVE-2023-6485,327,49,0,0,0,1,0,0,0,0,2.3,1,0,0,0,MEDIUM
CVE-2024-0181,485,72,0,0,0,1,0,0,0,0,0.9,1,0,0,0,LOW
CVE-2023-50094,233,32,1,0,0,0,0,0,0,1,2.8,1,0,0,0,HIGH
CVE-2023-50096,381,56,0,1,0,0,1,0,0,0,1.6,0,1,0,0,HIGH
CVE-2024-0182,366,54,1,0,0,0,0,0,0,0,3.9,1,0,0,0,HIGH
CVE-2024-0183,427,68,0,0,0,1,0,0,0,0,0.9,1,0,0,0,LOW
CVE-2024-0184,459,69,0,0,0,1,0,0,0,0,0.9,1,0,0,0,LOW
CVE-2024-0185,422,65,0,0,0,0,0,0,0,0,1.2,1,0,0,0,MEDIUM
CVE-2024-0186,512,81,0,0,0,0,0,0,0,0,2.2,1,0,0,0,LOW
CVE-2023-32831,267,41,0,0,0,0,0,0,0,0,1.8,0,0,1,0,MEDIUM
CVE-2023-32872,272,42,0,0,0,0,0,0,0,0,0.8,0,0,1,0,MEDIUM
CVE-2023-32874,286,45,0,0,0,0,1,0,0,0,3.9,1,0,0,0,CRITICAL
CVE-2023-32875,274,39,0,0,0,0,0,0,0,0,0.8,0,0,1,0,MEDIUM
CVE-2023-32876,274,39,0,0,0,0,0,0,0,0,0.8,0,0,1,0,MEDIUM
CVE-2023-32877,269,42,0,0,0,0,0,0,0,0,0.8,0,0,1,0,MEDIUM
CVE-2023-32878,271,39,0,0,0,0,0,0,0,0,0.8,0,0,1,0,MEDIUM
CVE-2023-32879,269,42,0,0,0,0,0,0,0,0,0.8,0,0,1,0,MEDIUM
CVE-2023-32880,271,39,0,0,0,0,0,0,0,0,0.8,0,0,1,0,MEDIUM
CVE-2023-32881,268,38,0,1,0,0,0,0,0,0,0.8,0,0,1,0,MEDIUM
CVE-2023-32882,267,40,0,1,0,0,0,0,0,0,0.8,0,0,1,0,MEDIUM
CVE-2023-32883,275,43,0,0,0,0,0,0,0,0,0.8,0,0,1,0,MEDIUM
CVE-2023-32884,277,40,0,0,0,0,0,0,0,0,0.8,0,0,1,0,MEDIUM
CVE-2023-32885,271,41,0,1,0,0,0,0,0,0,0.8,0,0,1,0,MEDIUM
CVE-2023-32886,280,46,0,0,0,0,0,1,0,0,3.9,1,0,0,0,HIGH
CVE-2023-32887,282,44,0,0,0,0,0,1,0,0,3.9,1,0,0,0,HIGH
CVE-2023-32888,291,47,0,0,0,0,0,1,0,0,3.9,1,0,0,0,HIGH
CVE-2023-32889,291,47,0,0,0,0,0,1,0,0,3.9,1,0,0,0,HIGH
CVE-2023-32890,279,42,0,0,0,0,0,1,0,0,3.9,1,0,0,0,HIGH
CVE-2023-32891,277,42,0,0,0,0,0,0,0,0,0.8,0,0,1,0,MEDIUM
CVE-2023-26157,170,23,0,0,0,0,0,1,0,0,1.8,0,0,1,0,MEDIUM
CVE-2023-26159,422,62,0,0,0,0,0,0,0,0,3.9,1,0,0,0,HIGH
CVE-2023-28583,126,19,0,1,0,0,0,0,0,0,0.8,0,0,1,0,MEDIUM
CVE-2023-33014,72,10,0,0,0,0,0,0,0,0,0.9,0,0,0,1,HIGH
CVE-2023-33025,82,14,0,1,0,0,0,0,0,0,3.9,1,0,0,0,CRITICAL
CVE-2023-33030,59,8,0,1,0,0,0,0,0,0,2.5,0,0,1,0,CRITICAL
CVE-2023-33032,86,14,0,1,0,0,0,0,0,0,2.5,0,0,1,0,CRITICAL
CVE-2023-33033,67,9,0,1,0,0,0,0,0,0,2.5,0,0,1,0,HIGH
CVE-2023-33036,86,14,0,0,0,0,0,1,0,0,2.5,0,0,1,0,HIGH
CVE-2023-33037,95,14,0,0,0,0,0,0,0,0,1.8,0,0,1,0,HIGH
CVE-2023-33038,75,11,0,1,0,0,0,0,0,0,0.8,0,0,1,0,MEDIUM
CVE-2023-33040,50,8,0,0,0,0,0,1,0,0,3.9,1,0,0,0,HIGH
CVE-2023-33062,59,10,0,0,0,0,0,1,0,0,3.9,1,0,0,0,HIGH
CVE-2023-33085,62,9,0,1,0,0,0,0,0,0,1.8,0,0,1,0,HIGH
CVE-2023-33094,70,9,0,1,0,0,0,0,0,0,2.5,0,0,1,0,HIGH
CVE-2023-33108,113,13,0,1,0,0,0,0,0,0,2.5,0,0,1,0,HIGH
CVE-2023-33109,86,14,0,0,0,0,0,1,0,0,3.9,1,0,0,0,HIGH
CVE-2023-33110,267,43,0,1,0,0,0,0,0,0,1.8,0,0,1,0,HIGH
CVE-2023-33112,94,12,0,0,0,0,0,1,0,0,3.9,1,0,0,0,HIGH
CVE-2023-33113,102,15,0,1,0,0,0,0,0,0,2.5,0,0,1,0,HIGH
CVE-2023-33114,140,18,0,1,0,0,0,0,0,0,2.5,0,0,1,0,HIGH
CVE-2023-33116,71,9,0,0,0,0,0,1,0,0,3.9,1,0,0,0,HIGH
CVE-2023-33117,142,21,0,1,0,0,0,0,0,0,1.8,0,0,1,0,HIGH
CVE-2023-33118,151,24,0,1,0,0,0,0,0,0,1.8,0,0,1,0,HIGH
CVE-2023-33120,85,13,0,1,0,0,0,0,0,0,1.8,0,0,1,0,HIGH
CVE-2023-43511,141,21,0,0,0,0,0,1,0,0,3.9,1,0,0,0,HIGH
CVE-2023-43512,175,30,0,0,0,0,0,1,0,0,3.9,1,0,0,0,HIGH
CVE-2023-43514,106,17,0,1,0,0,0,0,0,0,2.5,0,0,1,0,HIGH
CVE-2023-47039,676,102,0,0,0,0,0,0,0,1,1.8,0,0,1,0,HIGH
CVE-2023-47216,102,16,0,0,0,0,0,1,0,0,1.4,0,0,1,0,LOW
CVE-2023-47857,128,19,0,0,0,0,0,1,0,0,2.5,0,0,1,0,MEDIUM
CVE-2023-48360,128,19,0,0,0,0,0,1,0,0,2.5,0,0,1,0,MEDIUM
CVE-2023-49135,128,19,0,0,0,0,0,1,0,0,2.5,0,0,1,0,MEDIUM
CVE-2023-49142,127,19,0,0,0,0,0,1,0,0,2.5,0,0,1,0,MEDIUM
CVE-2023-47858,256,35,0,0,0,0,0,0,0,0,2.8,1,0,0,0,MEDIUM
CVE-2023-48732,221,35,0,0,0,0,0,0,0,0,2.8,1,0,0,0,MEDIUM
CVE-2023-50333,162,27,0,0,0,0,0,0,0,0,1.2,1,0,0,0,LOW
CVE-2023-6693,471,70,0,1,0,0,0,0,0,0,1.4,0,0,1,0,MEDIUM
CVE-2023-6436,213,28,1,0,0,0,0,0,0,0,3.9,1,0,0,0,CRITICAL
CVE-2015-10128,530,73,0,0,0,1,0,0,0,0,2.1,1,0,0,0,LOW
CVE-2017-20188,661,91,0,0,0,1,0,0,0,0,1.2,1,0,0,0,LOW
CVE-2024-0188,494,76,0,0,0,0,0,0,0,0,1.6,1,0,0,0,LOW
CVE-2018-25097,457,68,0,0,0,1,0,0,0,0,2.1,1,0,0,0,LOW
CVE-2023-4280,185,30,0,0,0,0,0,0,0,0,2.5,0,0,1,0,CRITICAL
CVE-2024-0189,502,73,0,0,0,1,0,0,0,0,2.1,1,0,0,0,LOW
CVE-2024-0193,386,59,0,0,0,0,0,0,0,0,1.8,0,0,1,0,HIGH
CVE-2022-3010,216,33,0,0,0,0,0,0,0,0,3.9,1,0,0,0,HIGH
CVE-2023-48419,115,21,0,0,0,0,0,0,0,0,3.9,1,0,0,0,CRITICAL
CVE-2023-7192,260,37,0,1,0,0,0,1,0,0,1.8,0,0,1,0,MEDIUM
CVE-2024-0190,505,74,0,0,0,1,0,0,0,0,2.1,1,0,0,0,LOW
CVE-2023-49794,481,79,0,0,0,0,0,0,0,1,0.8,0,0,1,0,MEDIUM
CVE-2023-50711,918,133,0,0,0,0,0,0,0,0,2.5,0,0,1,0,MEDIUM
CVE-2023-51652,1623,255,0,0,0,1,0,0,0,1,2.8,1,0,0,0,MEDIUM
CVE-2024-0191,399,63,0,0,0,0,0,0,0,0,3.9,1,0,0,0,MEDIUM
CVE-2024-0192,437,67,0,0,0,0,0,0,0,0,2.8,1,0,0,0,MEDIUM
CVE-2023-45561,141,21,0,0,0,0,0,0,0,0,3.9,1,0,0,0,MEDIUM
CVE-2023-45892,163,24,0,0,0,0,0,0,1,0,3.9,1,0,0,0,HIGH
CVE-2023-45893,186,27,0,0,0,0,0,0,1,0,3.9,1,0,0,0,HIGH
CVE-2023-47458,137,21,0,0,0,0,0,0,0,0,3.9,1,0,0,0,CRITICAL
CVE-2024-0194,437,66,0,0,0,0,0,0,0,0,2.8,1,0,0,0,MEDIUM
CVE-2024-0195,424,55,1,0,0,0,0,0,0,0,2.8,1,0,0,0,MEDIUM
CVE-2024-21623,417,53,1,0,0,0,0,0,0,0,3.9,1,0,0,0,CRITICAL
CVE-2024-21627,570,86,0,0,0,1,0,0,0,0,1.7,1,0,0,0,HIGH
CVE-2020-26623,210,31,1,0,0,0,0,0,0,0,1.2,1,0,0,0,LOW
CVE-2020-26624,184,30,1,0,0,0,0,0,0,0,1.2,1,0,0,0,LOW
CVE-2020-26625,191,30,1,0,0,0,0,0,0,0,1.2,1,0,0,0,LOW
CVE-2023-4164,188,28,0,0,0,0,0,0,0,0,2.5,0,0,1,0,HIGH
CVE-2023-50019,187,26,0,0,0,0,0,1,0,0,2.2,1,0,0,0,MEDIUM
CVE-2023-50020,76,14,0,0,0,0,0,1,0,0,3.9,1,0,0,0,HIGH
CVE-2023-6339,63,9,0,0,0,0,0,0,0,1,3.9,1,0,0,0,CRITICAL
CVE-2024-0196,390,58,1,0,0,0,0,0,0,0,2.8,1,0,0,0,MEDIUM
CVE-2024-21628,614,102,0,0,0,1,0,0,0,0,2.3,1,0,0,0,MEDIUM
CVE-2024-21629,990,134,0,0,0,0,0,0,0,0,2.2,1,0,0,0,MEDIUM
CVE-2024-21632,436,69,0,0,0,0,0,0,0,0,3.9,1,0,0,0,HIGH
CVE-2023-48418,313,42,0,0,0,0,0,0,0,0,3.9,1,0,0,0,CRITICAL
CVE-2023-49549,137,24,0,0,0,0,0,1,0,0,3.9,1,0,0,0,HIGH
CVE-2023-49550,116,20,0,0,0,0,0,1,0,0,3.9,1,0,0,0,HIGH
CVE-2023-49551,138,24,0,0,0,0,0,1,0,0,3.9,1,0,0,0,HIGH
CVE-2023-49552,156,27,0,0,0,0,0,1,0,0,3.9,1,0,0,0,HIGH
CVE-2023-49553,132,24,0,0,0,0,0,1,0,0,3.9,1,0,0,0,HIGH
CVE-2023-49554,185,25,0,0,0,0,0,1,0,0,1.8,0,0,1,0,MEDIUM
CVE-2023-49555,166,23,0,0,0,0,0,1,0,0,1.8,0,0,1,0,MEDIUM
CVE-2023-49556,173,24,0,1,0,0,0,1,0,0,1.8,0,0,1,0,MEDIUM
CVE-2023-49557,161,23,0,0,0,0,0,1,0,0,1.8,0,0,1,0,MEDIUM
CVE-2023-49558,171,23,0,0,0,0,0,1,0,0,1.8,0,0,1,0,MEDIUM
CVE-2023-41776,173,25,0,0,1,0,0,0,0,0,0.8,0,0,1,0,MEDIUM
CVE-2023-41779,199,30,0,0,0,0,0,0,0,0,0.8,0,0,1,0,MEDIUM
CVE-2023-41780,210,32,0,0,0,0,0,0,0,0,0.5,0,0,1,0,MEDIUM
CVE-2023-41783,210,31,1,0,0,0,0,0,0,0,0.9,0,0,0,1,MEDIUM
CVE-2023-50345,202,30,0,0,0,0,0,0,0,0,2.2,1,0,0,0,LOW
CVE-2023-50346,154,19,0,0,0,0,0,0,0,0,1.6,1,0,0,0,LOW
CVE-2023-50348,203,29,0,0,0,0,0,0,0,0,1.6,1,0,0,0,LOW
CVE-2023-50350,169,24,0,0,0,0,0,0,0,0,3.9,1,0,0,0,HIGH
CVE-2023-50351,166,27,0,0,0,0,0,0,0,0,3.9,1,0,0,0,HIGH
CVE-2023-45722,496,76,0,0,0,0,0,0,0,0,2.8,1,0,0,0,HIGH
CVE-2023-45723,227,34,0,0,0,0,0,0,0,0,2.8,1,0,0,0,HIGH
CVE-2023-45724,183,25,0,0,0,0,0,0,1,0,3.9,1,0,0,0,HIGH
CVE-2023-50341,300,40,0,0,0,0,0,0,0,0,2.8,1,0,0,0,HIGH
CVE-2023-50342,188,29,0,0,0,0,0,0,0,0,2.8,1,0,0,0,HIGH
CVE-2023-50343,223,32,0,0,0,0,0,0,0,0,2.8,1,0,0,0,HIGH
CVE-2023-50344,159,20,0,0,0,0,0,0,1,0,2.8,1,0,0,0,MEDIUM
CVE-2023-46308,129,19,0,0,0,0,0,0,0,0,3.9,1,0,0,0,CRITICAL
CVE-2023-6629,604,96,0,0,0,1,0,0,1,0,2.8,1,0,0,0,MEDIUM
CVE-2023-7027,446,69,0,0,0,1,0,0,1,0,3.9,1,0,0,0,HIGH
CVE-2023-42358,208,32,0,0,0,0,0,1,0,0,3.1,1,0,0,0,HIGH
CVE-2023-6524,416,64,0,0,0,1,0,0,0,0,3.1,1,0,0,0,MEDIUM
CVE-2023-6600,582,86,0,0,0,1,0,0,1,0,3.9,1,0,0,0,HIGH
CVE-2023-6980,497,78,0,0,0,0,0,0,1,1,2.8,1,0,0,0,MEDIUM
CVE-2023-6981,620,92,1,0,0,1,0,0,0,0,2.8,1,0,0,0,MEDIUM
CVE-2023-47473,156,21,0,0,0,0,0,0,0,0,3.9,1,0,0,0,HIGH
CVE-2023-6986,562,82,0,0,0,1,0,0,0,0,3.1,1,0,0,0,MEDIUM
CVE-2023-50922,417,63,0,0,0,0,1,0,0,0,1.2,1,0,0,0,HIGH
CVE-2024-0207,110,17,1,0,0,0,0,1,0,0,1.8,0,0,1,0,HIGH
CVE-2024-0208,147,24,1,0,0,0,0,1,0,0,1.8,0,0,1,0,HIGH
CVE-2024-0209,154,25,1,0,0,0,0,1,0,0,1.8,0,0,1,0,HIGH
CVE-2024-0210,115,18,1,0,0,0,0,1,0,0,1.8,0,0,1,0,HIGH
CVE-2024-0211,111,17,1,0,0,0,0,1,0,0,1.8,0,0,1,0,HIGH
CVE-2023-38674,114,19,0,0,0,0,0,1,0,0,2.8,1,0,0,0,MEDIUM
CVE-2023-38675,123,19,0,0,0,0,0,1,0,0,2.8,1,0,0,0,MEDIUM
CVE-2023-38676,112,19,0,0,0,0,0,1,0,0,2.8,1,0,0,0,MEDIUM
CVE-2023-38677,115,19,0,0,0,0,0,1,0,0,2.8,1,0,0,0,MEDIUM
CVE-2023-38678,116,20,0,0,0,0,0,1,0,0,2.8,1,0,0,0,MEDIUM
CVE-2023-50921,333,50,0,0,0,0,0,0,0,1,3.9,1,0,0,0,CRITICAL
CVE-2023-52302,118,19,0,0,0,0,0,1,0,0,2.8,1,0,0,0,MEDIUM
CVE-2023-52303,123,19,0,0,0,0,0,1,0,0,2.8,1,0,0,0,MEDIUM
CVE-2023-52304,131,21,0,1,0,0,0,1,0,0,2.8,1,0,0,0,HIGH
CVE-2023-52305,109,19,0,0,0,0,0,1,0,0,2.8,1,0,0,0,MEDIUM
CVE-2023-52306,109,19,0,0,0,0,0,1,0,0,2.8,1,0,0,0,MEDIUM
CVE-2023-52307,135,21,0,1,0,0,0,1,0,0,2.8,1,0,0,0,HIGH
CVE-2023-52308,109,19,0,0,0,0,0,1,0,0,2.8,1,0,0,0,MEDIUM
CVE-2023-52309,173,25,0,1,0,0,0,1,0,0,2.8,1,0,0,0,HIGH
CVE-2023-52310,162,22,1,0,0,0,0,0,0,0,2.8,1,0,0,0,CRITICAL
CVE-2023-52311,152,22,1,0,0,0,0,0,0,0,2.8,1,0,0,0,CRITICAL
CVE-2023-52312,125,20,0,0,0,0,0,1,0,0,2.8,1,0,0,0,MEDIUM
CVE-2023-52313,129,21,0,0,0,0,0,1,0,0,2.8,1,0,0,0,MEDIUM
CVE-2023-52314,159,22,1,0,0,0,0,0,0,0,2.8,1,0,0,0,CRITICAL
CVE-2023-6621,237,39,0,0,0,1,0,0,0,0,2.8,1,0,0,0,MEDIUM
CVE-2023-6747,394,61,0,0,0,1,0,0,0,0,3.1,1,0,0,0,MEDIUM
CVE-2023-6984,525,74,0,0,0,0,0,0,1,1,3.9,1,0,0,0,MEDIUM
CVE-2023-7068,405,58,0,0,0,0,0,0,1,0,2.8,1,0,0,0,MEDIUM
CVE-2023-51784,327,44,1,0,0,0,1,0,0,0,3.9,1,0,0,0,CRITICAL
CVE-2023-51785,332,45,0,0,0,0,0,0,0,0,3.9,1,0,0,0,HIGH
CVE-2024-0201,389,57,0,0,0,0,0,0,1,0,2.8,1,0,0,0,MEDIUM
CVE-2023-37608,219,32,0,0,0,0,0,0,0,0,3.9,1,0,0,0,HIGH
CVE-2023-39655,419,66,1,0,0,0,0,0,0,0,2.8,1,0,0,0,CRITICAL
CVE-2023-50092,99,15,0,0,0,1,0,0,0,0,2.8,1,0,0,0,MEDIUM
CVE-2023-37607,190,27,0,0,0,0,0,0,0,0,3.9,1,0,0,0,HIGH
CVE-2023-50093,96,14,1,0,0,0,0,0,0,0,2.8,1,0,0,0,MEDIUM
CVE-2023-45559,129,19,0,0,0,0,0,0,0,0,3.9,1,0,0,0,HIGH
CVE-2023-30617,685,102,0,0,0,0,0,0,0,1,1.2,1,0,0,0,MEDIUM
CVE-2023-46738,1171,189,0,0,0,0,0,1,0,1,2.8,1,0,0,0,MEDIUM
CVE-2024-21907,381,54,0,0,0,0,0,1,1,0,3.9,1,0,0,0,HIGH
CVE-2024-21908,242,33,0,0,0,1,0,0,1,0,2.8,1,0,0,0,MEDIUM
CVE-2024-21909,380,57,0,0,0,0,0,1,1,0,3.9,1,0,0,0,HIGH
CVE-2024-21910,254,37,0,0,0,1,0,0,1,0,2.8,1,0,0,0,MEDIUM
CVE-2024-21911,242,33,0,0,0,1,0,0,1,0,2.8,1,0,0,0,MEDIUM
CVE-2023-46739,617,99,0,0,0,0,0,0,0,1,2.2,1,0,0,0,MEDIUM
CVE-2023-46740,839,130,0,0,0,0,0,0,0,0,2.2,1,0,0,0,MEDIUM
CVE-2023-46741,789,130,0,0,0,0,0,0,0,0,1.3,0,0,1,0,MEDIUM
CVE-2023-46742,495,79,0,0,0,0,0,0,0,0,1.3,0,0,1,0,MEDIUM
CVE-2023-50253,511,80,0,0,0,0,0,0,0,0,2.8,1,0,0,0,CRITICAL
CVE-2023-6004,271,43,0,0,0,0,0,0,0,0,1.3,0,0,1,0,MEDIUM
CVE-2024-0217,362,59,0,0,0,0,0,0,0,0,1.8,0,0,1,0,LOW
CVE-2024-21622,341,55,0,0,1,0,0,0,0,0,2.3,0,1,0,0,MEDIUM
CVE-2024-21631,1170,192,0,1,0,0,0,0,0,0,2.8,1,0,0,0,MEDIUM
CVE-2024-21633,519,81,0,0,0,0,0,0,0,0,1.8,0,0,1,0,HIGH
CVE-2023-46929,185,17,0,0,0,0,0,1,0,0,3.9,1,0,0,0,HIGH
CVE-2023-50090,187,27,0,0,0,0,0,0,0,0,3.9,1,0,0,0,CRITICAL
CVE-2023-5879,310,45,0,0,0,0,0,0,0,0,0.9,0,0,0,1,MEDIUM
CVE-2023-5880,409,65,0,0,0,1,0,0,0,0,2.8,1,0,0,0,HIGH
CVE-2023-5881,194,27,0,0,0,0,0,0,1,0,3.9,1,0,0,0,HIGH
CVE-2023-49442,150,21,0,0,0,0,0,0,0,0,3.9,1,0,0,0,CRITICAL
CVE-2023-6338,187,27,0,0,0,0,0,0,0,0,1.8,0,0,1,0,HIGH
CVE-2023-6540,206,34,0,0,0,0,0,0,0,0,2.8,1,0,0,0,MEDIUM
CVE-2023-50256,385,57,0,0,0,0,0,0,0,0,3.9,1,0,0,0,HIGH
CVE-2023-5138,136,21,0,0,0,0,0,0,0,0,0.9,0,0,0,1,MEDIUM
CVE-2024-21634,723,110,0,0,0,0,0,0,0,0,3.9,1,0,0,0,HIGH
CVE-2024-20802,166,24,0,0,0,0,0,0,0,0,0.9,0,0,0,1,MEDIUM
CVE-2024-20803,177,23,0,0,0,0,0,0,0,0,2.1,0,1,0,0,MEDIUM
CVE-2024-20804,206,32,0,0,0,0,0,0,0,0,2.5,0,0,1,0,MEDIUM
CVE-2024-20805,203,32,0,0,0,0,0,0,0,0,1.8,0,0,1,0,LOW
CVE-2024-20806,130,19,0,0,0,0,0,0,0,0,2.5,0,0,1,0,MEDIUM
CVE-2024-20807,135,18,0,0,0,0,0,0,0,0,1.8,0,0,1,0,LOW
CVE-2024-20808,125,17,0,0,0,0,0,0,0,0,2.5,0,0,1,0,MEDIUM
CVE-2024-20809,125,17,0,0,0,0,0,0,0,0,2.5,0,0,1,0,MEDIUM
CVE-2024-0222,230,35,0,0,0,0,0,0,0,0,2.8,1,0,0,0,HIGH
CVE-2024-0223,195,29,0,1,0,0,0,0,0,0,2.8,1,0,0,0,HIGH
CVE-2024-0224,192,29,0,0,0,0,0,0,0,0,2.8,1,0,0,0,HIGH
CVE-2024-0225,190,29,0,0,0,0,0,0,0,0,2.8,1,0,0,0,HIGH
CVE-2023-6498,531,75,0,0,0,1,0,0,0,1,1.3,1,0,0,0,MEDIUM
CVE-2023-6733,350,49,0,0,0,0,0,0,0,0,2.8,1,0,0,0,MEDIUM
CVE-2023-6738,637,89,0,0,0,1,0,0,0,0,2.8,1,0,0,0,MEDIUM
CVE-2023-29962,74,11,0,0,0,0,0,0,0,0,2.8,1,0,0,0,MEDIUM
CVE-2023-52322,173,24,0,0,0,1,0,0,0,0,2.8,1,0,0,0,MEDIUM
CVE-2023-41784,67,11,0,0,0,0,0,0,0,0,0.8,0,0,1,0,MEDIUM
CVE-2023-50082,218,31,0,0,0,0,0,0,0,0,3.9,1,0,0,0,HIGH
CVE-2023-50630,167,26,0,0,0,1,1,0,0,0,2.8,1,0,0,0,MEDIUM
CVE-2022-2081,456,76,0,1,0,0,0,0,0,0,3.9,1,0,0,0,HIGH
CVE-2022-3864,471,73,0,0,0,0,0,1,0,0,0.9,1,0,0,0,MEDIUM
CVE-2023-6944,490,80,0,0,0,0,0,0,0,0,2.1,1,0,0,0,MEDIUM
CVE-2023-7044,471,71,0,0,0,1,0,0,0,0,3.1,1,0,0,0,MEDIUM
CVE-2021-40367,367,54,0,0,0,0,0,0,0,0,1.8,0,0,1,0,HIGH
CVE-2021-42028,365,54,0,0,0,0,0,0,0,0,1.8,0,0,1,0,HIGH
CVE-2021-45465,335,48,0,0,0,0,0,0,0,0,1.8,0,0,1,0,HIGH
CVE-2023-6992,566,71,0,1,0,0,0,1,0,0,1.4,0,0,1,0,MEDIUM
CVE-2023-49622,263,32,1,0,0,0,0,0,1,0,3.9,1,0,0,0,CRITICAL
CVE-2023-49624,241,32,1,0,0,0,0,0,1,0,3.9,1,0,0,0,CRITICAL
CVE-2023-49625,243,32,1,0,0,0,0,0,1,0,3.9,1,0,0,0,CRITICAL
CVE-2023-49633,252,32,1,0,0,0,0,0,1,0,3.9,1,0,0,0,CRITICAL
CVE-2023-49639,256,32,1,0,0,0,0,0,1,0,3.9,1,0,0,0,CRITICAL
CVE-2023-49658,244,32,1,0,0,0,0,0,1,0,3.9,1,0,0,0,CRITICAL
CVE-2023-49665,250,32,1,0,0,0,0,0,1,0,3.9,1,0,0,0,CRITICAL
CVE-2023-49666,255,32,1,0,0,0,0,0,1,0,3.9,1,0,0,0,CRITICAL
CVE-2023-50743,244,34,1,0,0,0,0,0,1,0,3.9,1,0,0,0,CRITICAL
CVE-2023-50752,236,34,1,0,0,0,0,0,1,0,3.9,1,0,0,0,CRITICAL
CVE-2023-50753,251,34,1,0,0,0,0,0,1,0,3.9,1,0,0,0,CRITICAL
CVE-2023-3726,108,15,0,0,0,1,0,0,0,0,1.7,1,0,0,0,MEDIUM
CVE-2023-50760,250,35,0,0,0,0,1,0,0,0,2.8,1,0,0,0,HIGH
CVE-2023-50862,238,32,1,0,0,0,0,0,1,0,3.9,1,0,0,0,CRITICAL
CVE-2023-50863,246,32,1,0,0,0,0,0,1,0,3.9,1,0,0,0,CRITICAL
CVE-2023-50864,237,32,1,0,0,0,0,0,1,0,3.9,1,0,0,0,CRITICAL
CVE-2023-50865,233,32,1,0,0,0,0,0,1,0,3.9,1,0,0,0,CRITICAL
CVE-2023-50866,237,32,1,0,0,0,0,0,1,0,3.9,1,0,0,0,CRITICAL
CVE-2023-50867,238,32,1,0,0,0,0,0,1,0,3.9,1,0,0,0,CRITICAL
CVE-2024-21625,621,99,0,0,0,0,1,0,0,0,2.8,1,0,0,0,HIGH
CVE-2023-6551,393,59,0,0,0,1,0,0,0,0,2.3,1,0,0,0,MEDIUM
CVE-2023-6270,367,60,0,0,0,0,1,1,0,0,1.0,0,0,1,0,HIGH
CVE-2023-51154,130,15,0,0,0,0,0,0,0,0,3.9,1,0,0,0,CRITICAL
CVE-2023-51812,145,19,0,0,0,0,1,0,0,0,3.9,1,0,0,0,CRITICAL
CVE-2024-21636,828,123,0,0,0,1,0,0,0,0,2.8,1,0,0,0,MEDIUM
CVE-2024-0241,258,35,0,0,0,0,0,1,1,0,3.9,1,0,0,0,HIGH
CVE-2024-22047,151,27,0,0,0,0,0,0,0,0,1.6,1,0,0,0,LOW
CVE-2024-22048,228,34,0,0,0,1,0,0,0,0,2.8,1,0,0,0,MEDIUM
CVE-2024-22049,270,34,0,0,0,0,0,0,1,0,3.9,1,0,0,0,MEDIUM
CVE-2024-22050,171,27,0,0,0,0,0,0,1,0,3.9,1,0,0,0,HIGH
CVE-2024-22051,343,49,0,1,0,0,1,0,1,0,3.9,1,0,0,0,CRITICAL
CVE-2023-41782,194,31,0,0,0,0,0,0,0,0,1.3,0,0,1,0,LOW
CVE-2023-6493,520,84,0,0,0,0,0,0,1,1,2.8,1,0,0,0,MEDIUM
CVE-2024-22075,74,10,1,0,0,0,0,0,0,0,2.8,1,0,0,0,MEDIUM
CVE-2023-52323,125,16,0,0,0,0,0,0,0,0,2.2,1,0,0,0,MEDIUM
CVE-2024-22086,142,22,0,1,0,0,1,0,0,0,3.9,1,0,0,0,CRITICAL
CVE-2024-22087,149,26,0,1,0,0,1,0,0,0,3.9,1,0,0,0,CRITICAL
CVE-2024-22088,144,21,0,0,0,0,0,0,0,0,3.9,1,0,0,0,CRITICAL
CVE-2023-51277,110,14,0,0,0,0,0,0,0,0,3.9,1,0,0,0,CRITICAL
CVE-2020-13878,93,12,0,0,0,0,0,0,0,0,3.9,1,0,0,0,CRITICAL
CVE-2020-13879,93,12,0,0,0,0,0,0,0,0,3.9,1,0,0,0,CRITICAL
CVE-2023-51502,191,22,0,0,0,0,0,0,0,0,3.9,1,0,0,0,HIGH
CVE-2023-52150,169,22,0,0,0,0,0,0,0,0,2.8,1,0,0,0,HIGH
CVE-2023-52178,220,28,0,0,0,1,0,0,0,0,2.3,1,0,0,0,MEDIUM
CVE-2023-52184,182,31,0,0,0,0,0,0,0,0,2.8,1,0,0,0,MEDIUM
CVE-2020-13880,93,12,0,0,0,0,0,0,0,0,3.9,1,0,0,0,CRITICAL
CVE-2023-50027,259,27,1,0,0,0,0,0,0,0,3.9,1,0,0,0,CRITICAL
CVE-2023-52123,143,17,0,0,0,0,0,0,0,0,2.8,1,0,0,0,MEDIUM
CVE-2023-52127,175,23,0,0,0,0,0,0,0,0,2.8,1,0,0,0,MEDIUM
CVE-2023-52128,258,37,0,0,0,0,0,0,0,0,2.8,1,0,0,0,MEDIUM
CVE-2023-52129,132,16,0,0,0,0,0,0,0,0,2.8,1,0,0,0,MEDIUM
CVE-2023-52130,160,18,0,0,0,0,0,0,0,0,2.8,1,0,0,0,MEDIUM
CVE-2023-52136,220,36,0,0,0,0,0,0,0,0,2.8,1,0,0,0,MEDIUM
CVE-2023-52145,151,20,0,0,0,0,0,0,0,0,2.8,1,0,0,0,MEDIUM
CVE-2023-52149,136,17,0,0,0,0,0,0,0,0,2.8,1,0,0,0,MEDIUM
CVE-2023-50991,191,30,0,1,0,0,0,1,0,0,3.9,1,0,0,0,HIGH
CVE-2023-51535,226,28,0,0,0,0,0,0,0,0,2.8,1,0,0,0,MEDIUM
CVE-2023-51538,223,31,0,0,0,0,0,0,0,0,2.8,1,0,0,0,MEDIUM
CVE-2023-51539,169,19,0,0,0,0,0,0,0,0,2.8,1,0,0,0,MEDIUM
CVE-2023-51668,167,24,0,0,0,0,0,0,0,0,2.8,1,0,0,0,MEDIUM
CVE-2023-51673,239,37,0,0,0,0,0,0,0,0,2.8,1,0,0,0,MEDIUM
CVE-2023-51678,173,23,0,0,0,0,0,0,0,0,2.8,1,0,0,0,MEDIUM
CVE-2023-52119,293,41,0,0,0,0,0,0,0,0,2.8,1,0,0,0,MEDIUM
CVE-2023-52120,228,35,0,0,0,0,0,0,0,0,2.8,1,0,0,0,MEDIUM
CVE-2023-52121,312,48,0,0,0,0,0,0,0,0,2.8,1,0,0,0,MEDIUM
CVE-2023-52122,141,19,0,0,0,0,0,0,0,0,2.8,1,0,0,0,MEDIUM
CVE-2022-46839,215,38,0,0,0,0,0,0,0,0,3.9,1,0,0,0,CRITICAL
CVE-2023-52143,167,23,0,0,0,0,0,0,1,0,3.9,1,0,0,0,HIGH
CVE-2023-52146,154,22,0,0,0,0,0,0,1,0,3.9,1,0,0,0,MEDIUM
CVE-2023-52148,185,22,0,0,0,0,0,0,1,0,3.9,1,0,0,0,MEDIUM
CVE-2023-52151,340,46,0,0,0,0,0,0,1,0,3.9,1,0,0,0,MEDIUM
CVE-2023-52124,274,39,0,0,0,1,0,0,0,0,2.3,1,0,0,0,MEDIUM
CVE-2023-52125,185,24,0,0,0,1,0,0,0,0,2.3,1,0,0,0,MEDIUM
CVE-2023-52126,169,24,0,0,0,0,0,0,1,0,3.9,1,0,0,0,MEDIUM
CVE-2024-0246,586,85,0,0,0,1,0,0,0,0,2.8,1,0,0,0,MEDIUM
CVE-2023-34321,456,74,0,1,0,0,0,0,0,0,1.8,0,0,1,0,LOW
CVE-2023-34322,747,132,0,0,0,0,0,0,0,1,1.8,0,0,1,0,HIGH
CVE-2023-34323,466,77,0,0,0,0,0,1,0,0,1.8,0,0,1,0,MEDIUM
CVE-2023-34324,712,123,0,0,0,0,0,0,0,0,1.2,1,0,0,0,MEDIUM
CVE-2023-34325,1282,202,0,1,0,0,0,0,0,1,1.8,0,0,1,0,HIGH
CVE-2023-34326,378,60,0,0,0,0,0,0,0,0,1.8,0,0,1,0,HIGH
CVE-2023-34327,633,100,0,0,0,0,0,0,0,0,1.8,0,0,1,0,MEDIUM
CVE-2023-34328,633,100,0,0,0,0,0,0,0,0,1.8,0,0,1,0,MEDIUM
CVE-2023-39294,368,52,1,0,0,0,0,0,0,0,2.3,1,0,0,0,MEDIUM
CVE-2023-39296,420,63,0,0,0,0,0,1,0,0,3.9,1,0,0,0,HIGH
CVE-2023-41287,274,43,1,0,0,0,0,0,0,0,2.8,1,0,0,0,MEDIUM
CVE-2023-41288,277,43,1,0,0,0,0,0,0,0,2.8,1,0,0,0,HIGH
CVE-2023-41289,268,39,1,0,0,0,0,0,0,0,2.8,1,0,0,0,MEDIUM
CVE-2023-45039,385,56,0,0,0,0,0,0,0,0,1.2,1,0,0,0,LOW
CVE-2023-45040,385,56,0,0,0,0,0,0,0,0,1.2,1,0,0,0,LOW
CVE-2023-45041,385,56,0,0,0,0,0,0,0,0,1.2,1,0,0,0,LOW
CVE-2023-45042,385,56,0,0,0,0,0,0,0,0,1.2,1,0,0,0,LOW
CVE-2023-45043,385,56,0,0,0,0,0,0,0,0,1.2,1,0,0,0,LOW
CVE-2023-45044,385,56,0,0,0,0,0,0,0,0,1.2,1,0,0,0,LOW
CVE-2023-46835,988,163,0,0,0,0,0,0,0,0,1.8,0,0,1,0,MEDIUM
CVE-2023-46836,629,93,0,1,0,0,0,0,0,0,1.0,0,0,1,0,MEDIUM
CVE-2023-46837,556,90,0,1,0,0,0,0,0,0,1.8,0,0,1,0,LOW
CVE-2023-47219,261,39,1,0,0,0,0,0,0,0,2.1,1,0,0,0,LOW
CVE-2023-47559,274,40,0,0,0,1,0,0,0,0,1.3,1,0,0,0,MEDIUM
CVE-2023-47560,264,39,1,0,0,0,0,0,0,0,3.1,1,0,0,0,HIGH
CVE-2024-0247,411,64,1,0,0,0,0,0,0,0,3.9,1,0,0,0,HIGH
CVE-2024-21641,642,101,0,0,0,0,0,0,0,0,2.8,1,0,0,0,MEDIUM
CVE-2024-21642,405,66,0,0,0,0,0,0,0,0,3.9,1,0,0,0,HIGH
CVE-2023-50612,194,25,0,0,0,0,0,0,0,0,1.8,0,0,1,0,HIGH
CVE-2023-39853,183,26,1,0,0,0,0,0,0,0,2.8,1,0,0,0,MEDIUM
CVE-2023-50609,189,27,0,0,0,1,1,0,0,0,2.8,1,0,0,0,MEDIUM
CVE-2023-46953,142,21,1,0,0,0,1,0,0,0,3.9,1,0,0,0,CRITICAL
CVE-2023-50121,100,16,0,0,0,0,0,1,0,0,2.1,0,1,0,0,MEDIUM
CVE-2023-6798,444,68,0,0,0,0,0,0,1,0,2.8,1,0,0,0,MEDIUM
CVE-2023-6801,480,73,0,0,0,1,0,0,0,0,3.1,1,0,0,0,MEDIUM
CVE-2023-51441,636,92,0,0,0,0,0,0,0,0,1.2,1,0,0,0,HIGH
CVE-2024-0260,422,62,0,0,0,0,0,0,0,0,2.8,1,0,0,0,MEDIUM
CVE-2024-0261,388,60,0,0,0,0,0,1,0,0,3.9,1,0,0,0,MEDIUM
CVE-2024-0262,482,72,0,0,0,1,0,0,0,0,0.9,1,0,0,0,LOW
CVE-2024-0263,439,74,0,0,0,0,0,1,0,0,3.9,1,0,0,0,MEDIUM
CVE-2024-0264,406,60,0,0,0,0,0,0,0,0,3.9,1,0,0,0,HIGH
CVE-2024-0265,432,68,0,0,0,0,0,0,0,0,2.8,1,0,0,0,MEDIUM
CVE-2024-0266,423,66,0,0,0,1,0,0,0,0,2.8,1,0,0,0,MEDIUM
CVE-2024-0267,450,68,1,0,0,0,0,0,0,0,3.9,1,0,0,0,HIGH
CVE-2023-7208,363,51,0,1,0,0,0,0,0,0,2.1,0,1,0,0,HIGH
CVE-2024-0268,439,65,1,0,0,0,0,0,0,0,3.9,1,0,0,0,HIGH
CVE-2024-0270,409,64,1,0,0,0,0,0,0,0,2.8,1,0,0,0,MEDIUM
CVE-2023-7209,510,83,0,0,0,0,0,1,0,0,3.9,1,0,0,0,HIGH
CVE-2024-0271,399,62,1,0,0,0,0,0,0,0,2.8,1,0,0,0,MEDIUM
CVE-2023-7210,412,66,0,0,0,0,0,0,0,0,3.9,1,0,0,0,HIGH
CVE-2023-7211,575,91,0,0,0,0,0,0,0,0,2.2,1,0,0,0,MEDIUM
CVE-2024-0272,411,62,1,0,0,0,0,0,0,0,2.8,1,0,0,0,MEDIUM
CVE-2024-0273,399,64,1,0,0,0,0,0,0,0,2.8,1,0,0,0,MEDIUM
CVE-2024-0274,419,66,1,0,0,0,0,0,0,0,2.8,1,0,0,0,MEDIUM
CVE-2024-0275,410,66,1,0,0,0,0,0,0,0,2.8,1,0,0,0,MEDIUM
CVE-2024-0276,415,63,1,0,0,0,0,0,0,0,2.8,1,0,0,0,MEDIUM
CVE-2024-0277,385,59,1,0,0,0,0,0,0,0,2.8,1,0,0,0,MEDIUM
CVE-2024-0278,416,64,1,0,0,0,0,0,0,0,2.8,1,0,0,0,MEDIUM
CVE-2024-0279,400,64,1,0,0,0,0,0,0,0,2.8,1,0,0,0,MEDIUM
CVE-2024-0280,426,65,1,0,0,0,0,0,0,0,2.8,1,0,0,0,MEDIUM
CVE-2024-0281,397,63,1,0,0,0,0,0,0,0,2.8,1,0,0,0,MEDIUM
CVE-2024-0282,415,66,0,0,0,1,0,0,0,0,2.1,1,0,0,0,LOW
CVE-2024-0283,416,64,0,0,0,1,0,0,0,0,2.1,1,0,0,0,LOW
CVE-2023-7212,462,75,0,0,0,0,0,0,0,0,1.2,1,0,0,0,MEDIUM
CVE-2024-0284,420,65,0,0,0,1,0,0,0,0,2.1,1,0,0,0,LOW
CVE-2024-0286,458,68,0,0,0,1,0,0,0,0,2.8,1,0,0,0,MEDIUM
CVE-2023-47145,205,34,0,0,0,0,0,0,0,0,2.5,0,0,1,0,HIGH
CVE-2023-7213,566,83,0,1,0,0,0,0,0,0,2.8,1,0,0,0,MEDIUM
CVE-2023-7214,566,86,0,1,0,0,0,0,0,0,2.8,1,0,0,0,MEDIUM
CVE-2024-0287,395,63,1,0,0,0,0,0,0,0,2.8,1,0,0,0,MEDIUM
CVE-2024-0288,411,61,1,0,0,0,0,0,0,0,2.8,1,0,0,0,MEDIUM
CVE-2024-0289,391,58,1,0,0,0,0,0,0,0,2.8,1,0,0,0,MEDIUM
CVE-2024-0290,407,62,1,0,0,0,0,0,0,0,2.8,1,0,0,0,MEDIUM
CVE-2024-0291,508,76,1,0,0,0,0,0,0,0,2.8,1,0,0,0,MEDIUM
CVE-2023-50948,271,39,0,0,0,0,0,0,0,0,2.8,0,1,0,0,MEDIUM
CVE-2023-7215,444,63,0,0,0,1,0,0,0,0,2.1,1,0,0,0,LOW
CVE-2024-0292,502,76,1,0,0,0,0,0,0,0,2.8,1,0,0,0,MEDIUM
CVE-2023-47140,110,19,0,0,0,0,0,0,0,0,1.4,0,0,1,0,MEDIUM
CVE-2024-0293,516,76,1,0,0,0,0,0,0,0,2.8,1,0,0,0,MEDIUM
CVE-2024-0294,501,78,1,0,0,0,0,0,0,0,3.9,1,0,0,0,HIGH
CVE-2024-0295,510,77,1,0,0,0,0,0,0,0,3.9,1,0,0,0,HIGH
CVE-2024-0296,515,76,1,0,0,0,0,0,0,0,3.9,1,0,0,0,HIGH
CVE-2024-0297,506,75,1,0,0,0,0,0,0,0,3.9,1,0,0,0,HIGH
CVE-2024-0298,496,77,1,0,0,0,0,0,0,0,3.9,1,0,0,0,HIGH
CVE-2024-0299,523,79,1,0,0,0,0,0,0,0,3.9,1,0,0,0,HIGH
CVE-2024-0300,574,90,0,0,0,0,0,0,0,0,2.8,1,0,0,0,MEDIUM
CVE-2024-0301,402,52,1,0,0,0,0,0,0,0,2.8,1,0,0,0,MEDIUM
CVE-2024-0302,379,55,0,0,0,0,0,0,0,0,2.8,1,0,0,0,MEDIUM
CVE-2024-22216,358,45,0,0,0,0,0,0,1,0,3.9,1,0,0,0,CRITICAL
CVE-2024-0303,439,67,0,0,0,0,0,0,0,0,2.8,1,0,0,0,MEDIUM
CVE-2024-0304,423,63,0,0,0,0,0,0,0,0,2.8,1,0,0,0,MEDIUM
CVE-2023-29048,474,69,0,0,0,0,0,0,1,0,2.8,1,0,0,0,HIGH
CVE-2023-29049,426,68,0,0,0,0,1,0,0,0,2.3,1,0,0,0,MEDIUM
CVE-2023-29050,475,71,0,0,0,0,0,1,1,0,2.3,1,0,0,0,HIGH
CVE-2023-29051,516,83,0,0,0,0,0,0,1,0,2.8,1,0,0,0,HIGH
CVE-2023-29052,349,57,0,0,0,0,0,0,0,0,2.3,1,0,0,0,MEDIUM
CVE-2023-41710,348,58,0,0,0,0,0,0,0,0,2.3,1,0,0,0,MEDIUM
CVE-2024-0305,431,65,0,0,0,0,0,0,0,0,3.9,1,0,0,0,MEDIUM
CVE-2024-0306,432,66,1,0,0,0,0,0,0,0,3.9,1,0,0,0,HIGH
CVE-2023-5091,255,40,0,0,0,0,0,0,0,0,1.8,0,0,1,0,MEDIUM
CVE-2024-0307,411,64,1,0,0,0,0,0,0,0,3.9,1,0,0,0,HIGH
CVE-2024-0308,410,62,0,0,0,0,0,0,0,0,2.8,1,0,0,0,MEDIUM
CVE-2023-6921,198,28,1,0,0,0,0,0,0,0,3.9,1,0,0,0,CRITICAL
CVE-2023-6552,124,19,0,0,0,0,0,0,0,0,2.8,1,0,0,0,MEDIUM
CVE-2024-0321,76,10,0,1,0,0,0,0,0,0,3.9,1,0,0,0,CRITICAL
CVE-2024-0322,67,9,0,0,0,0,0,0,0,0,3.9,1,0,0,0,CRITICAL
CVE-2023-51701,376,51,0,0,0,0,0,0,0,0,3.9,1,0,0,0,MEDIUM
CVE-2023-7224,172,24,0,0,0,0,0,0,0,0,1.8,0,0,1,0,HIGH
CVE-2024-21644,248,38,0,0,0,0,0,0,1,0,3.9,1,0,0,0,HIGH
CVE-2024-21645,450,69,1,0,0,0,0,0,1,0,3.9,1,0,0,0,MEDIUM
CVE-2024-21647,436,64,0,0,0,0,0,0,0,0,2.2,1,0,0,0,MEDIUM
CVE-2023-32650,282,43,0,1,0,0,0,0,0,0,1.0,0,0,1,0,HIGH
CVE-2023-34087,262,41,0,0,0,0,1,0,0,0,1.8,0,0,1,0,HIGH
CVE-2023-34436,257,37,0,0,0,0,1,0,0,0,1.8,0,0,1,0,HIGH
CVE-2023-35004,258,39,0,1,0,0,1,0,0,0,1.8,0,0,1,0,HIGH
CVE-2023-35057,264,39,0,1,0,0,0,0,0,0,1.8,0,0,1,0,HIGH
CVE-2023-35128,262,37,0,1,0,0,0,0,0,0,1.0,0,0,1,0,HIGH
CVE-2023-35702,323,44,0,1,0,0,1,0,0,0,1.8,0,0,1,0,HIGH
CVE-2023-35703,323,44,0,1,0,0,1,0,0,0,1.8,0,0,1,0,HIGH
CVE-2023-35704,331,44,0,1,0,0,1,0,0,0,1.8,0,0,1,0,HIGH
CVE-2023-35955,366,44,0,1,0,0,1,0,0,0,1.8,0,0,1,0,HIGH
CVE-2023-35956,356,44,0,1,0,0,1,0,0,0,1.8,0,0,1,0,HIGH
CVE-2023-35957,349,44,0,1,0,0,1,0,0,0,1.8,0,0,1,0,HIGH
CVE-2023-35958,338,44,0,1,0,0,1,0,0,0,1.8,0,0,1,0,HIGH
CVE-2023-35959,305,41,1,0,0,0,0,0,0,0,1.8,0,0,1,0,HIGH
CVE-2023-35960,319,43,1,0,0,0,0,0,0,0,1.8,0,0,1,0,HIGH
CVE-2023-35961,321,42,1,0,0,0,0,0,0,0,1.8,0,0,1,0,HIGH
CVE-2023-35962,323,44,1,0,0,0,0,0,0,0,1.8,0,0,1,0,HIGH
CVE-2023-35963,324,44,1,0,0,0,0,0,0,0,1.8,0,0,1,0,HIGH
CVE-2023-35964,323,44,1,0,0,0,0,0,0,0,1.8,0,0,1,0,HIGH
CVE-2023-35969,393,49,0,1,0,0,1,0,0,0,1.8,0,0,1,0,HIGH
CVE-2023-35970,377,48,0,1,0,0,1,0,0,0,1.8,0,0,1,0,HIGH
CVE-2023-35989,253,39,0,1,0,0,1,0,0,0,1.8,0,0,1,0,HIGH
CVE-2023-35992,293,44,0,1,0,0,0,0,0,0,1.0,0,0,1,0,HIGH
CVE-2023-35994,337,45,0,0,0,0,1,0,0,0,1.8,0,0,1,0,HIGH
CVE-2023-35995,348,48,0,0,0,0,1,0,0,0,1.8,0,0,1,0,HIGH
CVE-2023-35996,348,48,0,0,0,0,1,0,0,0,1.8,0,0,1,0,HIGH
CVE-2023-35997,356,50,0,0,0,0,1,0,0,0,1.8,0,0,1,0,HIGH
CVE-2023-36746,366,51,0,1,0,0,0,0,0,0,1.0,0,0,1,0,HIGH
CVE-2023-36747,397,57,0,1,0,0,0,0,0,0,1.0,0,0,1,0,HIGH
CVE-2023-36861,249,37,0,0,0,0,1,0,0,0,1.8,0,0,1,0,HIGH
CVE-2023-36864,279,38,0,1,0,0,1,0,0,0,1.8,0,0,1,0,HIGH
CVE-2023-36915,353,47,0,1,0,0,1,0,0,0,1.8,0,0,1,0,HIGH
CVE-2023-36916,361,47,0,1,0,0,1,0,0,0,1.8,0,0,1,0,HIGH
CVE-2023-37282,258,39,0,0,0,0,1,0,0,0,1.8,0,0,1,0,HIGH
CVE-2023-37416,374,52,0,0,0,0,1,0,0,0,1.8,0,0,1,0,HIGH
CVE-2023-37417,379,52,0,0,0,0,1,0,0,0,1.8,0,0,1,0,HIGH
CVE-2023-37418,371,50,0,0,0,0,1,0,0,0,1.8,0,0,1,0,HIGH
CVE-2023-37419,372,50,0,0,0,0,1,0,0,0,1.8,0,0,1,0,HIGH
CVE-2023-37420,371,50,0,0,0,0,1,0,0,0,1.8,0,0,1,0,HIGH
CVE-2023-37442,369,53,0,0,0,0,1,0,0,0,1.8,0,0,1,0,HIGH
CVE-2023-37443,368,53,0,0,0,0,1,0,0,0,1.8,0,0,1,0,HIGH
CVE-2023-37444,373,53,0,0,0,0,1,0,0,0,1.8,0,0,1,0,HIGH
CVE-2023-37445,366,51,0,0,0,0,1,0,0,0,1.8,0,0,1,0,HIGH
CVE-2023-37446,367,51,0,0,0,0,1,0,0,0,1.8,0,0,1,0,HIGH
CVE-2023-37447,366,51,0,0,0,0,1,0,0,0,1.8,0,0,1,0,HIGH
CVE-2023-37573,369,51,0,0,0,0,1,0,0,0,1.8,0,0,1,0,HIGH
CVE-2023-37574,358,50,0,0,0,0,1,0,0,0,1.8,0,0,1,0,HIGH
CVE-2023-37575,363,50,0,0,0,0,1,0,0,0,1.8,0,0,1,0,HIGH
CVE-2023-37576,355,48,0,0,0,0,1,0,0,0,1.8,0,0,1,0,HIGH
CVE-2023-37577,356,48,0,0,0,0,1,0,0,0,1.8,0,0,1,0,HIGH
CVE-2023-37578,355,48,0,0,0,0,1,0,0,0,1.8,0,0,1,0,HIGH
CVE-2023-37921,351,50,0,0,0,0,1,0,0,0,1.8,0,0,1,0,HIGH
CVE-2023-37922,352,50,0,0,0,0,1,0,0,0,1.8,0,0,1,0,HIGH
CVE-2023-37923,351,50,0,0,0,0,1,0,0,0,1.8,0,0,1,0,HIGH
CVE-2023-38583,267,38,0,1,0,0,1,0,0,0,1.8,0,0,1,0,HIGH
CVE-2023-38618,341,48,0,1,0,0,1,0,0,0,1.8,0,0,1,0,HIGH
CVE-2023-38619,340,48,0,1,0,0,1,0,0,0,1.8,0,0,1,0,HIGH
CVE-2023-38620,340,48,0,1,0,0,1,0,0,0,1.8,0,0,1,0,HIGH
CVE-2023-38621,342,48,0,1,0,0,1,0,0,0,1.8,0,0,1,0,HIGH
CVE-2023-38622,340,48,0,1,0,0,1,0,0,0,1.8,0,0,1,0,HIGH
CVE-2023-38623,350,48,0,1,0,0,1,0,0,0,1.8,0,0,1,0,HIGH
CVE-2023-38648,360,49,0,0,0,0,1,0,0,0,1.8,0,0,1,0,HIGH
CVE-2023-38649,360,49,0,0,0,0,1,0,0,0,1.8,0,0,1,0,HIGH
CVE-2023-38650,351,48,0,1,0,0,0,0,0,0,1.0,0,0,1,0,HIGH
CVE-2023-38651,347,47,0,1,0,0,0,0,0,0,1.0,0,0,1,0,HIGH
