code_len,num_lines,num_semicolons,num_parens,num_quotes,is_sql,is_cmdi,is_pathtraver,is_xss,is_crypto,special_chars
5564.0,136.0,56.0,128.0,65.0,0.0,0.0,1.0,1.0,1.0,104.0
3050.0,76.0,26.0,50.0,33.0,1.0,0.0,0.0,1.0,0.0,79.0
3940.0,100.0,33.0,66.0,24.0,0.0,0.0,1.0,1.0,0.0,109.0
3349.0,79.0,30.0,66.0,26.0,0.0,0.0,0.0,1.0,0.0,99.0
2187.0,62.0,22.0,26.0,18.0,0.0,0.0,0.0,1.0,0.0,68.0
5594.0,131.0,46.0,126.0,40.0,0.0,0.0,1.0,1.0,1.0,121.0
5505.0,136.0,51.0,126.0,42.0,0.0,0.0,0.0,1.0,1.0,132.0
4534.0,116.0,43.0,106.0,35.0,0.0,0.0,0.0,1.0,0.0,124.0
4062.0,102.0,34.0,78.0,30.0,1.0,0.0,0.0,1.0,0.0,92.0
5002.0,116.0,42.0,116.0,36.0,0.0,0.0,1.0,1.0,1.0,102.0
3390.0,87.0,30.0,54.0,25.0,1.0,0.0,0.0,1.0,0.0,87.0
4873.0,114.0,40.0,106.0,41.0,0.0,0.0,1.0,1.0,1.0,100.0
3959.0,105.0,46.0,86.0,42.0,0.0,1.0,0.0,1.0,0.0,86.0
2939.0,78.0,27.0,44.0,26.0,1.0,0.0,0.0,1.0,0.0,79.0
2840.0,77.0,28.0,50.0,12.0,0.0,1.0,0.0,1.0,0.0,71.0
4155.0,102.0,41.0,108.0,30.0,0.0,0.0,0.0,1.0,0.0,109.0
3611.0,95.0,35.0,46.0,55.0,1.0,0.0,0.0,1.0,0.0,91.0
5056.0,112.0,38.0,106.0,37.0,0.0,0.0,0.0,1.0,0.0,113.0
5766.0,133.0,45.0,140.0,43.0,0.0,0.0,1.0,1.0,1.0,137.0
4186.0,90.0,33.0,84.0,48.0,1.0,0.0,0.0,1.0,0.0,112.0
3529.0,90.0,34.0,76.0,28.0,0.0,0.0,0.0,1.0,0.0,90.0
5346.0,129.0,49.0,108.0,52.0,0.0,0.0,1.0,1.0,1.0,112.0
5495.0,129.0,54.0,130.0,48.0,0.0,0.0,0.0,1.0,1.0,144.0
5980.0,151.0,59.0,124.0,58.0,0.0,0.0,1.0,1.0,1.0,112.0
2901.0,73.0,26.0,46.0,29.0,1.0,0.0,0.0,1.0,0.0,83.0
4616.0,114.0,43.0,116.0,32.0,0.0,0.0,0.0,1.0,0.0,116.0
7022.0,153.0,64.0,184.0,56.0,0.0,0.0,0.0,1.0,1.0,161.0
4288.0,108.0,40.0,102.0,32.0,0.0,0.0,0.0,1.0,0.0,112.0
2970.0,79.0,22.0,50.0,20.0,0.0,0.0,0.0,1.0,0.0,77.0
5262.0,123.0,44.0,114.0,38.0,0.0,0.0,1.0,1.0,1.0,109.0
4367.0,108.0,39.0,92.0,36.0,0.0,0.0,1.0,1.0,1.0,92.0
3402.0,88.0,32.0,62.0,37.0,0.0,0.0,1.0,1.0,0.0,99.0
5373.0,127.0,42.0,126.0,43.0,0.0,0.0,1.0,1.0,1.0,109.0
5024.0,129.0,52.0,110.0,53.0,0.0,0.0,0.0,1.0,0.0,126.0
3418.0,95.0,32.0,62.0,27.0,0.0,0.0,1.0,1.0,0.0,93.0
2730.0,76.0,27.0,50.0,22.0,0.0,0.0,0.0,1.0,0.0,84.0
2039.0,53.0,18.0,30.0,14.0,0.0,0.0,0.0,1.0,0.0,61.0
3739.0,86.0,34.0,68.0,34.0,0.0,0.0,0.0,1.0,0.0,111.0
2625.0,67.0,27.0,42.0,30.0,0.0,0.0,0.0,1.0,0.0,89.0
3177.0,82.0,28.0,58.0,28.0,0.0,0.0,0.0,1.0,0.0,92.0
5387.0,124.0,46.0,116.0,50.0,0.0,0.0,1.0,1.0,1.0,107.0
4279.0,114.0,43.0,78.0,49.0,0.0,1.0,1.0,1.0,0.0,102.0
5029.0,130.0,52.0,110.0,50.0,0.0,0.0,0.0,1.0,0.0,129.0
2349.0,65.0,22.0,30.0,18.0,0.0,0.0,0.0,1.0,0.0,72.0
2598.0,72.0,24.0,44.0,14.0,0.0,0.0,0.0,1.0,0.0,77.0
4245.0,104.0,38.0,80.0,52.0,0.0,0.0,1.0,1.0,0.0,125.0
2397.0,68.0,24.0,36.0,16.0,0.0,0.0,0.0,1.0,0.0,75.0
5146.0,121.0,43.0,104.0,37.0,0.0,0.0,1.0,1.0,0.0,138.0
4208.0,95.0,36.0,86.0,41.0,0.0,0.0,0.0,1.0,0.0,125.0
2871.0,73.0,27.0,48.0,28.0,0.0,0.0,0.0,1.0,0.0,91.0
4020.0,104.0,30.0,64.0,25.0,0.0,0.0,1.0,1.0,0.0,87.0
5320.0,123.0,47.0,122.0,48.0,0.0,0.0,0.0,1.0,1.0,134.0
6252.0,154.0,59.0,128.0,69.0,0.0,0.0,0.0,1.0,1.0,144.0
2190.0,56.0,20.0,28.0,18.0,0.0,0.0,0.0,1.0,0.0,63.0
4361.0,95.0,37.0,86.0,39.0,1.0,0.0,0.0,1.0,0.0,116.0
5237.0,126.0,47.0,118.0,40.0,0.0,0.0,1.0,1.0,1.0,106.0
3332.0,86.0,32.0,60.0,41.0,0.0,0.0,0.0,1.0,0.0,102.0
5020.0,112.0,40.0,110.0,38.0,0.0,0.0,1.0,1.0,1.0,97.0
2701.0,73.0,22.0,42.0,20.0,0.0,0.0,0.0,1.0,0.0,80.0
5155.0,124.0,44.0,124.0,37.0,0.0,0.0,0.0,1.0,1.0,132.0
3308.0,83.0,28.0,64.0,35.0,0.0,0.0,1.0,1.0,0.0,89.0
3833.0,87.0,38.0,78.0,34.0,0.0,0.0,0.0,1.0,0.0,118.0
5274.0,121.0,47.0,120.0,48.0,0.0,0.0,0.0,1.0,1.0,135.0
5102.0,122.0,43.0,112.0,38.0,0.0,0.0,1.0,1.0,1.0,96.0
4662.0,103.0,37.0,100.0,42.0,1.0,0.0,0.0,1.0,0.0,118.0
4527.0,116.0,48.0,106.0,50.0,0.0,0.0,0.0,1.0,0.0,113.0
3646.0,103.0,44.0,66.0,44.0,0.0,1.0,0.0,1.0,0.0,102.0
3448.0,88.0,32.0,56.0,45.0,1.0,0.0,0.0,1.0,0.0,74.0
3071.0,81.0,27.0,50.0,26.0,0.0,0.0,0.0,1.0,0.0,81.0
4814.0,116.0,41.0,96.0,36.0,1.0,0.0,0.0,1.0,0.0,104.0
4380.0,106.0,44.0,108.0,44.0,0.0,0.0,0.0,1.0,0.0,129.0
5728.0,130.0,49.0,128.0,52.0,0.0,0.0,1.0,1.0,1.0,124.0
7115.0,153.0,57.0,168.0,52.0,0.0,0.0,1.0,1.0,1.0,179.0
2831.0,73.0,29.0,50.0,28.0,0.0,0.0,0.0,1.0,0.0,79.0
2537.0,72.0,22.0,38.0,21.0,0.0,0.0,0.0,1.0,0.0,77.0
2067.0,54.0,20.0,24.0,18.0,0.0,0.0,0.0,1.0,0.0,67.0
4181.0,109.0,46.0,96.0,36.0,0.0,0.0,0.0,1.0,0.0,110.0
3660.0,99.0,34.0,54.0,50.0,1.0,0.0,0.0,1.0,0.0,90.0
4809.0,116.0,46.0,114.0,46.0,0.0,0.0,0.0,1.0,0.0,134.0
2688.0,74.0,23.0,40.0,22.0,0.0,0.0,0.0,1.0,0.0,76.0
5171.0,120.0,41.0,124.0,36.0,0.0,0.0,1.0,1.0,1.0,112.0
2674.0,74.0,28.0,42.0,18.0,0.0,0.0,0.0,1.0,0.0,82.0
2327.0,64.0,20.0,32.0,14.0,0.0,0.0,0.0,1.0,0.0,68.0
5972.0,140.0,48.0,128.0,38.0,0.0,0.0,1.0,1.0,1.0,127.0
3856.0,94.0,32.0,64.0,32.0,0.0,0.0,1.0,1.0,0.0,103.0
4902.0,119.0,43.0,108.0,36.0,0.0,0.0,0.0,1.0,1.0,120.0
3893.0,98.0,33.0,66.0,37.0,0.0,0.0,0.0,1.0,0.0,101.0
3485.0,90.0,32.0,54.0,24.0,1.0,0.0,0.0,1.0,0.0,87.0
4545.0,115.0,42.0,110.0,32.0,0.0,0.0,0.0,1.0,0.0,115.0
2562.0,71.0,27.0,36.0,28.0,0.0,1.0,0.0,0.0,0.0,74.0
3283.0,81.0,30.0,56.0,34.0,1.0,0.0,0.0,1.0,0.0,98.0
4699.0,111.0,43.0,116.0,38.0,0.0,0.0,0.0,1.0,1.0,119.0
2917.0,82.0,32.0,52.0,16.0,0.0,0.0,0.0,1.0,0.0,90.0
2880.0,78.0,28.0,56.0,25.0,0.0,1.0,0.0,1.0,0.0,85.0
4014.0,93.0,27.0,66.0,28.0,1.0,0.0,0.0,1.0,0.0,74.0
3537.0,107.0,47.0,52.0,56.0,0.0,1.0,0.0,1.0,0.0,92.0
7147.0,154.0,56.0,212.0,49.0,0.0,0.0,1.0,1.0,1.0,149.0
5960.0,136.0,45.0,136.0,32.0,0.0,0.0,1.0,1.0,1.0,152.0
6507.0,141.0,52.0,150.0,55.0,0.0,0.0,1.0,1.0,1.0,140.0
2740.0,70.0,20.0,50.0,26.0,0.0,0.0,1.0,1.0,0.0,74.0
3391.0,88.0,30.0,68.0,27.0,0.0,0.0,1.0,1.0,0.0,85.0
2865.0,77.0,24.0,54.0,25.0,0.0,0.0,0.0,1.0,0.0,87.0
5709.0,130.0,47.0,132.0,44.0,0.0,0.0,1.0,1.0,1.0,122.0
5237.0,119.0,48.0,122.0,50.0,0.0,0.0,0.0,1.0,1.0,133.0
4470.0,111.0,37.0,98.0,32.0,0.0,0.0,1.0,1.0,1.0,96.0
6092.0,141.0,49.0,140.0,44.0,0.0,0.0,1.0,1.0,1.0,129.0
3973.0,97.0,38.0,72.0,32.0,1.0,0.0,0.0,1.0,0.0,109.0
5492.0,123.0,40.0,116.0,62.0,0.0,0.0,1.0,1.0,0.0,135.0
6327.0,139.0,54.0,148.0,50.0,0.0,0.0,0.0,1.0,1.0,154.0
5609.0,123.0,44.0,114.0,46.0,0.0,0.0,0.0,1.0,0.0,126.0
2675.0,67.0,22.0,46.0,23.0,0.0,0.0,0.0,1.0,0.0,75.0
2072.0,57.0,20.0,24.0,20.0,0.0,0.0,0.0,1.0,0.0,69.0
2454.0,68.0,23.0,40.0,25.0,0.0,0.0,0.0,1.0,0.0,78.0
4524.0,122.0,44.0,78.0,45.0,0.0,0.0,1.0,1.0,0.0,109.0
3267.0,81.0,30.0,52.0,20.0,1.0,0.0,0.0,1.0,0.0,83.0
4621.0,104.0,37.0,90.0,32.0,0.0,0.0,0.0,1.0,0.0,101.0
3085.0,87.0,32.0,48.0,28.0,0.0,1.0,0.0,0.0,0.0,81.0
3607.0,88.0,31.0,74.0,26.0,1.0,0.0,0.0,1.0,0.0,92.0
2963.0,76.0,26.0,46.0,33.0,0.0,0.0,0.0,1.0,0.0,90.0
3023.0,72.0,25.0,56.0,24.0,1.0,0.0,0.0,1.0,0.0,72.0
2615.0,67.0,22.0,42.0,21.0,1.0,0.0,0.0,1.0,0.0,69.0
3719.0,97.0,34.0,58.0,18.0,1.0,0.0,0.0,1.0,0.0,93.0
5409.0,122.0,39.0,110.0,34.0,0.0,0.0,0.0,1.0,0.0,108.0
4192.0,106.0,34.0,66.0,33.0,1.0,0.0,0.0,1.0,0.0,106.0
3580.0,97.0,32.0,52.0,41.0,0.0,0.0,1.0,1.0,0.0,76.0
2415.0,59.0,25.0,40.0,30.0,0.0,0.0,0.0,1.0,0.0,86.0
4900.0,120.0,45.0,106.0,36.0,0.0,0.0,0.0,1.0,1.0,122.0
2568.0,69.0,21.0,40.0,20.0,0.0,0.0,0.0,1.0,0.0,70.0
3369.0,87.0,32.0,70.0,39.0,0.0,1.0,0.0,1.0,0.0,99.0
4395.0,106.0,37.0,96.0,35.0,0.0,0.0,1.0,1.0,0.0,90.0
5621.0,135.0,48.0,136.0,38.0,0.0,0.0,0.0,1.0,1.0,138.0
3519.0,92.0,36.0,68.0,30.0,0.0,0.0,0.0,1.0,0.0,92.0
3594.0,91.0,28.0,60.0,30.0,0.0,0.0,1.0,1.0,0.0,98.0
8488.0,179.0,69.0,244.0,75.0,0.0,0.0,1.0,1.0,1.0,196.0
3277.0,83.0,34.0,60.0,34.0,0.0,0.0,0.0,1.0,0.0,106.0
5187.0,126.0,43.0,108.0,40.0,0.0,0.0,1.0,1.0,1.0,101.0
5168.0,127.0,50.0,112.0,62.0,0.0,0.0,0.0,1.0,1.0,120.0
3754.0,94.0,35.0,70.0,26.0,1.0,0.0,0.0,1.0,0.0,97.0
4593.0,108.0,41.0,100.0,34.0,0.0,0.0,0.0,1.0,1.0,109.0
5014.0,109.0,42.0,102.0,46.0,0.0,0.0,0.0,1.0,0.0,121.0
3023.0,76.0,28.0,50.0,25.0,1.0,0.0,0.0,1.0,0.0,84.0
3327.0,88.0,33.0,58.0,22.0,0.0,0.0,0.0,1.0,0.0,88.0
3532.0,91.0,34.0,68.0,28.0,0.0,0.0,0.0,1.0,0.0,86.0
2457.0,67.0,22.0,36.0,18.0,0.0,0.0,0.0,1.0,0.0,75.0
4344.0,109.0,39.0,78.0,43.0,1.0,0.0,0.0,1.0,0.0,110.0
5008.0,120.0,47.0,114.0,38.0,0.0,0.0,1.0,1.0,1.0,106.0
5326.0,118.0,50.0,128.0,54.0,0.0,0.0,1.0,1.0,0.0,132.0
6418.0,141.0,52.0,138.0,65.0,0.0,0.0,0.0,1.0,0.0,154.0
3367.0,95.0,38.0,62.0,40.0,0.0,1.0,1.0,1.0,0.0,88.0
3167.0,86.0,30.0,62.0,19.0,0.0,1.0,1.0,1.0,0.0,84.0
5417.0,124.0,49.0,126.0,53.0,0.0,0.0,0.0,1.0,1.0,141.0
2745.0,70.0,26.0,40.0,18.0,1.0,0.0,0.0,1.0,0.0,72.0
3260.0,79.0,25.0,60.0,22.0,1.0,0.0,0.0,1.0,0.0,69.0
3498.0,88.0,32.0,80.0,30.0,0.0,0.0,0.0,1.0,0.0,85.0
4216.0,103.0,36.0,82.0,39.0,0.0,0.0,1.0,1.0,0.0,103.0
3131.0,80.0,28.0,50.0,33.0,0.0,0.0,0.0,1.0,0.0,97.0
2464.0,66.0,24.0,42.0,22.0,0.0,0.0,0.0,1.0,0.0,78.0
5123.0,129.0,49.0,130.0,34.0,0.0,0.0,0.0,1.0,0.0,137.0
4611.0,113.0,41.0,104.0,34.0,0.0,0.0,0.0,1.0,1.0,110.0
5133.0,129.0,50.0,118.0,38.0,0.0,0.0,1.0,1.0,1.0,114.0
3220.0,76.0,30.0,56.0,32.0,1.0,0.0,0.0,1.0,0.0,91.0
2203.0,61.0,21.0,30.0,22.0,0.0,0.0,0.0,1.0,0.0,69.0
3101.0,77.0,25.0,58.0,28.0,1.0,0.0,0.0,1.0,0.0,82.0
5417.0,133.0,53.0,124.0,36.0,0.0,0.0,0.0,1.0,1.0,131.0
4049.0,98.0,31.0,66.0,47.0,1.0,0.0,0.0,1.0,0.0,107.0
4021.0,100.0,39.0,84.0,32.0,1.0,0.0,0.0,1.0,0.0,92.0
2700.0,67.0,26.0,42.0,32.0,0.0,0.0,0.0,1.0,0.0,84.0
4949.0,118.0,41.0,116.0,43.0,0.0,0.0,1.0,1.0,1.0,96.0
4769.0,121.0,39.0,82.0,63.0,0.0,0.0,1.0,1.0,0.0,107.0
4376.0,110.0,45.0,106.0,30.0,0.0,0.0,0.0,1.0,0.0,120.0
4342.0,113.0,41.0,98.0,32.0,0.0,0.0,0.0,1.0,0.0,117.0
2471.0,64.0,21.0,34.0,20.0,0.0,0.0,0.0,1.0,0.0,70.0
2777.0,70.0,28.0,48.0,34.0,0.0,0.0,0.0,1.0,0.0,93.0
4573.0,107.0,41.0,110.0,34.0,0.0,0.0,0.0,1.0,1.0,112.0
6591.0,164.0,61.0,138.0,72.0,0.0,0.0,0.0,1.0,1.0,153.0
2397.0,66.0,24.0,46.0,25.0,0.0,0.0,0.0,1.0,0.0,76.0
5431.0,127.0,43.0,112.0,38.0,0.0,0.0,1.0,1.0,1.0,109.0
2165.0,59.0,20.0,34.0,12.0,0.0,0.0,0.0,1.0,0.0,69.0
4284.0,103.0,36.0,90.0,47.0,1.0,0.0,0.0,1.0,0.0,106.0
5310.0,122.0,45.0,118.0,36.0,0.0,0.0,1.0,1.0,1.0,112.0
4262.0,116.0,42.0,76.0,48.0,0.0,0.0,1.0,1.0,0.0,92.0
2368.0,66.0,21.0,36.0,14.0,0.0,0.0,0.0,1.0,0.0,72.0
3635.0,101.0,37.0,54.0,40.0,0.0,0.0,0.0,1.0,0.0,92.0
4119.0,108.0,37.0,80.0,41.0,0.0,1.0,1.0,1.0,0.0,112.0
3503.0,81.0,30.0,66.0,40.0,1.0,0.0,0.0,1.0,0.0,96.0
2318.0,62.0,19.0,30.0,22.0,0.0,0.0,0.0,1.0,0.0,68.0
5707.0,135.0,47.0,124.0,38.0,0.0,0.0,1.0,1.0,1.0,110.0
3080.0,82.0,32.0,42.0,43.0,0.0,0.0,0.0,1.0,0.0,73.0
2890.0,77.0,28.0,40.0,22.0,1.0,0.0,0.0,1.0,0.0,79.0
3128.0,88.0,34.0,68.0,26.0,0.0,1.0,0.0,1.0,0.0,88.0
3714.0,101.0,35.0,66.0,21.0,0.0,0.0,1.0,1.0,0.0,98.0
4549.0,125.0,44.0,74.0,56.0,0.0,0.0,1.0,1.0,0.0,113.0
5805.0,134.0,58.0,162.0,56.0,0.0,0.0,0.0,1.0,0.0,148.0
4996.0,110.0,42.0,110.0,50.0,0.0,0.0,1.0,1.0,1.0,104.0
3609.0,91.0,31.0,66.0,43.0,0.0,0.0,0.0,1.0,0.0,103.0
3274.0,85.0,35.0,62.0,28.0,1.0,0.0,0.0,1.0,0.0,93.0
4888.0,113.0,39.0,106.0,34.0,0.0,0.0,1.0,1.0,1.0,107.0
2434.0,69.0,24.0,38.0,18.0,0.0,0.0,0.0,1.0,0.0,78.0
3059.0,86.0,30.0,38.0,40.0,0.0,0.0,0.0,1.0,0.0,73.0
3003.0,86.0,31.0,36.0,40.0,0.0,0.0,0.0,1.0,0.0,76.0
4353.0,99.0,40.0,94.0,56.0,1.0,0.0,0.0,1.0,0.0,111.0
4884.0,124.0,38.0,86.0,42.0,0.0,0.0,1.0,1.0,0.0,114.0
2509.0,67.0,22.0,34.0,18.0,0.0,0.0,0.0,1.0,0.0,70.0
5248.0,119.0,40.0,106.0,34.0,0.0,0.0,0.0,1.0,0.0,109.0
3017.0,76.0,29.0,52.0,41.0,0.0,0.0,0.0,1.0,0.0,113.0
5779.0,142.0,52.0,112.0,61.0,0.0,0.0,1.0,1.0,1.0,103.0
5163.0,124.0,46.0,114.0,36.0,0.0,0.0,1.0,1.0,1.0,102.0
3405.0,85.0,27.0,60.0,31.0,1.0,0.0,0.0,1.0,0.0,84.0
4757.0,117.0,43.0,110.0,34.0,0.0,0.0,0.0,1.0,1.0,115.0
3352.0,84.0,28.0,54.0,23.0,1.0,0.0,0.0,1.0,0.0,81.0
9434.0,195.0,80.0,262.0,64.0,0.0,0.0,1.0,1.0,1.0,186.0
3094.0,84.0,27.0,58.0,14.0,0.0,1.0,0.0,1.0,0.0,74.0
2305.0,64.0,21.0,30.0,14.0,0.0,0.0,0.0,1.0,0.0,71.0
4932.0,123.0,47.0,130.0,43.0,0.0,0.0,0.0,1.0,0.0,129.0
3709.0,104.0,39.0,64.0,45.0,0.0,1.0,0.0,1.0,0.0,95.0
4139.0,103.0,40.0,94.0,32.0,0.0,0.0,0.0,1.0,0.0,111.0
4769.0,117.0,45.0,82.0,53.0,0.0,0.0,1.0,1.0,0.0,116.0
5457.0,125.0,41.0,116.0,36.0,0.0,0.0,0.0,1.0,0.0,115.0
3599.0,85.0,31.0,58.0,34.0,1.0,0.0,0.0,1.0,0.0,93.0
4562.0,118.0,49.0,96.0,53.0,0.0,0.0,0.0,1.0,0.0,119.0
6794.0,147.0,52.0,156.0,42.0,0.0,0.0,1.0,1.0,1.0,164.0
4448.0,109.0,37.0,96.0,30.0,0.0,0.0,1.0,1.0,1.0,90.0
3845.0,100.0,36.0,72.0,33.0,1.0,0.0,0.0,1.0,0.0,104.0
2146.0,61.0,21.0,26.0,14.0,0.0,0.0,0.0,1.0,0.0,67.0
6040.0,141.0,46.0,142.0,36.0,0.0,0.0,1.0,1.0,1.0,134.0
2464.0,69.0,25.0,36.0,20.0,0.0,0.0,0.0,1.0,0.0,78.0
3798.0,100.0,33.0,72.0,27.0,0.0,1.0,0.0,1.0,0.0,99.0
4556.0,103.0,39.0,96.0,49.0,0.0,0.0,1.0,1.0,0.0,123.0
4246.0,103.0,37.0,76.0,45.0,1.0,0.0,0.0,1.0,0.0,120.0
2955.0,83.0,32.0,48.0,35.0,0.0,1.0,0.0,0.0,0.0,92.0
2898.0,67.0,27.0,52.0,36.0,0.0,0.0,0.0,1.0,0.0,85.0
5620.0,132.0,45.0,128.0,38.0,0.0,0.0,1.0,1.0,1.0,138.0
2588.0,70.0,22.0,46.0,19.0,0.0,0.0,0.0,1.0,0.0,79.0
5285.0,127.0,43.0,108.0,38.0,0.0,0.0,1.0,1.0,1.0,99.0
4670.0,116.0,38.0,78.0,55.0,1.0,0.0,0.0,1.0,0.0,87.0
6346.0,151.0,55.0,132.0,67.0,0.0,0.0,1.0,1.0,1.0,137.0
6047.0,147.0,53.0,136.0,53.0,0.0,0.0,0.0,1.0,1.0,143.0
2542.0,72.0,22.0,38.0,21.0,0.0,0.0,0.0,1.0,0.0,77.0
4574.0,110.0,41.0,106.0,34.0,0.0,0.0,0.0,1.0,1.0,108.0
5577.0,138.0,49.0,112.0,61.0,0.0,0.0,1.0,1.0,1.0,102.0
3334.0,95.0,38.0,54.0,37.0,0.0,1.0,1.0,1.0,0.0,80.0
2538.0,67.0,22.0,34.0,18.0,0.0,0.0,0.0,1.0,0.0,72.0
3234.0,89.0,30.0,50.0,23.0,0.0,0.0,1.0,1.0,0.0,85.0
4078.0,104.0,36.0,66.0,50.0,1.0,0.0,0.0,1.0,0.0,98.0
3137.0,76.0,28.0,68.0,30.0,0.0,0.0,0.0,1.0,0.0,76.0
5437.0,133.0,50.0,138.0,45.0,0.0,0.0,0.0,1.0,0.0,143.0
4941.0,112.0,45.0,118.0,53.0,0.0,0.0,0.0,1.0,1.0,129.0
3237.0,83.0,26.0,56.0,25.0,1.0,0.0,0.0,1.0,0.0,82.0
3020.0,76.0,26.0,52.0,31.0,0.0,0.0,0.0,1.0,0.0,90.0
4420.0,113.0,42.0,108.0,37.0,0.0,0.0,0.0,1.0,0.0,121.0
2366.0,66.0,21.0,36.0,14.0,0.0,0.0,0.0,1.0,0.0,72.0
4428.0,103.0,39.0,100.0,34.0,0.0,0.0,0.0,1.0,1.0,107.0
4819.0,116.0,44.0,108.0,34.0,0.0,0.0,0.0,1.0,1.0,112.0
5764.0,148.0,56.0,122.0,57.0,0.0,0.0,0.0,1.0,1.0,129.0
2529.0,71.0,27.0,42.0,22.0,0.0,0.0,0.0,1.0,0.0,79.0
2884.0,73.0,26.0,46.0,25.0,1.0,0.0,0.0,1.0,0.0,84.0
3133.0,84.0,33.0,68.0,33.0,0.0,1.0,0.0,1.0,0.0,93.0
7852.0,170.0,60.0,214.0,51.0,0.0,0.0,1.0,1.0,1.0,144.0
3080.0,83.0,32.0,52.0,22.0,1.0,0.0,0.0,1.0,0.0,83.0
3372.0,91.0,32.0,48.0,43.0,0.0,0.0,0.0,1.0,0.0,89.0
2936.0,78.0,27.0,44.0,26.0,1.0,0.0,0.0,1.0,0.0,79.0
3300.0,93.0,33.0,48.0,44.0,0.0,0.0,1.0,1.0,0.0,77.0
6380.0,144.0,60.0,158.0,46.0,0.0,0.0,0.0,1.0,1.0,160.0
5286.0,131.0,51.0,104.0,55.0,0.0,0.0,0.0,1.0,1.0,115.0
5401.0,130.0,46.0,118.0,43.0,0.0,0.0,1.0,1.0,1.0,109.0
2598.0,71.0,27.0,50.0,22.0,0.0,1.0,0.0,1.0,0.0,75.0
4324.0,110.0,40.0,104.0,35.0,0.0,0.0,0.0,1.0,0.0,111.0
5913.0,131.0,53.0,148.0,46.0,0.0,0.0,0.0,1.0,0.0,153.0
2610.0,73.0,23.0,38.0,25.0,0.0,0.0,0.0,1.0,0.0,80.0
3556.0,96.0,34.0,54.0,48.0,0.0,0.0,0.0,1.0,0.0,83.0
4260.0,116.0,40.0,64.0,45.0,0.0,0.0,1.0,1.0,0.0,90.0
4723.0,107.0,36.0,100.0,32.0,0.0,0.0,1.0,1.0,1.0,93.0
3418.0,86.0,36.0,82.0,22.0,0.0,1.0,0.0,1.0,0.0,79.0
3354.0,88.0,33.0,58.0,22.0,0.0,0.0,0.0,1.0,0.0,88.0
1973.0,54.0,20.0,26.0,18.0,0.0,0.0,0.0,1.0,0.0,67.0
5046.0,116.0,41.0,116.0,36.0,0.0,0.0,1.0,1.0,1.0,107.0
5351.0,130.0,48.0,116.0,38.0,0.0,0.0,1.0,1.0,1.0,109.0
5232.0,129.0,45.0,118.0,36.0,0.0,0.0,0.0,1.0,1.0,114.0
5504.0,129.0,45.0,120.0,41.0,0.0,0.0,1.0,1.0,1.0,116.0
3159.0,87.0,34.0,38.0,42.0,0.0,0.0,0.0,1.0,0.0,97.0
5713.0,136.0,48.0,138.0,38.0,0.0,0.0,0.0,1.0,1.0,140.0
3904.0,105.0,41.0,62.0,44.0,0.0,0.0,0.0,1.0,0.0,93.0
1893.0,51.0,17.0,24.0,14.0,0.0,0.0,0.0,1.0,0.0,60.0
3053.0,80.0,29.0,50.0,26.0,1.0,0.0,0.0,1.0,0.0,78.0
4604.0,109.0,40.0,108.0,32.0,0.0,0.0,0.0,1.0,1.0,112.0
3399.0,82.0,31.0,62.0,39.0,1.0,0.0,0.0,1.0,0.0,102.0
5743.0,135.0,46.0,126.0,34.0,0.0,0.0,1.0,1.0,1.0,142.0
2609.0,70.0,21.0,38.0,20.0,0.0,0.0,0.0,1.0,0.0,73.0
2345.0,63.0,21.0,38.0,20.0,0.0,0.0,0.0,1.0,0.0,69.0
5159.0,122.0,41.0,108.0,36.0,0.0,0.0,1.0,1.0,1.0,93.0
3244.0,84.0,28.0,56.0,31.0,0.0,0.0,0.0,1.0,0.0,93.0
3853.0,100.0,38.0,80.0,33.0,0.0,1.0,0.0,1.0,0.0,105.0
4024.0,97.0,38.0,102.0,30.0,0.0,0.0,0.0,1.0,0.0,106.0
4794.0,116.0,43.0,102.0,36.0,0.0,0.0,0.0,1.0,1.0,114.0
3798.0,93.0,34.0,68.0,49.0,0.0,0.0,0.0,1.0,0.0,119.0
3915.0,102.0,38.0,86.0,31.0,0.0,0.0,1.0,1.0,0.0,90.0
5507.0,134.0,47.0,116.0,49.0,0.0,0.0,1.0,1.0,1.0,122.0
7435.0,157.0,58.0,214.0,55.0,0.0,0.0,1.0,1.0,1.0,139.0
3607.0,87.0,26.0,68.0,33.0,1.0,0.0,0.0,1.0,0.0,84.0
5240.0,117.0,45.0,104.0,51.0,1.0,0.0,0.0,1.0,0.0,137.0
3247.0,82.0,33.0,66.0,36.0,0.0,1.0,0.0,1.0,0.0,94.0
3158.0,80.0,26.0,62.0,24.0,1.0,0.0,0.0,1.0,0.0,75.0
3646.0,86.0,32.0,72.0,26.0,0.0,0.0,0.0,1.0,0.0,107.0
4201.0,99.0,38.0,94.0,33.0,0.0,1.0,0.0,1.0,0.0,109.0
2893.0,77.0,23.0,50.0,22.0,0.0,0.0,0.0,1.0,0.0,81.0
3809.0,91.0,34.0,78.0,41.0,0.0,0.0,1.0,1.0,0.0,97.0
3434.0,91.0,32.0,60.0,25.0,0.0,0.0,1.0,1.0,0.0,85.0
5311.0,130.0,49.0,104.0,56.0,0.0,0.0,1.0,1.0,1.0,91.0
5998.0,141.0,51.0,142.0,36.0,0.0,0.0,1.0,1.0,1.0,148.0
2303.0,63.0,21.0,34.0,19.0,0.0,0.0,0.0,1.0,0.0,77.0
6170.0,142.0,54.0,148.0,48.0,0.0,0.0,1.0,1.0,1.0,117.0
5709.0,130.0,52.0,154.0,47.0,0.0,0.0,0.0,1.0,0.0,149.0
2966.0,75.0,27.0,48.0,25.0,1.0,0.0,0.0,1.0,0.0,83.0
4428.0,109.0,38.0,98.0,32.0,0.0,0.0,1.0,1.0,1.0,91.0
6340.0,137.0,54.0,152.0,52.0,0.0,0.0,1.0,1.0,1.0,141.0
2542.0,70.0,25.0,42.0,20.0,0.0,0.0,0.0,1.0,0.0,73.0
2079.0,56.0,19.0,28.0,14.0,0.0,0.0,0.0,1.0,0.0,66.0
6330.0,155.0,57.0,130.0,71.0,0.0,0.0,1.0,1.0,1.0,127.0
3997.0,96.0,33.0,84.0,32.0,0.0,0.0,1.0,1.0,1.0,84.0
2217.0,58.0,20.0,36.0,25.0,0.0,0.0,0.0,1.0,0.0,68.0
2563.0,67.0,20.0,38.0,18.0,0.0,0.0,0.0,1.0,0.0,64.0
5243.0,124.0,49.0,124.0,50.0,0.0,0.0,0.0,1.0,1.0,133.0
5475.0,132.0,49.0,120.0,38.0,0.0,0.0,1.0,1.0,1.0,113.0
3418.0,86.0,32.0,68.0,26.0,0.0,0.0,0.0,1.0,0.0,80.0
5293.0,134.0,52.0,110.0,54.0,0.0,0.0,0.0,1.0,1.0,118.0
3163.0,72.0,29.0,62.0,30.0,0.0,0.0,0.0,1.0,0.0,97.0
4429.0,102.0,43.0,96.0,46.0,1.0,0.0,0.0,1.0,0.0,104.0
4060.0,100.0,39.0,106.0,34.0,0.0,0.0,0.0,1.0,0.0,112.0
5093.0,114.0,43.0,100.0,55.0,1.0,0.0,0.0,1.0,0.0,136.0
4841.0,122.0,47.0,116.0,30.0,0.0,0.0,0.0,1.0,0.0,129.0
5315.0,123.0,53.0,134.0,52.0,0.0,1.0,0.0,0.0,0.0,132.0
2965.0,85.0,32.0,42.0,30.0,0.0,1.0,0.0,0.0,0.0,82.0
3179.0,81.0,32.0,60.0,26.0,0.0,1.0,0.0,1.0,0.0,88.0
3219.0,89.0,35.0,64.0,22.0,0.0,1.0,0.0,1.0,0.0,89.0
3892.0,104.0,38.0,66.0,48.0,0.0,0.0,1.0,1.0,0.0,84.0
2155.0,59.0,21.0,38.0,14.0,0.0,0.0,0.0,1.0,0.0,69.0
3464.0,90.0,32.0,50.0,53.0,1.0,0.0,0.0,1.0,0.0,89.0
3391.0,94.0,35.0,50.0,45.0,1.0,0.0,0.0,1.0,0.0,80.0
2431.0,61.0,23.0,42.0,33.0,0.0,0.0,0.0,1.0,0.0,84.0
2813.0,70.0,26.0,46.0,30.0,0.0,0.0,0.0,1.0,0.0,90.0
3797.0,108.0,38.0,60.0,47.0,0.0,0.0,1.0,1.0,0.0,97.0
4598.0,112.0,38.0,100.0,37.0,0.0,0.0,1.0,1.0,1.0,91.0
3524.0,87.0,35.0,82.0,38.0,0.0,0.0,0.0,1.0,0.0,87.0
8111.0,174.0,63.0,224.0,50.0,0.0,0.0,1.0,1.0,1.0,143.0
5037.0,129.0,52.0,112.0,53.0,0.0,0.0,0.0,1.0,0.0,126.0
2722.0,80.0,31.0,32.0,37.0,0.0,0.0,0.0,1.0,0.0,76.0
5160.0,124.0,44.0,122.0,39.0,0.0,0.0,0.0,1.0,1.0,122.0
5788.0,130.0,50.0,132.0,65.0,0.0,0.0,1.0,1.0,1.0,133.0
2951.0,78.0,27.0,48.0,26.0,0.0,0.0,0.0,1.0,0.0,77.0
4285.0,112.0,36.0,78.0,25.0,0.0,0.0,1.0,1.0,0.0,99.0
5251.0,126.0,48.0,126.0,36.0,0.0,0.0,0.0,1.0,1.0,126.0
2470.0,68.0,22.0,32.0,14.0,0.0,0.0,0.0,1.0,0.0,72.0
4820.0,120.0,45.0,120.0,35.0,0.0,0.0,0.0,1.0,0.0,131.0
3062.0,81.0,29.0,48.0,22.0,1.0,0.0,0.0,1.0,0.0,80.0
5071.0,131.0,52.0,118.0,56.0,0.0,0.0,0.0,1.0,0.0,129.0
5883.0,142.0,52.0,132.0,51.0,0.0,0.0,0.0,1.0,1.0,146.0
5454.0,132.0,48.0,134.0,45.0,0.0,0.0,0.0,1.0,0.0,142.0
4556.0,112.0,42.0,118.0,33.0,0.0,0.0,0.0,1.0,0.0,120.0
4034.0,105.0,34.0,78.0,30.0,0.0,0.0,1.0,1.0,0.0,95.0
4159.0,103.0,38.0,82.0,28.0,1.0,0.0,0.0,1.0,0.0,97.0
5467.0,119.0,46.0,124.0,48.0,0.0,0.0,1.0,1.0,0.0,134.0
4323.0,110.0,40.0,100.0,30.0,0.0,0.0,0.0,1.0,0.0,112.0
3309.0,91.0,28.0,50.0,21.0,0.0,0.0,1.0,1.0,0.0,85.0
2344.0,63.0,22.0,32.0,22.0,0.0,0.0,0.0,1.0,0.0,70.0
5767.0,137.0,47.0,128.0,40.0,0.0,0.0,1.0,1.0,1.0,114.0
3194.0,85.0,35.0,66.0,16.0,0.0,1.0,1.0,1.0,0.0,87.0
2786.0,75.0,28.0,44.0,27.0,0.0,0.0,0.0,1.0,0.0,103.0
2942.0,84.0,35.0,42.0,37.0,0.0,0.0,0.0,1.0,0.0,85.0
7221.0,163.0,62.0,168.0,61.0,0.0,0.0,0.0,1.0,1.0,176.0
4820.0,117.0,41.0,100.0,41.0,0.0,0.0,1.0,1.0,0.0,122.0
3569.0,87.0,36.0,76.0,32.0,1.0,0.0,0.0,1.0,0.0,85.0
5199.0,126.0,48.0,126.0,47.0,0.0,0.0,0.0,1.0,1.0,126.0
4519.0,113.0,41.0,106.0,32.0,0.0,0.0,0.0,1.0,0.0,111.0
5445.0,129.0,45.0,122.0,36.0,0.0,0.0,1.0,1.0,1.0,110.0
4503.0,111.0,40.0,102.0,28.0,0.0,0.0,0.0,1.0,0.0,112.0
4684.0,108.0,45.0,126.0,51.0,0.0,0.0,0.0,1.0,0.0,132.0
4458.0,110.0,47.0,110.0,40.0,0.0,0.0,0.0,1.0,0.0,102.0
4966.0,116.0,43.0,114.0,34.0,0.0,0.0,0.0,1.0,1.0,124.0
3202.0,77.0,29.0,70.0,30.0,0.0,0.0,0.0,1.0,0.0,75.0
5249.0,133.0,52.0,108.0,57.0,0.0,0.0,0.0,1.0,1.0,117.0
4228.0,110.0,36.0,76.0,33.0,0.0,0.0,1.0,1.0,0.0,99.0
2234.0,61.0,22.0,30.0,14.0,0.0,0.0,0.0,1.0,0.0,69.0
3582.0,97.0,37.0,62.0,45.0,0.0,1.0,0.0,1.0,0.0,104.0
6141.0,142.0,54.0,140.0,63.0,0.0,0.0,0.0,1.0,1.0,161.0
2192.0,61.0,22.0,30.0,20.0,0.0,0.0,0.0,1.0,0.0,72.0
2295.0,65.0,22.0,28.0,18.0,0.0,0.0,0.0,1.0,0.0,72.0
6888.0,155.0,60.0,160.0,50.0,0.0,0.0,0.0,1.0,1.0,168.0
3759.0,92.0,33.0,68.0,45.0,0.0,0.0,0.0,1.0,0.0,118.0
2922.0,75.0,25.0,46.0,29.0,0.0,0.0,0.0,1.0,0.0,89.0
3023.0,79.0,26.0,42.0,20.0,1.0,0.0,0.0,1.0,0.0,77.0
3365.0,93.0,32.0,58.0,27.0,0.0,0.0,1.0,1.0,0.0,87.0
3561.0,88.0,26.0,62.0,37.0,0.0,0.0,0.0,1.0,0.0,94.0
2990.0,80.0,26.0,48.0,23.0,0.0,0.0,1.0,1.0,0.0,75.0
2798.0,73.0,29.0,60.0,22.0,0.0,1.0,1.0,1.0,0.0,75.0
4150.0,102.0,40.0,100.0,30.0,0.0,0.0,0.0,1.0,0.0,110.0
4768.0,124.0,49.0,112.0,32.0,0.0,0.0,0.0,1.0,0.0,129.0
3311.0,91.0,29.0,54.0,23.0,0.0,0.0,1.0,1.0,0.0,84.0
5782.0,134.0,42.0,128.0,37.0,0.0,0.0,1.0,1.0,1.0,138.0
3559.0,84.0,29.0,60.0,43.0,1.0,0.0,0.0,1.0,0.0,99.0
5732.0,135.0,44.0,126.0,38.0,0.0,0.0,1.0,1.0,1.0,111.0
4950.0,123.0,51.0,102.0,57.0,0.0,0.0,0.0,1.0,1.0,118.0
2990.0,78.0,26.0,48.0,21.0,0.0,0.0,1.0,1.0,0.0,76.0
5211.0,128.0,45.0,118.0,39.0,0.0,0.0,0.0,1.0,1.0,131.0
4500.0,107.0,42.0,108.0,38.0,0.0,0.0,0.0,1.0,1.0,113.0
3355.0,89.0,30.0,52.0,35.0,0.0,0.0,0.0,1.0,0.0,99.0
4958.0,122.0,45.0,112.0,36.0,0.0,0.0,0.0,1.0,1.0,123.0
7243.0,156.0,58.0,208.0,46.0,0.0,0.0,1.0,1.0,1.0,152.0
4535.0,110.0,42.0,122.0,32.0,0.0,0.0,0.0,1.0,0.0,115.0
3373.0,94.0,31.0,58.0,23.0,0.0,0.0,1.0,1.0,0.0,93.0
4984.0,119.0,47.0,118.0,34.0,0.0,0.0,0.0,1.0,1.0,123.0
6077.0,138.0,48.0,136.0,46.0,0.0,0.0,1.0,1.0,1.0,159.0
2248.0,64.0,22.0,30.0,16.0,0.0,0.0,0.0,1.0,0.0,70.0
8375.0,191.0,72.0,228.0,67.0,0.0,0.0,1.0,1.0,1.0,175.0
4923.0,119.0,44.0,106.0,38.0,0.0,0.0,1.0,1.0,1.0,102.0
5683.0,133.0,53.0,146.0,44.0,0.0,0.0,0.0,1.0,1.0,125.0
3751.0,83.0,30.0,76.0,41.0,0.0,0.0,0.0,1.0,0.0,105.0
4616.0,108.0,43.0,96.0,41.0,0.0,0.0,1.0,1.0,0.0,123.0
3783.0,96.0,34.0,76.0,29.0,0.0,0.0,1.0,1.0,0.0,85.0
2906.0,73.0,25.0,38.0,22.0,1.0,0.0,0.0,1.0,0.0,72.0
4654.0,113.0,37.0,98.0,32.0,0.0,0.0,1.0,1.0,1.0,87.0
5465.0,135.0,52.0,126.0,36.0,0.0,0.0,0.0,1.0,1.0,137.0
8485.0,180.0,68.0,228.0,62.0,0.0,0.0,1.0,1.0,1.0,174.0
4969.0,118.0,45.0,120.0,45.0,0.0,0.0,1.0,1.0,1.0,107.0
6149.0,137.0,54.0,152.0,49.0,0.0,0.0,0.0,1.0,1.0,155.0
8372.0,181.0,69.0,232.0,50.0,0.0,0.0,1.0,1.0,1.0,150.0
3923.0,100.0,35.0,92.0,37.0,0.0,0.0,0.0,1.0,0.0,98.0
3179.0,84.0,29.0,50.0,22.0,1.0,0.0,0.0,1.0,0.0,84.0
4568.0,107.0,39.0,98.0,36.0,0.0,0.0,1.0,1.0,1.0,88.0
5716.0,133.0,44.0,120.0,34.0,0.0,0.0,1.0,1.0,1.0,137.0
7703.0,167.0,65.0,208.0,48.0,0.0,0.0,1.0,1.0,1.0,149.0
5540.0,135.0,49.0,140.0,45.0,0.0,0.0,0.0,1.0,0.0,149.0
3215.0,84.0,34.0,68.0,24.0,0.0,1.0,1.0,1.0,0.0,87.0
3544.0,89.0,31.0,58.0,38.0,1.0,0.0,0.0,1.0,0.0,98.0
4175.0,100.0,41.0,108.0,32.0,0.0,0.0,0.0,1.0,0.0,111.0
2993.0,84.0,31.0,34.0,38.0,0.0,0.0,0.0,1.0,0.0,78.0
5564.0,125.0,49.0,138.0,46.0,0.0,0.0,1.0,1.0,1.0,98.0
3012.0,76.0,24.0,56.0,24.0,1.0,0.0,0.0,1.0,0.0,70.0
3165.0,77.0,31.0,60.0,34.0,0.0,0.0,0.0,1.0,0.0,100.0
3396.0,75.0,32.0,62.0,34.0,0.0,0.0,0.0,1.0,0.0,106.0
5467.0,132.0,46.0,120.0,38.0,0.0,0.0,1.0,1.0,1.0,115.0
5385.0,122.0,46.0,122.0,55.0,0.0,0.0,1.0,1.0,1.0,117.0
4210.0,104.0,33.0,70.0,44.0,1.0,0.0,0.0,1.0,0.0,112.0
2327.0,65.0,21.0,28.0,14.0,0.0,0.0,0.0,1.0,0.0,67.0
5120.0,121.0,48.0,132.0,49.0,0.0,0.0,0.0,1.0,0.0,146.0
3053.0,74.0,26.0,48.0,26.0,1.0,0.0,0.0,1.0,0.0,81.0
5578.0,127.0,51.0,138.0,48.0,0.0,0.0,1.0,1.0,1.0,103.0
4813.0,114.0,40.0,108.0,36.0,0.0,0.0,1.0,1.0,1.0,91.0
3009.0,82.0,33.0,36.0,43.0,1.0,0.0,0.0,1.0,0.0,78.0
2872.0,76.0,21.0,46.0,21.0,0.0,0.0,1.0,1.0,0.0,67.0
2610.0,73.0,29.0,48.0,26.0,0.0,1.0,0.0,0.0,0.0,77.0
2622.0,75.0,29.0,32.0,35.0,0.0,0.0,0.0,1.0,0.0,71.0
4281.0,114.0,46.0,80.0,53.0,0.0,1.0,1.0,1.0,0.0,115.0
3036.0,79.0,28.0,46.0,26.0,0.0,0.0,0.0,1.0,0.0,81.0
4716.0,115.0,43.0,104.0,36.0,0.0,0.0,0.0,1.0,1.0,114.0
3326.0,91.0,35.0,68.0,30.0,0.0,1.0,1.0,1.0,0.0,93.0
3372.0,87.0,28.0,60.0,31.0,0.0,0.0,0.0,1.0,0.0,97.0
3058.0,80.0,27.0,42.0,22.0,1.0,0.0,0.0,1.0,0.0,75.0
3712.0,87.0,27.0,58.0,34.0,0.0,0.0,1.0,1.0,0.0,104.0
4902.0,118.0,41.0,114.0,45.0,0.0,0.0,1.0,1.0,1.0,98.0
2960.0,85.0,38.0,48.0,38.0,0.0,1.0,0.0,1.0,0.0,89.0
8691.0,185.0,69.0,236.0,65.0,0.0,0.0,1.0,1.0,1.0,161.0
7351.0,161.0,59.0,218.0,44.0,0.0,0.0,1.0,1.0,1.0,153.0
7368.0,152.0,57.0,202.0,46.0,0.0,0.0,1.0,1.0,1.0,127.0
5158.0,122.0,53.0,144.0,42.0,0.0,0.0,0.0,1.0,0.0,126.0
3271.0,87.0,35.0,66.0,38.0,0.0,1.0,0.0,0.0,0.0,94.0
2974.0,79.0,22.0,54.0,23.0,0.0,0.0,1.0,1.0,0.0,67.0
4526.0,109.0,38.0,94.0,32.0,0.0,0.0,1.0,1.0,1.0,88.0
2502.0,64.0,19.0,42.0,21.0,0.0,0.0,0.0,1.0,0.0,73.0
2243.0,58.0,18.0,34.0,22.0,0.0,0.0,0.0,1.0,0.0,63.0
2445.0,67.0,25.0,44.0,29.0,0.0,0.0,0.0,1.0,0.0,77.0
4588.0,119.0,43.0,68.0,55.0,1.0,0.0,0.0,1.0,0.0,105.0
3080.0,84.0,30.0,56.0,22.0,0.0,1.0,0.0,1.0,0.0,83.0
3812.0,96.0,36.0,84.0,32.0,1.0,0.0,0.0,1.0,0.0,103.0
5868.0,147.0,59.0,126.0,54.0,0.0,0.0,0.0,1.0,1.0,137.0
4301.0,108.0,39.0,100.0,30.0,0.0,0.0,0.0,1.0,0.0,113.0
4555.0,113.0,46.0,110.0,40.0,0.0,0.0,0.0,1.0,0.0,105.0
2783.0,70.0,30.0,50.0,28.0,0.0,0.0,0.0,1.0,0.0,96.0
4398.0,114.0,39.0,82.0,42.0,0.0,0.0,1.0,1.0,0.0,115.0
5125.0,123.0,43.0,98.0,51.0,0.0,0.0,1.0,1.0,0.0,137.0
5127.0,122.0,46.0,112.0,38.0,0.0,0.0,1.0,1.0,1.0,106.0
2742.0,68.0,27.0,54.0,33.0,0.0,0.0,0.0,1.0,0.0,97.0
4352.0,104.0,35.0,66.0,51.0,1.0,0.0,0.0,1.0,0.0,80.0
4421.0,108.0,42.0,112.0,30.0,0.0,0.0,0.0,1.0,0.0,108.0
3382.0,86.0,27.0,52.0,23.0,1.0,0.0,0.0,1.0,0.0,84.0
5182.0,128.0,48.0,128.0,32.0,0.0,0.0,0.0,1.0,0.0,138.0
3418.0,85.0,34.0,84.0,32.0,0.0,0.0,0.0,1.0,0.0,92.0
2352.0,57.0,22.0,36.0,26.0,0.0,0.0,0.0,1.0,0.0,78.0
4395.0,106.0,37.0,90.0,34.0,0.0,0.0,1.0,1.0,0.0,106.0
2458.0,68.0,23.0,40.0,20.0,0.0,0.0,0.0,1.0,0.0,74.0
3536.0,89.0,32.0,78.0,34.0,0.0,0.0,0.0,1.0,0.0,85.0
3456.0,98.0,35.0,52.0,49.0,0.0,0.0,1.0,1.0,0.0,87.0
5809.0,127.0,53.0,144.0,50.0,0.0,0.0,0.0,1.0,1.0,149.0
3771.0,94.0,31.0,68.0,41.0,1.0,0.0,0.0,1.0,0.0,105.0
6004.0,142.0,57.0,138.0,50.0,0.0,0.0,0.0,1.0,1.0,153.0
8650.0,182.0,76.0,256.0,66.0,0.0,0.0,1.0,1.0,1.0,153.0
3423.0,95.0,30.0,58.0,28.0,0.0,0.0,1.0,1.0,0.0,92.0
5385.0,122.0,39.0,120.0,37.0,0.0,0.0,1.0,1.0,1.0,132.0
3535.0,79.0,31.0,74.0,33.0,0.0,0.0,0.0,1.0,0.0,110.0
3060.0,82.0,27.0,56.0,31.0,0.0,0.0,0.0,1.0,0.0,88.0
3754.0,111.0,49.0,62.0,61.0,0.0,1.0,1.0,1.0,0.0,99.0
4541.0,103.0,41.0,104.0,48.0,1.0,0.0,0.0,1.0,0.0,111.0
3300.0,79.0,27.0,60.0,29.0,1.0,0.0,0.0,1.0,0.0,89.0
2740.0,66.0,21.0,40.0,27.0,1.0,0.0,0.0,1.0,0.0,70.0
6226.0,139.0,56.0,156.0,62.0,0.0,0.0,1.0,1.0,1.0,125.0
5417.0,131.0,56.0,150.0,42.0,0.0,0.0,0.0,1.0,0.0,127.0
4601.0,111.0,42.0,102.0,32.0,0.0,0.0,1.0,1.0,1.0,98.0
4951.0,116.0,47.0,112.0,46.0,0.0,0.0,1.0,1.0,1.0,118.0
4883.0,120.0,46.0,108.0,36.0,0.0,0.0,0.0,1.0,1.0,121.0
4014.0,103.0,31.0,72.0,38.0,0.0,0.0,1.0,1.0,0.0,99.0
4864.0,122.0,48.0,128.0,39.0,0.0,0.0,0.0,1.0,0.0,132.0
2316.0,65.0,20.0,38.0,14.0,0.0,0.0,0.0,1.0,0.0,74.0
3095.0,82.0,29.0,52.0,28.0,1.0,0.0,0.0,1.0,0.0,84.0
3036.0,76.0,26.0,54.0,31.0,0.0,0.0,0.0,1.0,0.0,90.0
2901.0,77.0,21.0,50.0,25.0,0.0,0.0,0.0,1.0,0.0,72.0
3364.0,84.0,31.0,72.0,30.0,0.0,0.0,0.0,1.0,0.0,82.0
3702.0,103.0,39.0,68.0,32.0,0.0,1.0,0.0,0.0,0.0,101.0
2724.0,67.0,22.0,36.0,20.0,1.0,0.0,0.0,1.0,0.0,67.0
3870.0,114.0,49.0,62.0,62.0,0.0,1.0,0.0,1.0,0.0,105.0
4241.0,104.0,34.0,70.0,35.0,1.0,0.0,0.0,1.0,0.0,103.0
2319.0,64.0,21.0,34.0,16.0,0.0,0.0,0.0,1.0,0.0,69.0
8634.0,183.0,75.0,264.0,70.0,0.0,0.0,1.0,1.0,1.0,183.0
3348.0,86.0,29.0,58.0,26.0,1.0,0.0,0.0,1.0,0.0,86.0
4770.0,115.0,43.0,96.0,32.0,0.0,0.0,1.0,1.0,0.0,125.0
2831.0,83.0,32.0,36.0,41.0,0.0,0.0,0.0,1.0,0.0,78.0
2757.0,70.0,27.0,44.0,30.0,0.0,0.0,0.0,1.0,0.0,93.0
3298.0,84.0,34.0,64.0,30.0,0.0,0.0,0.0,1.0,0.0,89.0
3551.0,82.0,30.0,70.0,26.0,0.0,0.0,0.0,1.0,0.0,103.0
5195.0,134.0,50.0,104.0,58.0,0.0,0.0,1.0,1.0,0.0,101.0
4579.0,111.0,40.0,100.0,38.0,0.0,0.0,1.0,1.0,0.0,111.0
1999.0,56.0,20.0,30.0,18.0,0.0,0.0,0.0,1.0,0.0,67.0
5962.0,142.0,50.0,134.0,49.0,0.0,0.0,0.0,1.0,1.0,144.0
2529.0,67.0,20.0,36.0,20.0,0.0,0.0,0.0,1.0,0.0,66.0
4127.0,93.0,40.0,88.0,44.0,1.0,0.0,0.0,1.0,0.0,99.0
2491.0,62.0,24.0,42.0,37.0,0.0,0.0,0.0,1.0,0.0,85.0
3692.0,98.0,38.0,70.0,24.0,1.0,0.0,0.0,1.0,0.0,99.0
2670.0,70.0,20.0,38.0,18.0,0.0,0.0,0.0,1.0,0.0,70.0
5533.0,131.0,57.0,150.0,56.0,0.0,0.0,0.0,1.0,0.0,142.0
2802.0,78.0,27.0,50.0,31.0,0.0,0.0,0.0,1.0,0.0,84.0
3373.0,89.0,30.0,52.0,35.0,0.0,0.0,0.0,1.0,0.0,99.0
3498.0,86.0,30.0,58.0,35.0,1.0,0.0,0.0,1.0,0.0,95.0
3368.0,85.0,28.0,50.0,22.0,1.0,0.0,0.0,1.0,0.0,76.0
4676.0,111.0,41.0,104.0,32.0,0.0,0.0,0.0,1.0,1.0,106.0
4736.0,118.0,39.0,100.0,39.0,0.0,0.0,1.0,1.0,1.0,100.0
6285.0,142.0,54.0,146.0,46.0,0.0,0.0,0.0,1.0,0.0,129.0
3614.0,103.0,44.0,74.0,49.0,0.0,1.0,1.0,1.0,0.0,101.0
2860.0,71.0,29.0,58.0,28.0,0.0,1.0,0.0,1.0,0.0,85.0
3463.0,86.0,27.0,62.0,24.0,1.0,0.0,0.0,1.0,0.0,77.0
3530.0,99.0,40.0,64.0,41.0,0.0,1.0,0.0,1.0,0.0,99.0
4221.0,106.0,39.0,78.0,47.0,1.0,0.0,0.0,1.0,0.0,110.0
3675.0,88.0,28.0,60.0,42.0,1.0,0.0,0.0,1.0,0.0,98.0
3723.0,93.0,30.0,74.0,36.0,1.0,0.0,0.0,1.0,0.0,82.0
5920.0,138.0,48.0,132.0,40.0,0.0,0.0,1.0,1.0,1.0,143.0
5983.0,133.0,50.0,134.0,67.0,0.0,0.0,1.0,1.0,1.0,135.0
3419.0,82.0,31.0,62.0,39.0,1.0,0.0,0.0,1.0,0.0,101.0
5478.0,128.0,41.0,126.0,39.0,0.0,0.0,1.0,1.0,1.0,111.0
2779.0,78.0,29.0,32.0,40.0,0.0,0.0,0.0,1.0,0.0,73.0
3294.0,92.0,29.0,56.0,28.0,0.0,0.0,1.0,1.0,0.0,87.0
4810.0,112.0,43.0,108.0,49.0,0.0,0.0,1.0,1.0,0.0,109.0
5460.0,126.0,51.0,138.0,48.0,0.0,0.0,1.0,1.0,1.0,103.0
2446.0,61.0,25.0,40.0,32.0,0.0,0.0,0.0,1.0,0.0,86.0
5790.0,142.0,54.0,146.0,51.0,0.0,0.0,0.0,1.0,0.0,154.0
2039.0,54.0,20.0,26.0,18.0,0.0,0.0,0.0,1.0,0.0,67.0
2798.0,81.0,29.0,34.0,34.0,0.0,0.0,0.0,1.0,0.0,74.0
5253.0,124.0,41.0,118.0,41.0,0.0,0.0,1.0,1.0,1.0,100.0
4732.0,121.0,40.0,72.0,60.0,0.0,0.0,1.0,1.0,0.0,120.0
5993.0,142.0,48.0,126.0,53.0,0.0,0.0,1.0,1.0,1.0,125.0
2906.0,79.0,33.0,58.0,30.0,0.0,1.0,0.0,1.0,0.0,86.0
3513.0,85.0,28.0,66.0,37.0,0.0,0.0,1.0,1.0,0.0,91.0
4143.0,99.0,36.0,88.0,32.0,0.0,0.0,1.0,1.0,1.0,87.0
4385.0,111.0,41.0,64.0,58.0,1.0,0.0,0.0,1.0,0.0,104.0
3336.0,85.0,27.0,60.0,23.0,0.0,0.0,1.0,1.0,0.0,86.0
4764.0,123.0,42.0,86.0,61.0,1.0,0.0,0.0,1.0,0.0,114.0
2949.0,75.0,25.0,46.0,33.0,0.0,0.0,0.0,1.0,0.0,91.0
4848.0,117.0,42.0,112.0,36.0,0.0,0.0,0.0,1.0,1.0,111.0
3022.0,79.0,29.0,42.0,22.0,1.0,0.0,0.0,1.0,0.0,79.0
3257.0,82.0,26.0,58.0,31.0,0.0,0.0,0.0,1.0,0.0,92.0
3802.0,96.0,36.0,88.0,26.0,0.0,0.0,0.0,1.0,0.0,101.0
5315.0,122.0,47.0,126.0,55.0,0.0,0.0,1.0,1.0,1.0,120.0
5390.0,123.0,42.0,120.0,32.0,0.0,0.0,1.0,1.0,1.0,138.0
5363.0,133.0,46.0,126.0,39.0,0.0,0.0,0.0,1.0,1.0,126.0
3442.0,91.0,29.0,70.0,32.0,0.0,0.0,1.0,1.0,0.0,87.0
5489.0,127.0,53.0,140.0,46.0,0.0,0.0,0.0,1.0,1.0,124.0
3503.0,91.0,36.0,60.0,22.0,1.0,0.0,0.0,1.0,0.0,92.0
4527.0,111.0,42.0,120.0,37.0,0.0,0.0,0.0,1.0,0.0,114.0
5559.0,126.0,45.0,128.0,38.0,0.0,0.0,1.0,1.0,1.0,137.0
4281.0,118.0,51.0,96.0,56.0,0.0,1.0,0.0,0.0,0.0,96.0
8519.0,171.0,68.0,232.0,62.0,0.0,0.0,1.0,1.0,1.0,167.0
2841.0,76.0,28.0,54.0,16.0,0.0,1.0,1.0,1.0,0.0,73.0
6511.0,150.0,58.0,162.0,54.0,0.0,0.0,1.0,1.0,1.0,127.0
5488.0,134.0,51.0,134.0,47.0,0.0,0.0,0.0,1.0,0.0,145.0
3484.0,84.0,30.0,64.0,37.0,0.0,0.0,0.0,1.0,0.0,101.0
2777.0,71.0,26.0,50.0,31.0,0.0,0.0,0.0,1.0,0.0,94.0
3130.0,83.0,29.0,62.0,19.0,0.0,1.0,1.0,1.0,0.0,83.0
4971.0,117.0,47.0,120.0,44.0,0.0,0.0,0.0,1.0,0.0,144.0
4588.0,119.0,43.0,94.0,46.0,0.0,0.0,1.0,1.0,0.0,121.0
3443.0,88.0,30.0,66.0,37.0,0.0,0.0,0.0,1.0,0.0,103.0
5839.0,138.0,51.0,142.0,53.0,0.0,0.0,0.0,1.0,1.0,145.0
4275.0,114.0,36.0,72.0,38.0,0.0,0.0,1.0,1.0,0.0,116.0
3079.0,80.0,28.0,46.0,26.0,1.0,0.0,0.0,1.0,0.0,80.0
2841.0,77.0,24.0,48.0,23.0,0.0,0.0,1.0,1.0,0.0,71.0
4268.0,105.0,44.0,106.0,38.0,0.0,0.0,0.0,1.0,0.0,95.0
6370.0,143.0,54.0,156.0,44.0,0.0,0.0,1.0,1.0,1.0,147.0
5214.0,126.0,45.0,118.0,39.0,0.0,0.0,0.0,1.0,1.0,131.0
4115.0,116.0,41.0,64.0,44.0,0.0,0.0,1.0,1.0,0.0,104.0
4325.0,105.0,42.0,94.0,42.0,0.0,0.0,0.0,1.0,0.0,120.0
5174.0,127.0,46.0,114.0,34.0,0.0,0.0,0.0,1.0,1.0,126.0
3248.0,82.0,30.0,58.0,22.0,1.0,0.0,0.0,1.0,0.0,85.0
4911.0,113.0,41.0,108.0,40.0,0.0,0.0,1.0,1.0,1.0,88.0
4043.0,101.0,33.0,72.0,37.0,1.0,0.0,0.0,1.0,0.0,101.0
5102.0,116.0,39.0,112.0,38.0,0.0,0.0,1.0,1.0,1.0,98.0
6225.0,136.0,55.0,150.0,48.0,0.0,0.0,1.0,1.0,1.0,135.0
3298.0,79.0,29.0,52.0,34.0,1.0,0.0,0.0,1.0,0.0,93.0
5325.0,120.0,41.0,114.0,32.0,0.0,0.0,1.0,1.0,1.0,131.0
7860.0,172.0,62.0,228.0,44.0,0.0,0.0,1.0,1.0,1.0,166.0
4740.0,107.0,42.0,96.0,43.0,1.0,0.0,0.0,1.0,0.0,127.0
2507.0,67.0,21.0,34.0,20.0,0.0,0.0,0.0,1.0,0.0,69.0
5349.0,129.0,47.0,118.0,42.0,0.0,0.0,1.0,1.0,1.0,99.0
3820.0,95.0,35.0,70.0,41.0,1.0,0.0,0.0,1.0,0.0,106.0
3605.0,91.0,30.0,72.0,32.0,1.0,0.0,0.0,1.0,0.0,88.0
6000.0,144.0,56.0,158.0,44.0,0.0,0.0,0.0,1.0,1.0,135.0
5665.0,132.0,50.0,128.0,51.0,0.0,0.0,0.0,1.0,1.0,143.0
5528.0,126.0,44.0,122.0,51.0,0.0,0.0,1.0,1.0,1.0,112.0
4126.0,100.0,37.0,74.0,45.0,1.0,0.0,0.0,1.0,0.0,116.0
5677.0,135.0,53.0,158.0,42.0,0.0,0.0,0.0,1.0,0.0,129.0
3460.0,90.0,34.0,68.0,28.0,0.0,0.0,0.0,1.0,0.0,90.0
3237.0,82.0,33.0,60.0,32.0,0.0,0.0,0.0,1.0,0.0,106.0
5097.0,114.0,42.0,108.0,40.0,0.0,0.0,0.0,1.0,0.0,110.0
3302.0,87.0,30.0,62.0,32.0,0.0,0.0,1.0,1.0,0.0,87.0
3267.0,87.0,33.0,70.0,22.0,0.0,1.0,0.0,1.0,0.0,87.0
5949.0,149.0,58.0,140.0,40.0,0.0,0.0,0.0,1.0,1.0,143.0
5114.0,124.0,44.0,114.0,39.0,0.0,0.0,0.0,1.0,1.0,115.0
3154.0,89.0,34.0,48.0,32.0,0.0,1.0,0.0,0.0,0.0,90.0
3698.0,92.0,33.0,74.0,29.0,0.0,1.0,1.0,1.0,0.0,94.0
2322.0,64.0,21.0,32.0,14.0,0.0,0.0,0.0,1.0,0.0,71.0
4154.0,93.0,27.0,74.0,32.0,1.0,0.0,0.0,1.0,0.0,77.0
2399.0,62.0,20.0,40.0,22.0,0.0,0.0,0.0,1.0,0.0,68.0
3326.0,92.0,31.0,48.0,44.0,0.0,0.0,1.0,1.0,0.0,72.0
3513.0,87.0,32.0,76.0,28.0,0.0,0.0,0.0,1.0,0.0,79.0
5073.0,122.0,43.0,116.0,36.0,0.0,0.0,0.0,1.0,1.0,114.0
4026.0,98.0,30.0,76.0,47.0,0.0,0.0,1.0,1.0,0.0,92.0
7106.0,159.0,55.0,158.0,63.0,0.0,0.0,1.0,1.0,1.0,185.0
3686.0,93.0,31.0,64.0,35.0,0.0,0.0,0.0,1.0,0.0,95.0
4551.0,105.0,38.0,98.0,36.0,0.0,0.0,1.0,1.0,1.0,88.0
4654.0,110.0,40.0,110.0,39.0,0.0,0.0,0.0,1.0,1.0,111.0
3301.0,86.0,27.0,56.0,29.0,0.0,0.0,0.0,1.0,0.0,96.0
3211.0,81.0,26.0,44.0,20.0,1.0,0.0,0.0,1.0,0.0,74.0
3431.0,100.0,40.0,58.0,46.0,0.0,1.0,0.0,0.0,0.0,84.0
3369.0,79.0,30.0,66.0,28.0,0.0,0.0,0.0,1.0,0.0,100.0
4861.0,116.0,43.0,108.0,34.0,0.0,0.0,0.0,1.0,1.0,118.0
4436.0,114.0,46.0,82.0,49.0,1.0,0.0,0.0,1.0,0.0,96.0
5153.0,121.0,43.0,104.0,37.0,0.0,0.0,1.0,1.0,0.0,138.0
2916.0,75.0,27.0,48.0,21.0,1.0,0.0,0.0,1.0,0.0,82.0
3490.0,90.0,31.0,56.0,37.0,0.0,0.0,0.0,1.0,0.0,118.0
3400.0,97.0,36.0,52.0,44.0,0.0,0.0,1.0,1.0,0.0,88.0
2923.0,78.0,29.0,60.0,31.0,0.0,1.0,1.0,1.0,0.0,81.0
3139.0,78.0,32.0,62.0,28.0,0.0,1.0,1.0,1.0,0.0,90.0
4954.0,131.0,47.0,86.0,60.0,0.0,0.0,1.0,1.0,0.0,120.0
3134.0,84.0,25.0,50.0,23.0,0.0,0.0,1.0,1.0,0.0,78.0
5294.0,125.0,42.0,114.0,47.0,0.0,0.0,1.0,1.0,1.0,125.0
8369.0,176.0,66.0,226.0,63.0,0.0,0.0,1.0,1.0,1.0,157.0
4874.0,111.0,46.0,116.0,48.0,0.0,0.0,0.0,1.0,1.0,130.0
3937.0,100.0,34.0,86.0,35.0,0.0,0.0,0.0,1.0,0.0,93.0
5298.0,128.0,49.0,128.0,45.0,0.0,0.0,0.0,1.0,1.0,133.0
4719.0,110.0,41.0,96.0,37.0,0.0,0.0,1.0,1.0,0.0,131.0
3526.0,105.0,41.0,66.0,51.0,0.0,1.0,0.0,0.0,0.0,87.0
2987.0,87.0,32.0,44.0,32.0,0.0,1.0,0.0,0.0,0.0,88.0
5235.0,120.0,41.0,114.0,32.0,0.0,0.0,1.0,1.0,1.0,106.0
7502.0,164.0,62.0,226.0,55.0,0.0,0.0,1.0,1.0,1.0,161.0
5380.0,130.0,51.0,124.0,34.0,0.0,0.0,0.0,1.0,1.0,125.0
2554.0,70.0,24.0,34.0,20.0,0.0,0.0,0.0,1.0,0.0,76.0
5308.0,126.0,50.0,124.0,44.0,0.0,0.0,1.0,1.0,1.0,111.0
2124.0,57.0,20.0,26.0,14.0,0.0,0.0,0.0,1.0,0.0,65.0
3215.0,83.0,27.0,54.0,31.0,0.0,0.0,0.0,1.0,0.0,93.0
3365.0,86.0,32.0,66.0,26.0,0.0,0.0,0.0,1.0,0.0,80.0
4059.0,103.0,30.0,78.0,38.0,0.0,0.0,1.0,1.0,0.0,96.0
3176.0,83.0,28.0,54.0,35.0,1.0,0.0,0.0,1.0,0.0,84.0
2206.0,58.0,19.0,36.0,17.0,0.0,0.0,0.0,1.0,0.0,71.0
4137.0,93.0,32.0,82.0,30.0,0.0,0.0,1.0,1.0,0.0,97.0
3628.0,89.0,35.0,80.0,34.0,0.0,0.0,0.0,1.0,0.0,79.0
5574.0,130.0,60.0,132.0,60.0,0.0,1.0,0.0,1.0,0.0,140.0
3233.0,89.0,30.0,40.0,40.0,0.0,0.0,0.0,1.0,0.0,77.0
3330.0,88.0,29.0,54.0,31.0,0.0,0.0,0.0,1.0,0.0,98.0
2969.0,76.0,27.0,46.0,26.0,0.0,0.0,0.0,1.0,0.0,74.0
4851.0,113.0,43.0,106.0,48.0,0.0,0.0,1.0,1.0,1.0,108.0
5384.0,122.0,55.0,154.0,54.0,0.0,0.0,0.0,1.0,0.0,139.0
2043.0,56.0,20.0,30.0,14.0,0.0,0.0,0.0,1.0,0.0,71.0
4991.0,121.0,43.0,116.0,34.0,0.0,0.0,0.0,1.0,1.0,122.0
6138.0,140.0,56.0,160.0,42.0,0.0,0.0,0.0,1.0,0.0,163.0
3565.0,96.0,35.0,74.0,29.0,0.0,0.0,1.0,1.0,0.0,92.0
5650.0,131.0,43.0,122.0,32.0,0.0,0.0,1.0,1.0,1.0,138.0
6363.0,139.0,55.0,152.0,58.0,0.0,0.0,0.0,1.0,0.0,140.0
2536.0,64.0,22.0,38.0,20.0,1.0,0.0,0.0,1.0,0.0,71.0
3629.0,101.0,41.0,66.0,39.0,0.0,1.0,0.0,1.0,0.0,106.0
3405.0,96.0,33.0,54.0,41.0,0.0,0.0,1.0,1.0,0.0,76.0
4172.0,102.0,36.0,86.0,34.0,0.0,0.0,1.0,1.0,1.0,88.0
2276.0,62.0,24.0,36.0,26.0,0.0,0.0,0.0,1.0,0.0,75.0
8617.0,181.0,74.0,246.0,70.0,0.0,0.0,1.0,1.0,1.0,163.0
2795.0,76.0,29.0,46.0,18.0,0.0,0.0,0.0,1.0,0.0,81.0
4659.0,119.0,37.0,74.0,63.0,0.0,0.0,1.0,1.0,0.0,97.0
4279.0,112.0,43.0,88.0,54.0,0.0,0.0,1.0,1.0,0.0,86.0
5863.0,138.0,51.0,142.0,53.0,0.0,0.0,0.0,1.0,1.0,145.0
5899.0,139.0,55.0,148.0,46.0,0.0,0.0,0.0,1.0,1.0,133.0
5381.0,128.0,48.0,134.0,42.0,0.0,0.0,1.0,1.0,1.0,102.0
3904.0,98.0,36.0,88.0,33.0,0.0,0.0,1.0,1.0,0.0,84.0
4775.0,113.0,42.0,106.0,32.0,0.0,0.0,0.0,1.0,1.0,107.0
8509.0,186.0,66.0,238.0,59.0,0.0,0.0,1.0,1.0,1.0,182.0
5679.0,140.0,54.0,140.0,38.0,0.0,0.0,0.0,1.0,1.0,135.0
5364.0,129.0,47.0,126.0,36.0,0.0,0.0,0.0,1.0,1.0,129.0
4273.0,108.0,38.0,76.0,39.0,1.0,0.0,0.0,1.0,0.0,108.0
6230.0,154.0,59.0,132.0,69.0,0.0,0.0,0.0,1.0,1.0,146.0
4574.0,110.0,42.0,104.0,36.0,0.0,0.0,0.0,1.0,1.0,114.0
3084.0,87.0,35.0,62.0,20.0,0.0,0.0,0.0,1.0,0.0,95.0
3237.0,89.0,27.0,56.0,23.0,0.0,0.0,1.0,1.0,0.0,80.0
3339.0,95.0,37.0,50.0,34.0,0.0,0.0,0.0,1.0,0.0,90.0
6326.0,140.0,54.0,168.0,48.0,0.0,0.0,1.0,1.0,1.0,143.0
5175.0,122.0,45.0,94.0,50.0,0.0,0.0,0.0,1.0,0.0,102.0
3174.0,89.0,32.0,42.0,41.0,0.0,0.0,0.0,1.0,0.0,88.0
5115.0,118.0,43.0,112.0,38.0,0.0,0.0,1.0,1.0,1.0,107.0
4230.0,103.0,36.0,82.0,45.0,1.0,0.0,0.0,1.0,0.0,112.0
4714.0,118.0,43.0,118.0,37.0,0.0,0.0,0.0,1.0,0.0,123.0
4463.0,114.0,42.0,104.0,32.0,0.0,0.0,0.0,1.0,0.0,114.0
4859.0,110.0,42.0,108.0,41.0,0.0,0.0,1.0,1.0,0.0,119.0
5161.0,120.0,41.0,106.0,39.0,0.0,0.0,0.0,1.0,0.0,111.0
4317.0,116.0,51.0,96.0,50.0,0.0,1.0,1.0,1.0,0.0,108.0
5474.0,136.0,50.0,124.0,47.0,0.0,0.0,0.0,1.0,0.0,147.0
3514.0,91.0,42.0,72.0,59.0,0.0,1.0,1.0,1.0,0.0,108.0
2375.0,65.0,23.0,38.0,20.0,0.0,0.0,0.0,1.0,0.0,72.0
2527.0,70.0,22.0,42.0,21.0,0.0,0.0,0.0,1.0,0.0,81.0
3313.0,88.0,29.0,52.0,31.0,0.0,0.0,0.0,1.0,0.0,98.0
3288.0,88.0,30.0,64.0,26.0,0.0,1.0,1.0,1.0,0.0,84.0
4612.0,115.0,40.0,88.0,52.0,0.0,0.0,1.0,1.0,0.0,132.0
4070.0,95.0,38.0,90.0,30.0,0.0,1.0,1.0,1.0,0.0,106.0
2250.0,61.0,21.0,32.0,20.0,0.0,0.0,0.0,1.0,0.0,67.0
4923.0,119.0,45.0,120.0,38.0,0.0,0.0,0.0,1.0,1.0,122.0
2560.0,69.0,25.0,32.0,22.0,0.0,0.0,0.0,1.0,0.0,89.0
4926.0,118.0,44.0,108.0,36.0,0.0,0.0,0.0,1.0,1.0,117.0
3579.0,92.0,33.0,66.0,29.0,1.0,0.0,0.0,1.0,0.0,96.0
8834.0,181.0,69.0,238.0,58.0,0.0,0.0,1.0,1.0,1.0,171.0
3588.0,95.0,43.0,66.0,52.0,0.0,1.0,1.0,1.0,0.0,106.0
3033.0,78.0,26.0,58.0,27.0,0.0,0.0,1.0,1.0,0.0,74.0
3237.0,85.0,28.0,52.0,25.0,1.0,0.0,0.0,1.0,0.0,90.0
3247.0,89.0,30.0,64.0,31.0,0.0,1.0,1.0,1.0,0.0,87.0
3993.0,102.0,35.0,80.0,28.0,1.0,0.0,0.0,1.0,0.0,105.0
3011.0,86.0,32.0,38.0,41.0,0.0,0.0,0.0,1.0,0.0,82.0
4665.0,108.0,39.0,108.0,39.0,0.0,0.0,1.0,1.0,1.0,95.0
5501.0,135.0,54.0,114.0,59.0,0.0,0.0,1.0,1.0,1.0,108.0
3936.0,98.0,39.0,84.0,32.0,1.0,0.0,0.0,1.0,0.0,93.0
2508.0,65.0,23.0,38.0,20.0,1.0,0.0,0.0,1.0,0.0,70.0
2346.0,62.0,26.0,30.0,24.0,0.0,0.0,0.0,1.0,0.0,93.0
2344.0,65.0,21.0,36.0,23.0,0.0,0.0,0.0,1.0,0.0,68.0
2778.0,72.0,25.0,40.0,20.0,1.0,0.0,0.0,1.0,0.0,70.0
3782.0,99.0,40.0,86.0,36.0,0.0,0.0,0.0,1.0,0.0,99.0
3142.0,89.0,30.0,44.0,46.0,0.0,0.0,0.0,1.0,0.0,78.0
4040.0,98.0,27.0,78.0,45.0,0.0,0.0,1.0,1.0,0.0,90.0
2411.0,66.0,23.0,38.0,16.0,0.0,0.0,0.0,1.0,0.0,69.0
3827.0,100.0,35.0,70.0,27.0,0.0,0.0,1.0,1.0,0.0,89.0
3432.0,91.0,33.0,56.0,22.0,1.0,0.0,0.0,1.0,0.0,94.0
4767.0,115.0,43.0,108.0,34.0,0.0,0.0,0.0,1.0,1.0,116.0
2811.0,70.0,25.0,38.0,20.0,1.0,0.0,0.0,1.0,0.0,70.0
6252.0,148.0,59.0,158.0,54.0,0.0,0.0,1.0,1.0,1.0,116.0
2601.0,72.0,22.0,46.0,17.0,0.0,0.0,0.0,1.0,0.0,85.0
4907.0,119.0,44.0,114.0,34.0,0.0,0.0,0.0,1.0,1.0,116.0
4523.0,107.0,33.0,90.0,62.0,0.0,0.0,1.0,1.0,0.0,122.0
5157.0,118.0,40.0,108.0,34.0,0.0,0.0,1.0,1.0,1.0,96.0
2983.0,75.0,24.0,48.0,34.0,1.0,0.0,0.0,1.0,0.0,80.0
4890.0,115.0,40.0,106.0,34.0,0.0,0.0,1.0,1.0,1.0,90.0
5225.0,126.0,45.0,120.0,49.0,0.0,0.0,1.0,1.0,1.0,103.0
3547.0,97.0,31.0,62.0,26.0,0.0,0.0,1.0,1.0,0.0,99.0
4380.0,105.0,44.0,108.0,44.0,0.0,0.0,0.0,1.0,0.0,129.0
4451.0,106.0,47.0,104.0,42.0,0.0,1.0,0.0,0.0,0.0,128.0
2207.0,61.0,21.0,32.0,14.0,0.0,0.0,0.0,1.0,0.0,67.0
5516.0,123.0,43.0,110.0,44.0,0.0,0.0,0.0,1.0,0.0,123.0
7256.0,158.0,57.0,208.0,42.0,0.0,0.0,1.0,1.0,1.0,146.0
2730.0,71.0,21.0,42.0,22.0,0.0,0.0,0.0,1.0,0.0,71.0
2648.0,75.0,27.0,48.0,29.0,0.0,0.0,0.0,1.0,0.0,80.0
3346.0,82.0,29.0,58.0,39.0,1.0,0.0,0.0,1.0,0.0,96.0
3960.0,94.0,39.0,82.0,30.0,0.0,0.0,0.0,1.0,0.0,118.0
3855.0,90.0,29.0,72.0,37.0,0.0,0.0,1.0,1.0,0.0,96.0
2668.0,75.0,28.0,46.0,20.0,0.0,0.0,0.0,1.0,0.0,80.0
3983.0,100.0,36.0,68.0,37.0,1.0,0.0,0.0,1.0,0.0,105.0
4978.0,116.0,37.0,94.0,34.0,0.0,0.0,1.0,1.0,1.0,113.0
4519.0,113.0,43.0,118.0,34.0,0.0,0.0,0.0,1.0,0.0,121.0
5825.0,138.0,49.0,116.0,50.0,0.0,0.0,1.0,1.0,1.0,132.0
6261.0,132.0,49.0,140.0,53.0,0.0,0.0,0.0,1.0,0.0,141.0
8404.0,181.0,72.0,238.0,58.0,0.0,0.0,1.0,1.0,1.0,150.0
5289.0,126.0,51.0,134.0,44.0,0.0,0.0,0.0,1.0,0.0,145.0
4208.0,106.0,37.0,76.0,41.0,1.0,0.0,0.0,1.0,0.0,113.0
2350.0,57.0,22.0,36.0,26.0,0.0,0.0,0.0,1.0,0.0,78.0
2481.0,69.0,24.0,40.0,16.0,0.0,0.0,0.0,1.0,0.0,76.0
4960.0,110.0,44.0,110.0,52.0,0.0,0.0,1.0,1.0,1.0,109.0
4940.0,120.0,45.0,116.0,41.0,0.0,0.0,0.0,1.0,1.0,119.0
3538.0,93.0,28.0,62.0,23.0,0.0,0.0,1.0,1.0,0.0,88.0
3014.0,76.0,29.0,60.0,24.0,0.0,0.0,0.0,1.0,0.0,76.0
7650.0,166.0,60.0,212.0,49.0,0.0,0.0,1.0,1.0,1.0,148.0
2692.0,74.0,24.0,42.0,21.0,0.0,0.0,1.0,1.0,0.0,74.0
4078.0,98.0,35.0,84.0,32.0,0.0,0.0,1.0,1.0,1.0,87.0
4022.0,96.0,35.0,86.0,46.0,0.0,0.0,1.0,1.0,0.0,101.0
2433.0,69.0,23.0,30.0,16.0,0.0,0.0,0.0,1.0,0.0,77.0
8207.0,178.0,66.0,232.0,61.0,0.0,0.0,1.0,1.0,1.0,181.0
2637.0,70.0,20.0,38.0,20.0,0.0,0.0,0.0,1.0,0.0,70.0
3652.0,89.0,31.0,78.0,26.0,1.0,0.0,0.0,1.0,0.0,86.0
5867.0,137.0,46.0,126.0,51.0,0.0,0.0,1.0,1.0,1.0,119.0
4775.0,102.0,45.0,112.0,46.0,1.0,0.0,0.0,1.0,0.0,117.0
2363.0,63.0,24.0,40.0,22.0,0.0,0.0,0.0,1.0,0.0,73.0
4057.0,105.0,39.0,94.0,30.0,0.0,0.0,0.0,1.0,0.0,107.0
2625.0,64.0,24.0,40.0,34.0,0.0,0.0,0.0,1.0,0.0,86.0
4542.0,104.0,39.0,102.0,32.0,0.0,0.0,0.0,1.0,1.0,105.0
5225.0,127.0,44.0,116.0,39.0,0.0,0.0,0.0,1.0,1.0,119.0
4732.0,119.0,45.0,112.0,34.0,0.0,0.0,0.0,1.0,0.0,123.0
4847.0,116.0,40.0,110.0,38.0,0.0,0.0,1.0,1.0,1.0,90.0
6141.0,127.0,49.0,136.0,50.0,0.0,0.0,0.0,1.0,0.0,140.0
5370.0,130.0,46.0,122.0,39.0,0.0,0.0,0.0,1.0,1.0,127.0
3076.0,71.0,27.0,48.0,41.0,1.0,0.0,0.0,1.0,0.0,93.0
2959.0,86.0,33.0,58.0,28.0,0.0,1.0,0.0,0.0,0.0,83.0
2695.0,72.0,23.0,38.0,20.0,0.0,0.0,0.0,1.0,0.0,73.0
4652.0,114.0,42.0,116.0,30.0,0.0,0.0,0.0,1.0,0.0,108.0
4329.0,109.0,44.0,106.0,36.0,0.0,0.0,0.0,1.0,0.0,117.0
5889.0,139.0,55.0,148.0,46.0,0.0,0.0,0.0,1.0,1.0,133.0
4326.0,106.0,43.0,112.0,32.0,0.0,0.0,0.0,1.0,0.0,118.0
4175.0,103.0,38.0,100.0,32.0,0.0,0.0,0.0,1.0,0.0,107.0
2563.0,71.0,24.0,42.0,19.0,0.0,0.0,0.0,1.0,0.0,81.0
3034.0,81.0,31.0,40.0,38.0,0.0,0.0,0.0,1.0,0.0,68.0
4110.0,98.0,38.0,96.0,45.0,0.0,0.0,1.0,1.0,0.0,97.0
3150.0,81.0,29.0,50.0,35.0,0.0,0.0,0.0,1.0,0.0,97.0
4336.0,114.0,43.0,68.0,55.0,1.0,0.0,0.0,1.0,0.0,105.0
3792.0,107.0,44.0,70.0,37.0,0.0,1.0,1.0,1.0,0.0,92.0
2763.0,73.0,27.0,48.0,20.0,0.0,0.0,0.0,1.0,0.0,80.0
5556.0,127.0,50.0,136.0,48.0,0.0,0.0,1.0,1.0,1.0,102.0
4752.0,122.0,37.0,80.0,71.0,0.0,0.0,1.0,1.0,0.0,102.0
3226.0,87.0,30.0,54.0,22.0,0.0,0.0,0.0,1.0,0.0,92.0
4091.0,97.0,42.0,106.0,38.0,0.0,0.0,0.0,1.0,0.0,92.0
7690.0,161.0,61.0,212.0,50.0,0.0,0.0,1.0,1.0,1.0,135.0
2443.0,67.0,21.0,36.0,12.0,0.0,0.0,0.0,1.0,0.0,69.0
3550.0,82.0,32.0,68.0,30.0,0.0,0.0,0.0,1.0,0.0,101.0
2903.0,73.0,25.0,38.0,22.0,1.0,0.0,0.0,1.0,0.0,72.0
5904.0,136.0,51.0,144.0,46.0,0.0,0.0,1.0,1.0,1.0,105.0
5269.0,124.0,46.0,132.0,38.0,0.0,0.0,0.0,1.0,1.0,133.0
2861.0,70.0,20.0,40.0,22.0,0.0,0.0,1.0,1.0,0.0,79.0
3106.0,82.0,31.0,64.0,18.0,0.0,1.0,1.0,1.0,0.0,76.0
4860.0,119.0,46.0,112.0,36.0,0.0,0.0,0.0,1.0,1.0,120.0
3486.0,83.0,29.0,56.0,32.0,0.0,0.0,1.0,1.0,0.0,95.0
5118.0,124.0,47.0,116.0,44.0,0.0,0.0,1.0,1.0,1.0,107.0
3168.0,83.0,27.0,50.0,31.0,0.0,0.0,0.0,1.0,0.0,93.0
3199.0,86.0,31.0,60.0,26.0,0.0,1.0,1.0,1.0,0.0,85.0
4921.0,124.0,47.0,114.0,32.0,0.0,0.0,0.0,1.0,0.0,132.0
2414.0,65.0,19.0,36.0,18.0,0.0,0.0,0.0,1.0,0.0,65.0
5770.0,139.0,54.0,112.0,55.0,0.0,0.0,0.0,1.0,0.0,123.0
5815.0,135.0,45.0,128.0,36.0,0.0,0.0,1.0,1.0,1.0,120.0
4228.0,99.0,29.0,76.0,33.0,1.0,0.0,0.0,1.0,0.0,87.0
2382.0,65.0,25.0,38.0,14.0,0.0,0.0,0.0,1.0,0.0,76.0
2863.0,84.0,31.0,38.0,43.0,0.0,0.0,0.0,1.0,0.0,77.0
2343.0,65.0,21.0,30.0,14.0,0.0,0.0,0.0,1.0,0.0,67.0
4522.0,100.0,38.0,96.0,40.0,1.0,0.0,0.0,1.0,0.0,111.0
4650.0,112.0,41.0,112.0,37.0,0.0,0.0,1.0,1.0,0.0,91.0
3380.0,97.0,42.0,62.0,40.0,0.0,1.0,1.0,1.0,0.0,97.0
4606.0,108.0,40.0,100.0,38.0,0.0,0.0,1.0,1.0,1.0,91.0
3174.0,83.0,33.0,66.0,34.0,0.0,1.0,0.0,1.0,0.0,96.0
2712.0,73.0,27.0,48.0,22.0,0.0,1.0,0.0,1.0,0.0,75.0
3283.0,82.0,28.0,68.0,34.0,1.0,0.0,0.0,1.0,0.0,87.0
5720.0,137.0,49.0,128.0,49.0,0.0,0.0,0.0,1.0,1.0,141.0
2930.0,74.0,24.0,46.0,31.0,0.0,0.0,0.0,1.0,0.0,91.0
3052.0,78.0,26.0,52.0,24.0,0.0,0.0,0.0,1.0,0.0,76.0
5572.0,138.0,52.0,118.0,62.0,0.0,0.0,0.0,1.0,1.0,127.0
4598.0,110.0,45.0,116.0,44.0,0.0,0.0,0.0,1.0,0.0,129.0
5205.0,112.0,43.0,100.0,46.0,0.0,0.0,1.0,1.0,0.0,139.0
5612.0,129.0,47.0,136.0,55.0,0.0,0.0,1.0,1.0,1.0,121.0
4718.0,128.0,46.0,80.0,45.0,0.0,0.0,1.0,1.0,0.0,102.0
2550.0,66.0,24.0,36.0,22.0,1.0,0.0,0.0,1.0,0.0,72.0
4685.0,107.0,40.0,102.0,48.0,0.0,0.0,1.0,1.0,0.0,121.0
2726.0,76.0,27.0,46.0,14.0,0.0,0.0,0.0,1.0,0.0,83.0
4849.0,119.0,43.0,126.0,35.0,0.0,0.0,0.0,1.0,0.0,123.0
3396.0,87.0,29.0,62.0,40.0,1.0,0.0,0.0,1.0,0.0,88.0
5945.0,138.0,53.0,146.0,48.0,0.0,0.0,1.0,1.0,1.0,102.0
4626.0,112.0,35.0,88.0,45.0,1.0,0.0,0.0,1.0,0.0,106.0
3504.0,94.0,31.0,58.0,23.0,0.0,0.0,1.0,1.0,0.0,98.0
4799.0,106.0,38.0,100.0,44.0,1.0,0.0,0.0,1.0,0.0,113.0
2175.0,60.0,19.0,28.0,12.0,0.0,0.0,0.0,1.0,0.0,61.0
8320.0,182.0,71.0,250.0,56.0,0.0,0.0,1.0,1.0,1.0,167.0
5281.0,131.0,47.0,114.0,36.0,0.0,0.0,0.0,1.0,1.0,126.0
5381.0,131.0,50.0,106.0,61.0,0.0,0.0,1.0,1.0,1.0,98.0
3439.0,92.0,36.0,72.0,24.0,0.0,1.0,1.0,1.0,0.0,90.0
4811.0,114.0,41.0,106.0,32.0,0.0,0.0,0.0,1.0,1.0,110.0
1975.0,53.0,19.0,24.0,14.0,0.0,0.0,0.0,1.0,0.0,64.0
7625.0,165.0,60.0,204.0,48.0,0.0,0.0,1.0,1.0,1.0,137.0
7274.0,159.0,65.0,184.0,64.0,0.0,0.0,1.0,1.0,1.0,141.0
4053.0,108.0,39.0,70.0,45.0,0.0,1.0,0.0,1.0,0.0,112.0
4466.0,114.0,42.0,100.0,30.0,0.0,0.0,0.0,1.0,0.0,116.0
5573.0,142.0,55.0,126.0,50.0,0.0,0.0,0.0,1.0,0.0,138.0
3020.0,84.0,31.0,58.0,24.0,0.0,1.0,0.0,0.0,0.0,75.0
7321.0,161.0,58.0,214.0,48.0,0.0,0.0,1.0,1.0,1.0,155.0
4108.0,108.0,42.0,70.0,44.0,1.0,0.0,0.0,1.0,0.0,97.0
3725.0,102.0,33.0,62.0,23.0,0.0,0.0,1.0,1.0,0.0,101.0
2306.0,62.0,22.0,34.0,25.0,0.0,0.0,0.0,1.0,0.0,74.0
3991.0,98.0,32.0,70.0,39.0,0.0,0.0,0.0,1.0,0.0,100.0
2627.0,74.0,26.0,48.0,20.0,0.0,1.0,0.0,1.0,0.0,71.0
4954.0,119.0,41.0,98.0,36.0,1.0,0.0,0.0,1.0,0.0,108.0
5453.0,129.0,50.0,122.0,48.0,0.0,0.0,0.0,1.0,1.0,132.0
3295.0,85.0,30.0,50.0,22.0,1.0,0.0,0.0,1.0,0.0,81.0
4157.0,95.0,32.0,84.0,35.0,0.0,0.0,0.0,1.0,0.0,116.0
4851.0,114.0,41.0,116.0,38.0,0.0,0.0,1.0,1.0,1.0,93.0
3647.0,97.0,34.0,70.0,30.0,0.0,0.0,1.0,1.0,0.0,98.0
3689.0,93.0,31.0,60.0,35.0,1.0,0.0,0.0,1.0,0.0,97.0
2596.0,69.0,20.0,40.0,18.0,0.0,0.0,0.0,1.0,0.0,70.0
5044.0,116.0,43.0,110.0,50.0,0.0,0.0,1.0,1.0,1.0,107.0
4060.0,99.0,40.0,106.0,34.0,0.0,0.0,0.0,1.0,0.0,107.0
3204.0,79.0,32.0,54.0,32.0,1.0,0.0,0.0,1.0,0.0,93.0
3296.0,88.0,36.0,70.0,40.0,0.0,1.0,0.0,0.0,0.0,101.0
9879.0,204.0,77.0,260.0,77.0,0.0,0.0,1.0,1.0,1.0,202.0
5105.0,126.0,52.0,138.0,44.0,0.0,0.0,0.0,1.0,0.0,123.0
8281.0,172.0,70.0,242.0,58.0,0.0,0.0,1.0,1.0,1.0,141.0
4836.0,118.0,44.0,114.0,38.0,0.0,0.0,0.0,1.0,1.0,120.0
2813.0,77.0,25.0,46.0,21.0,0.0,0.0,1.0,1.0,0.0,80.0
3539.0,85.0,29.0,70.0,40.0,1.0,0.0,0.0,1.0,0.0,98.0
4439.0,107.0,32.0,84.0,43.0,1.0,0.0,0.0,1.0,0.0,99.0
4661.0,109.0,39.0,108.0,36.0,0.0,0.0,1.0,1.0,1.0,95.0
5299.0,123.0,41.0,102.0,32.0,0.0,0.0,0.0,1.0,0.0,110.0
4943.0,117.0,40.0,110.0,36.0,0.0,0.0,1.0,1.0,1.0,88.0
3804.0,97.0,33.0,48.0,53.0,1.0,0.0,0.0,1.0,0.0,89.0
5684.0,128.0,54.0,146.0,46.0,0.0,0.0,0.0,1.0,0.0,152.0
4931.0,116.0,37.0,98.0,59.0,0.0,0.0,1.0,1.0,0.0,125.0
8940.0,184.0,71.0,242.0,62.0,0.0,0.0,1.0,1.0,1.0,178.0
4917.0,118.0,35.0,94.0,60.0,0.0,0.0,1.0,1.0,0.0,117.0
5267.0,121.0,36.0,96.0,45.0,1.0,0.0,0.0,1.0,0.0,110.0
6225.0,145.0,54.0,142.0,63.0,0.0,0.0,0.0,1.0,1.0,163.0
3446.0,95.0,36.0,44.0,36.0,1.0,0.0,0.0,1.0,0.0,82.0
5906.0,141.0,50.0,136.0,51.0,0.0,0.0,0.0,1.0,1.0,144.0
5018.0,122.0,52.0,134.0,42.0,0.0,0.0,0.0,1.0,0.0,124.0
6085.0,133.0,53.0,144.0,48.0,0.0,0.0,0.0,1.0,1.0,147.0
2666.0,73.0,29.0,44.0,30.0,0.0,0.0,0.0,1.0,0.0,97.0
5317.0,128.0,46.0,122.0,34.0,0.0,0.0,0.0,1.0,1.0,128.0
5616.0,129.0,52.0,128.0,52.0,0.0,0.0,1.0,1.0,1.0,122.0
2294.0,64.0,21.0,32.0,22.0,0.0,0.0,0.0,1.0,0.0,73.0
3042.0,79.0,36.0,52.0,46.0,0.0,1.0,0.0,0.0,0.0,101.0
2660.0,68.0,25.0,40.0,32.0,0.0,0.0,0.0,1.0,0.0,90.0
2651.0,73.0,27.0,46.0,14.0,0.0,0.0,0.0,1.0,0.0,79.0
2254.0,62.0,24.0,36.0,24.0,0.0,0.0,0.0,1.0,0.0,73.0
2645.0,71.0,21.0,34.0,20.0,0.0,0.0,0.0,1.0,0.0,69.0
5649.0,131.0,47.0,124.0,43.0,0.0,0.0,0.0,1.0,0.0,127.0
4732.0,112.0,42.0,108.0,34.0,0.0,0.0,0.0,1.0,1.0,109.0
3948.0,97.0,27.0,72.0,45.0,0.0,0.0,1.0,1.0,0.0,92.0
7694.0,160.0,61.0,218.0,53.0,0.0,0.0,1.0,1.0,1.0,140.0
3969.0,105.0,37.0,82.0,36.0,0.0,0.0,1.0,1.0,0.0,107.0
4412.0,107.0,38.0,96.0,39.0,0.0,0.0,1.0,1.0,1.0,94.0
3376.0,93.0,34.0,52.0,48.0,0.0,0.0,0.0,1.0,0.0,79.0
5474.0,132.0,47.0,128.0,36.0,0.0,0.0,0.0,1.0,1.0,133.0
3217.0,93.0,38.0,58.0,36.0,0.0,1.0,0.0,0.0,0.0,91.0
3317.0,86.0,27.0,58.0,29.0,0.0,0.0,0.0,1.0,0.0,96.0
7860.0,173.0,65.0,216.0,52.0,0.0,0.0,1.0,1.0,1.0,151.0
3857.0,89.0,27.0,64.0,32.0,1.0,0.0,0.0,1.0,0.0,79.0
2776.0,76.0,32.0,52.0,24.0,0.0,0.0,0.0,1.0,0.0,89.0
3415.0,91.0,37.0,62.0,47.0,0.0,1.0,0.0,0.0,0.0,109.0
4934.0,117.0,42.0,116.0,41.0,0.0,0.0,1.0,1.0,1.0,99.0
2525.0,68.0,24.0,48.0,22.0,0.0,0.0,0.0,1.0,0.0,79.0
3852.0,99.0,36.0,72.0,33.0,1.0,0.0,0.0,1.0,0.0,104.0
3743.0,95.0,34.0,80.0,31.0,0.0,0.0,0.0,1.0,0.0,97.0
6095.0,140.0,56.0,150.0,46.0,0.0,0.0,0.0,1.0,0.0,164.0
4717.0,117.0,42.0,112.0,33.0,0.0,0.0,0.0,1.0,0.0,125.0
3097.0,76.0,30.0,56.0,34.0,0.0,0.0,0.0,1.0,0.0,98.0
6118.0,145.0,51.0,134.0,34.0,0.0,0.0,1.0,1.0,1.0,152.0
1976.0,53.0,19.0,28.0,20.0,0.0,0.0,0.0,1.0,0.0,62.0
5525.0,129.0,45.0,114.0,38.0,0.0,0.0,0.0,1.0,0.0,118.0
5897.0,133.0,52.0,144.0,46.0,0.0,0.0,0.0,1.0,1.0,146.0
4919.0,120.0,45.0,124.0,30.0,0.0,0.0,0.0,1.0,0.0,127.0
2884.0,78.0,29.0,50.0,20.0,0.0,0.0,0.0,1.0,0.0,87.0
3035.0,77.0,27.0,50.0,37.0,0.0,0.0,0.0,1.0,0.0,93.0
4945.0,122.0,46.0,114.0,36.0,0.0,0.0,0.0,1.0,1.0,122.0
2931.0,77.0,25.0,44.0,22.0,0.0,0.0,0.0,1.0,0.0,76.0
5741.0,143.0,54.0,120.0,59.0,0.0,0.0,1.0,1.0,1.0,114.0
5265.0,121.0,40.0,110.0,34.0,0.0,0.0,1.0,1.0,1.0,100.0
2907.0,76.0,26.0,44.0,22.0,0.0,0.0,0.0,1.0,0.0,73.0
3777.0,85.0,32.0,70.0,30.0,0.0,0.0,0.0,1.0,0.0,107.0
3529.0,91.0,29.0,64.0,40.0,1.0,0.0,0.0,1.0,0.0,92.0
3512.0,91.0,30.0,62.0,23.0,0.0,0.0,1.0,1.0,0.0,83.0
4524.0,101.0,38.0,90.0,39.0,1.0,0.0,0.0,1.0,0.0,123.0
3905.0,104.0,43.0,94.0,38.0,0.0,1.0,0.0,0.0,0.0,95.0
3267.0,82.0,27.0,64.0,40.0,0.0,0.0,1.0,1.0,0.0,88.0
3193.0,88.0,32.0,62.0,27.0,0.0,0.0,1.0,1.0,0.0,91.0
5529.0,134.0,50.0,124.0,36.0,0.0,0.0,0.0,1.0,1.0,133.0
2899.0,73.0,31.0,54.0,26.0,0.0,1.0,0.0,1.0,0.0,88.0
2982.0,84.0,32.0,62.0,26.0,0.0,1.0,0.0,1.0,0.0,83.0
1950.0,53.0,19.0,26.0,22.0,0.0,0.0,0.0,1.0,0.0,64.0
2810.0,77.0,23.0,42.0,22.0,0.0,0.0,0.0,1.0,0.0,80.0
5391.0,127.0,46.0,110.0,52.0,0.0,0.0,1.0,1.0,0.0,145.0
2684.0,72.0,23.0,46.0,22.0,0.0,0.0,0.0,1.0,0.0,77.0
3086.0,76.0,33.0,64.0,40.0,0.0,1.0,1.0,1.0,0.0,96.0
4618.0,103.0,43.0,110.0,49.0,0.0,0.0,0.0,1.0,0.0,122.0
5406.0,135.0,50.0,124.0,40.0,0.0,0.0,0.0,1.0,1.0,127.0
5559.0,133.0,42.0,112.0,39.0,0.0,0.0,1.0,1.0,1.0,134.0
2817.0,81.0,29.0,34.0,37.0,0.0,0.0,0.0,1.0,0.0,76.0
5278.0,128.0,51.0,104.0,63.0,0.0,0.0,1.0,1.0,0.0,118.0
2038.0,54.0,20.0,24.0,18.0,0.0,0.0,0.0,1.0,0.0,65.0
7909.0,170.0,64.0,218.0,55.0,0.0,0.0,1.0,1.0,1.0,142.0
3366.0,96.0,38.0,70.0,34.0,0.0,1.0,0.0,0.0,0.0,96.0
5638.0,133.0,42.0,116.0,34.0,0.0,0.0,1.0,1.0,1.0,130.0
3512.0,90.0,27.0,60.0,31.0,1.0,0.0,0.0,1.0,0.0,88.0
3089.0,83.0,26.0,56.0,31.0,0.0,0.0,0.0,1.0,0.0,85.0
4462.0,112.0,40.0,92.0,43.0,0.0,0.0,0.0,1.0,0.0,115.0
2749.0,77.0,26.0,50.0,25.0,0.0,0.0,0.0,1.0,0.0,83.0
3339.0,88.0,33.0,54.0,22.0,1.0,0.0,0.0,1.0,0.0,90.0
4441.0,101.0,34.0,94.0,42.0,0.0,0.0,1.0,1.0,0.0,111.0
3408.0,95.0,33.0,50.0,44.0,0.0,0.0,1.0,1.0,0.0,77.0
5544.0,128.0,42.0,124.0,38.0,0.0,0.0,1.0,1.0,1.0,108.0
5434.0,133.0,48.0,122.0,36.0,0.0,0.0,0.0,1.0,1.0,134.0
2573.0,71.0,21.0,44.0,21.0,0.0,0.0,0.0,1.0,0.0,70.0
2983.0,85.0,36.0,42.0,38.0,0.0,0.0,0.0,1.0,0.0,84.0
3015.0,80.0,26.0,50.0,26.0,0.0,0.0,0.0,1.0,0.0,82.0
2902.0,70.0,29.0,46.0,30.0,1.0,0.0,0.0,1.0,0.0,88.0
5356.0,128.0,39.0,108.0,37.0,0.0,0.0,1.0,1.0,1.0,127.0
2559.0,70.0,27.0,42.0,16.0,0.0,0.0,0.0,1.0,0.0,82.0
5558.0,127.0,44.0,120.0,51.0,0.0,0.0,1.0,1.0,1.0,113.0
7995.0,171.0,68.0,220.0,50.0,0.0,0.0,1.0,1.0,1.0,150.0
3358.0,93.0,34.0,48.0,45.0,1.0,0.0,0.0,1.0,0.0,79.0
3128.0,81.0,26.0,48.0,29.0,1.0,0.0,0.0,1.0,0.0,83.0
4373.0,106.0,33.0,86.0,41.0,1.0,0.0,0.0,1.0,0.0,108.0
4003.0,98.0,34.0,70.0,32.0,0.0,0.0,1.0,1.0,0.0,108.0
4993.0,120.0,42.0,116.0,38.0,0.0,0.0,1.0,1.0,1.0,95.0
2901.0,78.0,30.0,58.0,22.0,0.0,0.0,0.0,1.0,0.0,90.0
3991.0,92.0,32.0,80.0,32.0,0.0,0.0,0.0,1.0,0.0,110.0
5049.0,118.0,48.0,124.0,46.0,0.0,0.0,0.0,1.0,0.0,146.0
4274.0,99.0,32.0,84.0,43.0,1.0,0.0,0.0,1.0,0.0,89.0
3300.0,92.0,37.0,54.0,37.0,0.0,1.0,1.0,1.0,0.0,79.0
3396.0,87.0,28.0,54.0,33.0,0.0,0.0,0.0,1.0,0.0,99.0
5360.0,132.0,53.0,138.0,42.0,0.0,0.0,0.0,1.0,0.0,130.0
5112.0,122.0,47.0,114.0,44.0,0.0,0.0,1.0,1.0,1.0,102.0
4880.0,115.0,40.0,108.0,36.0,0.0,0.0,1.0,1.0,1.0,94.0
3402.0,88.0,33.0,54.0,26.0,1.0,0.0,0.0,1.0,0.0,85.0
4817.0,113.0,41.0,106.0,36.0,0.0,0.0,1.0,1.0,1.0,89.0
5642.0,136.0,46.0,118.0,38.0,0.0,0.0,1.0,1.0,1.0,135.0
4221.0,97.0,32.0,78.0,30.0,1.0,0.0,0.0,1.0,0.0,90.0
3836.0,88.0,34.0,76.0,37.0,0.0,0.0,0.0,1.0,0.0,116.0
6248.0,146.0,47.0,136.0,53.0,0.0,0.0,1.0,1.0,1.0,149.0
3240.0,87.0,34.0,48.0,45.0,1.0,0.0,0.0,1.0,0.0,77.0
3282.0,90.0,31.0,54.0,44.0,0.0,0.0,1.0,1.0,0.0,79.0
6531.0,149.0,57.0,156.0,46.0,0.0,0.0,0.0,1.0,1.0,156.0
8374.0,183.0,69.0,242.0,65.0,0.0,0.0,1.0,1.0,1.0,186.0
7644.0,164.0,64.0,220.0,58.0,0.0,0.0,1.0,1.0,1.0,172.0
2811.0,74.0,22.0,56.0,29.0,0.0,0.0,0.0,1.0,0.0,77.0
5580.0,138.0,51.0,116.0,62.0,0.0,0.0,1.0,1.0,1.0,111.0
3339.0,86.0,32.0,60.0,39.0,0.0,0.0,0.0,1.0,0.0,102.0
2946.0,77.0,24.0,46.0,29.0,1.0,0.0,0.0,1.0,0.0,76.0
2525.0,73.0,30.0,26.0,38.0,0.0,0.0,0.0,1.0,0.0,72.0
2236.0,59.0,20.0,38.0,19.0,0.0,0.0,0.0,1.0,0.0,72.0
2742.0,74.0,28.0,46.0,18.0,0.0,0.0,0.0,1.0,0.0,82.0
5169.0,129.0,45.0,122.0,32.0,0.0,0.0,0.0,1.0,0.0,132.0
2952.0,79.0,30.0,58.0,27.0,0.0,1.0,0.0,1.0,0.0,88.0
3529.0,82.0,32.0,68.0,30.0,0.0,0.0,0.0,1.0,0.0,101.0
5409.0,125.0,53.0,132.0,50.0,0.0,0.0,0.0,1.0,1.0,145.0
2831.0,79.0,30.0,44.0,20.0,0.0,0.0,0.0,1.0,0.0,86.0
3274.0,78.0,23.0,56.0,39.0,1.0,0.0,0.0,1.0,0.0,82.0
5504.0,134.0,47.0,116.0,49.0,0.0,0.0,1.0,1.0,1.0,121.0
6333.0,137.0,54.0,148.0,50.0,0.0,0.0,0.0,1.0,1.0,154.0
6188.0,131.0,51.0,144.0,48.0,0.0,0.0,1.0,1.0,1.0,144.0
5082.0,117.0,43.0,118.0,69.0,0.0,0.0,1.0,1.0,0.0,120.0
3120.0,86.0,31.0,44.0,41.0,0.0,0.0,1.0,1.0,0.0,72.0
4366.0,109.0,39.0,66.0,67.0,1.0,0.0,0.0,1.0,0.0,111.0
5614.0,129.0,47.0,136.0,55.0,0.0,0.0,1.0,1.0,1.0,121.0
4562.0,113.0,41.0,98.0,45.0,0.0,0.0,0.0,1.0,0.0,116.0
2317.0,65.0,21.0,40.0,23.0,0.0,0.0,0.0,1.0,0.0,70.0
4723.0,113.0,44.0,110.0,36.0,0.0,0.0,0.0,1.0,1.0,113.0
2617.0,66.0,20.0,42.0,23.0,0.0,0.0,0.0,1.0,0.0,74.0
4087.0,107.0,40.0,88.0,33.0,0.0,0.0,1.0,1.0,0.0,96.0
6037.0,137.0,52.0,154.0,44.0,0.0,0.0,1.0,1.0,1.0,118.0
3354.0,90.0,34.0,44.0,36.0,1.0,0.0,0.0,1.0,0.0,76.0
5716.0,146.0,59.0,124.0,57.0,0.0,0.0,0.0,1.0,1.0,135.0
6067.0,129.0,49.0,142.0,48.0,0.0,0.0,1.0,1.0,1.0,131.0
2242.0,63.0,21.0,34.0,18.0,0.0,0.0,0.0,1.0,0.0,71.0
2995.0,75.0,29.0,62.0,31.0,0.0,1.0,0.0,1.0,0.0,87.0
4672.0,110.0,40.0,96.0,38.0,0.0,0.0,1.0,1.0,1.0,94.0
5555.0,130.0,43.0,112.0,36.0,0.0,0.0,1.0,1.0,1.0,134.0
5305.0,117.0,44.0,118.0,54.0,1.0,0.0,0.0,1.0,0.0,109.0
5813.0,134.0,48.0,144.0,49.0,0.0,0.0,1.0,1.0,1.0,145.0
4222.0,113.0,42.0,78.0,46.0,1.0,0.0,0.0,1.0,0.0,101.0
3870.0,103.0,36.0,80.0,38.0,0.0,0.0,1.0,1.0,0.0,100.0
4801.0,117.0,45.0,104.0,36.0,0.0,0.0,0.0,1.0,1.0,118.0
4849.0,114.0,41.0,112.0,36.0,0.0,0.0,0.0,1.0,1.0,111.0
2018.0,56.0,19.0,26.0,16.0,0.0,0.0,0.0,1.0,0.0,66.0
2953.0,74.0,29.0,50.0,26.0,1.0,0.0,0.0,1.0,0.0,76.0
5231.0,122.0,54.0,142.0,54.0,0.0,0.0,0.0,1.0,0.0,137.0
3006.0,80.0,30.0,52.0,28.0,1.0,0.0,0.0,1.0,0.0,81.0
5602.0,130.0,50.0,124.0,50.0,0.0,0.0,0.0,1.0,1.0,138.0
5050.0,122.0,43.0,114.0,43.0,0.0,0.0,1.0,1.0,1.0,102.0
4226.0,112.0,43.0,62.0,40.0,1.0,0.0,0.0,1.0,0.0,96.0
2926.0,81.0,31.0,60.0,33.0,0.0,1.0,0.0,0.0,0.0,84.0
3397.0,86.0,33.0,54.0,18.0,1.0,0.0,0.0,1.0,0.0,87.0
8817.0,183.0,70.0,244.0,61.0,0.0,0.0,1.0,1.0,1.0,177.0
4897.0,110.0,46.0,116.0,42.0,0.0,0.0,1.0,1.0,0.0,116.0
5304.0,124.0,51.0,152.0,42.0,0.0,0.0,0.0,1.0,0.0,122.0
3189.0,84.0,28.0,42.0,18.0,1.0,0.0,0.0,1.0,0.0,81.0
4361.0,109.0,39.0,80.0,47.0,1.0,0.0,0.0,1.0,0.0,114.0
3660.0,85.0,34.0,72.0,34.0,0.0,0.0,0.0,1.0,0.0,110.0
3994.0,90.0,31.0,76.0,32.0,0.0,0.0,0.0,1.0,0.0,106.0
2865.0,82.0,30.0,32.0,41.0,0.0,0.0,0.0,1.0,0.0,77.0
2672.0,73.0,27.0,46.0,14.0,0.0,0.0,0.0,1.0,0.0,79.0
5188.0,111.0,49.0,128.0,56.0,0.0,0.0,1.0,1.0,0.0,131.0
3696.0,95.0,35.0,72.0,30.0,0.0,0.0,0.0,1.0,0.0,93.0
2904.0,73.0,21.0,52.0,25.0,0.0,0.0,1.0,1.0,0.0,66.0
5085.0,123.0,43.0,118.0,37.0,0.0,0.0,0.0,1.0,1.0,125.0
8009.0,174.0,68.0,226.0,54.0,0.0,0.0,1.0,1.0,1.0,148.0
4541.0,112.0,45.0,122.0,41.0,0.0,0.0,0.0,1.0,0.0,122.0
3462.0,85.0,31.0,72.0,28.0,0.0,0.0,0.0,1.0,0.0,80.0
3396.0,94.0,37.0,62.0,50.0,0.0,1.0,1.0,1.0,0.0,90.0
3703.0,102.0,37.0,56.0,49.0,0.0,0.0,0.0,1.0,0.0,99.0
3540.0,93.0,37.0,66.0,28.0,1.0,0.0,0.0,1.0,0.0,96.0
3062.0,77.0,28.0,48.0,22.0,1.0,0.0,0.0,1.0,0.0,74.0
4095.0,107.0,42.0,86.0,30.0,0.0,0.0,0.0,1.0,0.0,108.0
7288.0,157.0,63.0,186.0,58.0,0.0,0.0,1.0,1.0,1.0,147.0
3050.0,84.0,30.0,54.0,29.0,0.0,0.0,1.0,1.0,0.0,86.0
4336.0,104.0,38.0,80.0,47.0,1.0,0.0,0.0,1.0,0.0,122.0
4971.0,120.0,44.0,122.0,37.0,0.0,0.0,0.0,1.0,1.0,126.0
3776.0,94.0,38.0,84.0,32.0,0.0,0.0,0.0,1.0,0.0,86.0
2969.0,83.0,37.0,50.0,36.0,0.0,1.0,0.0,1.0,0.0,88.0
3135.0,80.0,28.0,60.0,23.0,0.0,0.0,1.0,1.0,0.0,79.0
3678.0,91.0,33.0,82.0,33.0,0.0,0.0,0.0,1.0,0.0,93.0
2768.0,75.0,23.0,44.0,25.0,0.0,0.0,0.0,1.0,0.0,76.0
4836.0,116.0,40.0,100.0,36.0,0.0,0.0,1.0,1.0,1.0,95.0
5159.0,127.0,46.0,116.0,38.0,0.0,0.0,0.0,1.0,1.0,123.0
2151.0,59.0,23.0,26.0,20.0,0.0,0.0,0.0,1.0,0.0,72.0
2134.0,56.0,21.0,26.0,18.0,0.0,0.0,0.0,1.0,0.0,66.0
4683.0,112.0,47.0,116.0,44.0,0.0,0.0,0.0,1.0,0.0,133.0
2817.0,78.0,27.0,50.0,29.0,0.0,0.0,0.0,1.0,0.0,86.0
3531.0,85.0,31.0,64.0,39.0,1.0,0.0,0.0,1.0,0.0,106.0
3670.0,103.0,42.0,68.0,43.0,0.0,1.0,1.0,1.0,0.0,107.0
2462.0,68.0,21.0,42.0,21.0,0.0,0.0,0.0,1.0,0.0,72.0
6148.0,143.0,52.0,146.0,36.0,0.0,0.0,1.0,1.0,1.0,149.0
4641.0,109.0,38.0,98.0,34.0,0.0,0.0,1.0,1.0,1.0,83.0
3195.0,83.0,27.0,54.0,29.0,0.0,0.0,0.0,1.0,0.0,92.0
4230.0,112.0,41.0,64.0,55.0,1.0,0.0,0.0,1.0,0.0,104.0
5215.0,121.0,41.0,114.0,38.0,0.0,0.0,1.0,1.0,1.0,103.0
4497.0,103.0,38.0,100.0,36.0,0.0,0.0,1.0,1.0,1.0,85.0
2665.0,71.0,22.0,46.0,20.0,0.0,0.0,0.0,1.0,0.0,77.0
3395.0,85.0,26.0,60.0,24.0,1.0,0.0,0.0,1.0,0.0,78.0
4974.0,119.0,43.0,118.0,41.0,0.0,0.0,0.0,1.0,1.0,117.0
4352.0,106.0,37.0,84.0,39.0,0.0,0.0,1.0,1.0,0.0,119.0
3455.0,97.0,40.0,58.0,38.0,0.0,1.0,1.0,1.0,0.0,94.0
3532.0,92.0,32.0,60.0,22.0,1.0,0.0,0.0,1.0,0.0,88.0
4480.0,100.0,36.0,96.0,39.0,0.0,0.0,1.0,1.0,0.0,119.0
4428.0,106.0,40.0,112.0,30.0,0.0,0.0,0.0,1.0,0.0,105.0
4173.0,106.0,34.0,66.0,46.0,1.0,0.0,0.0,1.0,0.0,79.0
4861.0,115.0,41.0,108.0,32.0,0.0,0.0,0.0,1.0,1.0,112.0
3047.0,78.0,27.0,40.0,20.0,1.0,0.0,0.0,1.0,0.0,73.0
5191.0,116.0,41.0,108.0,50.0,0.0,0.0,1.0,1.0,1.0,131.0
3434.0,96.0,39.0,56.0,36.0,0.0,1.0,0.0,1.0,0.0,95.0
3721.0,86.0,30.0,74.0,38.0,1.0,0.0,0.0,1.0,0.0,94.0
3419.0,86.0,28.0,56.0,37.0,0.0,0.0,0.0,1.0,0.0,98.0
5174.0,122.0,40.0,100.0,34.0,0.0,0.0,0.0,1.0,0.0,111.0
8216.0,183.0,72.0,216.0,71.0,0.0,0.0,1.0,1.0,1.0,145.0
5280.0,115.0,43.0,114.0,48.0,0.0,0.0,1.0,1.0,1.0,113.0
5818.0,135.0,46.0,140.0,43.0,0.0,0.0,1.0,1.0,1.0,146.0
3312.0,73.0,29.0,62.0,28.0,0.0,0.0,0.0,1.0,0.0,97.0
2029.0,54.0,19.0,28.0,18.0,0.0,0.0,0.0,1.0,0.0,64.0
4543.0,110.0,41.0,120.0,37.0,0.0,0.0,0.0,1.0,0.0,111.0
3274.0,79.0,29.0,52.0,34.0,1.0,0.0,0.0,1.0,0.0,93.0
3030.0,88.0,34.0,46.0,32.0,0.0,1.0,0.0,0.0,0.0,85.0
3117.0,91.0,38.0,40.0,48.0,0.0,1.0,0.0,0.0,0.0,80.0
3236.0,81.0,28.0,46.0,34.0,1.0,0.0,0.0,1.0,0.0,89.0
4292.0,103.0,38.0,92.0,42.0,1.0,0.0,0.0,1.0,0.0,120.0
3665.0,96.0,39.0,70.0,30.0,1.0,0.0,0.0,1.0,0.0,97.0
3633.0,105.0,45.0,72.0,38.0,0.0,1.0,0.0,0.0,0.0,106.0
8541.0,189.0,72.0,222.0,71.0,0.0,0.0,1.0,1.0,1.0,153.0
6167.0,138.0,51.0,148.0,46.0,0.0,0.0,0.0,1.0,0.0,120.0
3285.0,92.0,32.0,60.0,29.0,0.0,0.0,1.0,1.0,0.0,89.0
3150.0,82.0,27.0,50.0,31.0,1.0,0.0,0.0,1.0,0.0,83.0
3930.0,90.0,32.0,74.0,32.0,0.0,0.0,0.0,1.0,0.0,109.0
3355.0,91.0,32.0,64.0,32.0,0.0,0.0,1.0,1.0,0.0,97.0
3857.0,94.0,32.0,68.0,49.0,0.0,0.0,0.0,1.0,0.0,114.0
4686.0,113.0,41.0,106.0,34.0,0.0,0.0,0.0,1.0,1.0,112.0
2993.0,88.0,36.0,46.0,32.0,0.0,1.0,0.0,0.0,0.0,89.0
2833.0,76.0,22.0,50.0,19.0,0.0,0.0,0.0,1.0,0.0,81.0
5469.0,131.0,49.0,120.0,36.0,0.0,0.0,0.0,1.0,1.0,133.0
3901.0,110.0,44.0,68.0,32.0,0.0,1.0,0.0,1.0,0.0,94.0
3251.0,83.0,33.0,54.0,26.0,1.0,0.0,0.0,1.0,0.0,88.0
2985.0,78.0,27.0,56.0,23.0,0.0,0.0,1.0,1.0,0.0,78.0
2302.0,63.0,21.0,44.0,18.0,0.0,0.0,0.0,1.0,0.0,71.0
4701.0,111.0,43.0,100.0,42.0,0.0,0.0,1.0,1.0,0.0,111.0
4438.0,112.0,34.0,88.0,49.0,0.0,0.0,1.0,1.0,0.0,106.0
4406.0,107.0,41.0,112.0,30.0,0.0,0.0,0.0,1.0,0.0,108.0
3339.0,83.0,31.0,72.0,31.0,0.0,0.0,0.0,1.0,0.0,91.0
3844.0,87.0,39.0,92.0,46.0,0.0,0.0,0.0,1.0,0.0,98.0
3201.0,84.0,29.0,52.0,31.0,0.0,0.0,0.0,1.0,0.0,99.0
3744.0,96.0,31.0,66.0,27.0,0.0,0.0,1.0,1.0,0.0,88.0
3829.0,101.0,35.0,68.0,52.0,1.0,0.0,0.0,1.0,0.0,81.0
4892.0,114.0,43.0,110.0,42.0,0.0,0.0,1.0,1.0,1.0,96.0
3291.0,85.0,29.0,54.0,31.0,1.0,0.0,0.0,1.0,0.0,84.0
3986.0,99.0,39.0,84.0,32.0,1.0,0.0,0.0,1.0,0.0,92.0
5223.0,125.0,49.0,118.0,34.0,0.0,0.0,0.0,1.0,1.0,124.0
5310.0,126.0,48.0,126.0,42.0,0.0,0.0,1.0,1.0,1.0,114.0
4454.0,116.0,40.0,68.0,65.0,1.0,0.0,0.0,1.0,0.0,110.0
3068.0,80.0,26.0,56.0,22.0,0.0,0.0,0.0,1.0,0.0,74.0
3210.0,87.0,29.0,66.0,29.0,0.0,1.0,0.0,1.0,0.0,80.0
3454.0,88.0,28.0,58.0,30.0,0.0,0.0,1.0,1.0,0.0,94.0
4866.0,112.0,39.0,110.0,32.0,0.0,0.0,1.0,1.0,1.0,106.0
6011.0,145.0,51.0,136.0,49.0,0.0,0.0,0.0,1.0,1.0,144.0
4885.0,108.0,41.0,94.0,61.0,0.0,0.0,1.0,1.0,0.0,140.0
4065.0,101.0,28.0,70.0,45.0,0.0,0.0,1.0,1.0,0.0,95.0
3482.0,95.0,35.0,50.0,46.0,1.0,0.0,0.0,1.0,0.0,89.0
5254.0,126.0,48.0,122.0,42.0,0.0,0.0,0.0,1.0,1.0,127.0
4874.0,114.0,42.0,104.0,32.0,0.0,0.0,0.0,1.0,1.0,107.0
3325.0,87.0,29.0,58.0,29.0,0.0,0.0,0.0,1.0,0.0,96.0
4211.0,107.0,40.0,100.0,37.0,0.0,0.0,0.0,1.0,0.0,114.0
3465.0,97.0,39.0,74.0,26.0,0.0,1.0,0.0,0.0,0.0,93.0
4431.0,115.0,41.0,66.0,59.0,1.0,0.0,0.0,1.0,0.0,108.0
4780.0,114.0,43.0,110.0,39.0,0.0,0.0,0.0,1.0,1.0,122.0
3683.0,86.0,32.0,74.0,26.0,0.0,0.0,0.0,1.0,0.0,108.0
2744.0,72.0,25.0,54.0,17.0,0.0,1.0,0.0,1.0,0.0,68.0
4625.0,113.0,46.0,112.0,44.0,0.0,0.0,0.0,1.0,0.0,132.0
2493.0,70.0,24.0,30.0,20.0,0.0,0.0,0.0,1.0,0.0,78.0
4628.0,108.0,41.0,102.0,38.0,0.0,0.0,1.0,1.0,1.0,92.0
3042.0,84.0,34.0,38.0,36.0,1.0,0.0,0.0,1.0,0.0,75.0
4491.0,109.0,31.0,78.0,39.0,0.0,0.0,1.0,1.0,0.0,114.0
4379.0,106.0,41.0,110.0,32.0,0.0,0.0,0.0,1.0,0.0,113.0
4606.0,101.0,36.0,98.0,40.0,1.0,0.0,0.0,1.0,0.0,111.0
2690.0,67.0,20.0,44.0,21.0,0.0,0.0,1.0,1.0,0.0,61.0
3066.0,82.0,33.0,40.0,43.0,0.0,0.0,0.0,1.0,0.0,76.0
3127.0,86.0,34.0,64.0,20.0,0.0,1.0,1.0,1.0,0.0,83.0
3281.0,85.0,31.0,56.0,28.0,1.0,0.0,0.0,1.0,0.0,85.0
3881.0,103.0,36.0,60.0,44.0,1.0,0.0,0.0,1.0,0.0,90.0
4577.0,112.0,40.0,98.0,37.0,0.0,0.0,1.0,1.0,0.0,95.0
2811.0,77.0,27.0,46.0,26.0,0.0,0.0,0.0,1.0,0.0,81.0
3253.0,86.0,31.0,60.0,29.0,1.0,0.0,0.0,1.0,0.0,91.0
2770.0,69.0,25.0,44.0,28.0,0.0,0.0,0.0,1.0,0.0,87.0
6001.0,132.0,52.0,144.0,44.0,0.0,0.0,0.0,1.0,1.0,144.0
3212.0,82.0,25.0,48.0,18.0,1.0,0.0,0.0,1.0,0.0,70.0
3506.0,97.0,36.0,56.0,32.0,0.0,1.0,1.0,1.0,0.0,76.0
2186.0,58.0,19.0,32.0,21.0,0.0,0.0,0.0,1.0,0.0,73.0
2442.0,60.0,26.0,38.0,34.0,0.0,0.0,0.0,1.0,0.0,87.0
3464.0,90.0,35.0,76.0,32.0,0.0,0.0,0.0,1.0,0.0,90.0
3552.0,97.0,33.0,64.0,27.0,0.0,0.0,1.0,1.0,0.0,94.0
2995.0,78.0,25.0,44.0,29.0,1.0,0.0,0.0,1.0,0.0,79.0
4583.0,107.0,39.0,98.0,38.0,0.0,0.0,1.0,1.0,1.0,90.0
2937.0,84.0,32.0,32.0,38.0,0.0,0.0,0.0,1.0,0.0,81.0
4443.0,120.0,48.0,82.0,55.0,0.0,1.0,1.0,1.0,0.0,125.0
7931.0,169.0,67.0,244.0,54.0,0.0,0.0,1.0,1.0,1.0,158.0
2270.0,62.0,22.0,28.0,18.0,0.0,0.0,0.0,1.0,0.0,70.0
7319.0,158.0,57.0,178.0,55.0,0.0,0.0,1.0,1.0,1.0,186.0
3840.0,96.0,36.0,80.0,46.0,0.0,0.0,1.0,1.0,0.0,106.0
4847.0,110.0,44.0,114.0,50.0,0.0,0.0,1.0,1.0,1.0,109.0
2346.0,65.0,23.0,38.0,20.0,0.0,0.0,0.0,1.0,0.0,70.0
2924.0,79.0,31.0,58.0,12.0,0.0,1.0,0.0,1.0,0.0,79.0
3643.0,93.0,32.0,68.0,22.0,0.0,0.0,0.0,1.0,0.0,89.0
3348.0,88.0,30.0,56.0,31.0,0.0,0.0,0.0,1.0,0.0,99.0
3383.0,85.0,34.0,68.0,30.0,0.0,1.0,1.0,1.0,0.0,97.0
2347.0,64.0,26.0,36.0,24.0,0.0,0.0,0.0,1.0,0.0,79.0
5547.0,130.0,42.0,126.0,34.0,0.0,0.0,1.0,1.0,1.0,116.0
5173.0,124.0,47.0,120.0,44.0,0.0,0.0,1.0,1.0,1.0,103.0
4105.0,107.0,41.0,78.0,51.0,0.0,0.0,0.0,1.0,0.0,91.0
5354.0,131.0,49.0,120.0,38.0,0.0,0.0,1.0,1.0,1.0,113.0
4472.0,104.0,39.0,90.0,45.0,0.0,0.0,0.0,1.0,0.0,129.0
2640.0,72.0,25.0,40.0,23.0,0.0,0.0,0.0,1.0,0.0,84.0
2539.0,69.0,21.0,42.0,19.0,0.0,0.0,0.0,1.0,0.0,79.0
6241.0,144.0,52.0,152.0,42.0,0.0,0.0,1.0,1.0,1.0,159.0
5753.0,142.0,52.0,128.0,36.0,0.0,0.0,0.0,1.0,1.0,136.0
2347.0,63.0,24.0,40.0,20.0,0.0,0.0,0.0,1.0,0.0,73.0
2984.0,78.0,22.0,50.0,21.0,0.0,0.0,1.0,1.0,0.0,69.0
3459.0,94.0,34.0,44.0,34.0,1.0,0.0,0.0,1.0,0.0,76.0
4391.0,98.0,33.0,86.0,35.0,0.0,0.0,1.0,1.0,0.0,105.0
4398.0,111.0,43.0,108.0,32.0,0.0,0.0,0.0,1.0,0.0,113.0
2111.0,58.0,22.0,26.0,16.0,0.0,0.0,0.0,1.0,0.0,71.0
3324.0,87.0,28.0,52.0,33.0,0.0,0.0,0.0,1.0,0.0,99.0
5256.0,118.0,44.0,116.0,42.0,1.0,0.0,0.0,1.0,0.0,137.0
3411.0,89.0,36.0,58.0,44.0,0.0,1.0,0.0,0.0,0.0,102.0
2349.0,67.0,22.0,38.0,18.0,0.0,0.0,0.0,1.0,0.0,74.0
3460.0,92.0,29.0,70.0,30.0,0.0,0.0,1.0,1.0,0.0,91.0
3124.0,82.0,23.0,60.0,27.0,0.0,0.0,0.0,1.0,0.0,88.0
6007.0,141.0,56.0,152.0,54.0,0.0,0.0,1.0,1.0,1.0,112.0
2228.0,64.0,21.0,28.0,16.0,0.0,0.0,0.0,1.0,0.0,69.0
3208.0,87.0,28.0,64.0,14.0,0.0,1.0,0.0,1.0,0.0,78.0
3426.0,88.0,34.0,50.0,44.0,1.0,0.0,0.0,1.0,0.0,82.0
3153.0,76.0,24.0,56.0,29.0,1.0,0.0,0.0,1.0,0.0,76.0
8155.0,177.0,69.0,248.0,54.0,0.0,0.0,1.0,1.0,1.0,161.0
4578.0,110.0,41.0,104.0,34.0,0.0,0.0,0.0,1.0,1.0,108.0
2481.0,68.0,22.0,50.0,23.0,0.0,0.0,0.0,1.0,0.0,75.0
5669.0,137.0,51.0,110.0,54.0,0.0,0.0,0.0,1.0,0.0,116.0
5139.0,116.0,40.0,106.0,41.0,0.0,0.0,0.0,1.0,0.0,111.0
5293.0,131.0,52.0,144.0,40.0,0.0,0.0,0.0,1.0,0.0,131.0
5002.0,119.0,44.0,118.0,37.0,0.0,0.0,0.0,1.0,1.0,120.0
2853.0,74.0,30.0,48.0,26.0,1.0,0.0,0.0,1.0,0.0,82.0
5459.0,126.0,43.0,112.0,39.0,0.0,0.0,0.0,1.0,0.0,121.0
2578.0,72.0,25.0,42.0,22.0,0.0,0.0,0.0,1.0,0.0,80.0
4517.0,105.0,38.0,104.0,34.0,0.0,0.0,1.0,1.0,1.0,89.0
2090.0,54.0,19.0,32.0,16.0,0.0,0.0,0.0,1.0,0.0,62.0
2961.0,75.0,23.0,46.0,34.0,1.0,0.0,0.0,1.0,0.0,79.0
7737.0,163.0,64.0,216.0,52.0,0.0,0.0,1.0,1.0,1.0,138.0
4556.0,112.0,37.0,98.0,34.0,0.0,0.0,1.0,1.0,1.0,89.0
3162.0,75.0,23.0,58.0,24.0,1.0,0.0,0.0,1.0,0.0,74.0
2677.0,68.0,22.0,44.0,23.0,0.0,0.0,1.0,1.0,0.0,67.0
5650.0,139.0,54.0,144.0,51.0,0.0,0.0,0.0,1.0,0.0,150.0
3343.0,76.0,31.0,68.0,30.0,0.0,0.0,0.0,1.0,0.0,104.0
3305.0,87.0,33.0,40.0,38.0,1.0,0.0,0.0,1.0,0.0,71.0
2505.0,59.0,24.0,38.0,32.0,0.0,0.0,0.0,1.0,0.0,83.0
7245.0,158.0,59.0,212.0,46.0,0.0,0.0,1.0,1.0,1.0,156.0
4445.0,108.0,42.0,96.0,42.0,0.0,0.0,0.0,1.0,0.0,124.0
3101.0,79.0,29.0,46.0,22.0,1.0,0.0,0.0,1.0,0.0,77.0
4657.0,115.0,39.0,94.0,34.0,0.0,0.0,1.0,1.0,1.0,96.0
4464.0,110.0,41.0,112.0,32.0,0.0,0.0,0.0,1.0,0.0,115.0
2391.0,65.0,22.0,36.0,18.0,0.0,0.0,0.0,1.0,0.0,74.0
4658.0,114.0,38.0,104.0,39.0,0.0,0.0,1.0,1.0,1.0,95.0
6141.0,145.0,52.0,136.0,34.0,0.0,0.0,1.0,1.0,1.0,153.0
3592.0,84.0,33.0,72.0,30.0,0.0,0.0,0.0,1.0,0.0,107.0
2368.0,63.0,21.0,34.0,14.0,0.0,0.0,0.0,1.0,0.0,65.0
2933.0,84.0,29.0,36.0,43.0,0.0,0.0,0.0,1.0,0.0,74.0
3694.0,92.0,32.0,82.0,32.0,0.0,0.0,0.0,1.0,0.0,81.0
4647.0,116.0,51.0,98.0,46.0,0.0,1.0,0.0,0.0,0.0,133.0
5235.0,130.0,46.0,130.0,34.0,0.0,0.0,0.0,1.0,0.0,139.0
3280.0,88.0,32.0,66.0,18.0,0.0,1.0,1.0,1.0,0.0,81.0
4394.0,98.0,36.0,80.0,32.0,1.0,0.0,0.0,1.0,0.0,110.0
3580.0,93.0,35.0,72.0,30.0,0.0,0.0,0.0,1.0,0.0,93.0
3738.0,93.0,39.0,82.0,28.0,0.0,0.0,0.0,1.0,0.0,96.0
5007.0,127.0,38.0,88.0,42.0,0.0,0.0,1.0,1.0,0.0,118.0
3636.0,94.0,31.0,52.0,50.0,0.0,0.0,1.0,1.0,0.0,92.0
3489.0,97.0,43.0,72.0,47.0,0.0,1.0,1.0,1.0,0.0,105.0
4790.0,114.0,40.0,106.0,36.0,0.0,0.0,1.0,1.0,1.0,92.0
3603.0,93.0,29.0,70.0,33.0,0.0,0.0,0.0,1.0,0.0,104.0
4046.0,102.0,38.0,98.0,35.0,0.0,0.0,0.0,1.0,0.0,108.0
2438.0,67.0,25.0,44.0,31.0,0.0,0.0,0.0,1.0,0.0,77.0
3570.0,93.0,30.0,68.0,21.0,0.0,0.0,1.0,1.0,0.0,85.0
4799.0,113.0,37.0,112.0,40.0,1.0,0.0,0.0,1.0,0.0,90.0
5628.0,137.0,47.0,118.0,49.0,0.0,0.0,1.0,1.0,1.0,125.0
2431.0,65.0,22.0,44.0,18.0,0.0,0.0,0.0,1.0,0.0,72.0
3795.0,97.0,36.0,76.0,41.0,0.0,1.0,1.0,1.0,0.0,106.0
5218.0,121.0,47.0,124.0,53.0,0.0,0.0,0.0,1.0,1.0,134.0
4420.0,110.0,43.0,114.0,30.0,0.0,0.0,0.0,1.0,0.0,120.0
3841.0,99.0,38.0,82.0,33.0,0.0,0.0,1.0,1.0,0.0,93.0
5664.0,133.0,43.0,124.0,32.0,0.0,0.0,1.0,1.0,1.0,139.0
4192.0,99.0,37.0,76.0,51.0,1.0,0.0,0.0,1.0,0.0,119.0
2736.0,71.0,24.0,40.0,20.0,1.0,0.0,0.0,1.0,0.0,69.0
5434.0,133.0,45.0,128.0,41.0,0.0,0.0,0.0,1.0,1.0,122.0
4209.0,102.0,44.0,104.0,40.0,0.0,0.0,0.0,1.0,0.0,98.0
5008.0,127.0,44.0,104.0,48.0,0.0,0.0,1.0,1.0,0.0,119.0
3458.0,96.0,36.0,68.0,22.0,0.0,1.0,0.0,1.0,0.0,97.0
4368.0,107.0,37.0,92.0,46.0,0.0,0.0,1.0,1.0,0.0,108.0
3159.0,74.0,22.0,48.0,32.0,1.0,0.0,0.0,1.0,0.0,76.0
5333.0,125.0,44.0,116.0,38.0,0.0,0.0,1.0,1.0,1.0,106.0
4055.0,98.0,36.0,74.0,38.0,0.0,0.0,1.0,1.0,0.0,105.0
2662.0,76.0,24.0,44.0,21.0,0.0,0.0,0.0,1.0,0.0,81.0
4765.0,113.0,43.0,102.0,34.0,0.0,0.0,0.0,1.0,1.0,112.0
2108.0,59.0,19.0,30.0,14.0,0.0,0.0,0.0,1.0,0.0,63.0
3584.0,90.0,27.0,58.0,27.0,0.0,0.0,1.0,1.0,0.0,100.0
3461.0,82.0,30.0,52.0,32.0,1.0,0.0,0.0,1.0,0.0,87.0
4177.0,105.0,32.0,68.0,44.0,1.0,0.0,0.0,1.0,0.0,111.0
9335.0,206.0,78.0,236.0,86.0,0.0,0.0,1.0,1.0,1.0,173.0
3705.0,86.0,29.0,62.0,38.0,0.0,0.0,1.0,1.0,0.0,105.0
3018.0,80.0,27.0,48.0,27.0,1.0,0.0,0.0,1.0,0.0,79.0
3909.0,100.0,43.0,76.0,50.0,1.0,0.0,0.0,1.0,0.0,85.0
2749.0,75.0,31.0,52.0,22.0,0.0,0.0,0.0,1.0,0.0,88.0
3062.0,75.0,23.0,42.0,30.0,1.0,0.0,0.0,1.0,0.0,76.0
6050.0,132.0,52.0,142.0,52.0,0.0,0.0,1.0,1.0,1.0,127.0
4633.0,109.0,42.0,102.0,36.0,0.0,0.0,0.0,1.0,1.0,112.0
3484.0,97.0,33.0,68.0,32.0,0.0,0.0,1.0,1.0,0.0,93.0
4348.0,111.0,45.0,110.0,38.0,0.0,0.0,0.0,1.0,0.0,121.0
3230.0,73.0,30.0,62.0,28.0,0.0,0.0,0.0,1.0,0.0,101.0
2281.0,60.0,18.0,34.0,20.0,0.0,0.0,0.0,1.0,0.0,68.0
5189.0,120.0,40.0,100.0,34.0,0.0,0.0,0.0,1.0,0.0,111.0
3228.0,78.0,28.0,54.0,32.0,0.0,0.0,0.0,1.0,0.0,88.0
2606.0,69.0,22.0,36.0,20.0,0.0,0.0,0.0,1.0,0.0,70.0
5436.0,122.0,48.0,128.0,52.0,0.0,0.0,1.0,1.0,1.0,124.0
2616.0,69.0,22.0,44.0,23.0,0.0,0.0,1.0,1.0,0.0,68.0
2504.0,69.0,22.0,34.0,16.0,0.0,0.0,0.0,1.0,0.0,74.0
2948.0,80.0,31.0,48.0,22.0,0.0,0.0,0.0,1.0,0.0,105.0
5082.0,118.0,42.0,116.0,43.0,0.0,0.0,1.0,1.0,1.0,98.0
5935.0,143.0,50.0,138.0,49.0,0.0,0.0,0.0,1.0,1.0,150.0
3375.0,90.0,38.0,76.0,22.0,0.0,1.0,1.0,1.0,0.0,92.0
4392.0,120.0,48.0,78.0,53.0,0.0,1.0,0.0,1.0,0.0,125.0
5525.0,127.0,53.0,134.0,46.0,0.0,0.0,0.0,1.0,0.0,150.0
3414.0,92.0,37.0,66.0,39.0,0.0,1.0,0.0,1.0,0.0,95.0
3301.0,84.0,27.0,58.0,31.0,1.0,0.0,0.0,1.0,0.0,76.0
2859.0,82.0,32.0,58.0,28.0,0.0,1.0,0.0,0.0,0.0,84.0
3073.0,83.0,27.0,58.0,27.0,0.0,0.0,1.0,1.0,0.0,76.0
2254.0,61.0,20.0,28.0,16.0,0.0,0.0,0.0,1.0,0.0,62.0
5759.0,128.0,49.0,130.0,48.0,0.0,0.0,1.0,1.0,1.0,126.0
2967.0,81.0,25.0,52.0,23.0,0.0,0.0,1.0,1.0,0.0,75.0
3832.0,110.0,48.0,56.0,57.0,0.0,1.0,0.0,1.0,0.0,101.0
4453.0,104.0,40.0,102.0,34.0,0.0,0.0,0.0,1.0,1.0,106.0
3712.0,102.0,34.0,70.0,30.0,0.0,0.0,1.0,1.0,0.0,104.0
7650.0,159.0,60.0,214.0,51.0,0.0,0.0,1.0,1.0,1.0,139.0
5436.0,127.0,43.0,124.0,39.0,0.0,0.0,1.0,1.0,1.0,116.0
7184.0,156.0,59.0,206.0,46.0,0.0,0.0,1.0,1.0,1.0,155.0
3766.0,89.0,35.0,80.0,39.0,1.0,0.0,0.0,1.0,0.0,89.0
4607.0,103.0,36.0,90.0,32.0,0.0,0.0,0.0,1.0,0.0,102.0
6275.0,147.0,50.0,144.0,38.0,0.0,0.0,1.0,1.0,1.0,156.0
3942.0,93.0,33.0,76.0,30.0,0.0,0.0,1.0,1.0,0.0,99.0
7570.0,166.0,60.0,220.0,44.0,0.0,0.0,1.0,1.0,1.0,158.0
2568.0,66.0,24.0,36.0,22.0,1.0,0.0,0.0,1.0,0.0,72.0
3913.0,114.0,49.0,64.0,58.0,0.0,1.0,1.0,1.0,0.0,101.0
3599.0,82.0,32.0,70.0,30.0,0.0,0.0,0.0,1.0,0.0,103.0
4464.0,116.0,42.0,68.0,58.0,1.0,0.0,0.0,1.0,0.0,111.0
2853.0,73.0,23.0,48.0,24.0,0.0,0.0,0.0,1.0,0.0,83.0
2160.0,58.0,18.0,32.0,16.0,0.0,0.0,0.0,1.0,0.0,63.0
5194.0,125.0,52.0,144.0,40.0,0.0,0.0,0.0,1.0,0.0,122.0
4821.0,115.0,42.0,112.0,32.0,0.0,0.0,0.0,1.0,1.0,115.0
5453.0,123.0,40.0,122.0,37.0,0.0,0.0,1.0,1.0,1.0,131.0
2519.0,70.0,25.0,32.0,20.0,0.0,0.0,0.0,1.0,0.0,79.0
5213.0,127.0,46.0,118.0,41.0,0.0,0.0,0.0,1.0,1.0,125.0
5054.0,125.0,51.0,134.0,40.0,0.0,0.0,0.0,1.0,0.0,120.0
2286.0,59.0,19.0,30.0,20.0,0.0,0.0,0.0,1.0,0.0,66.0
6164.0,150.0,52.0,128.0,57.0,0.0,0.0,1.0,1.0,1.0,141.0
5273.0,132.0,53.0,104.0,57.0,0.0,0.0,0.0,1.0,1.0,121.0
3979.0,100.0,39.0,96.0,30.0,0.0,0.0,0.0,1.0,0.0,109.0
4832.0,115.0,42.0,108.0,32.0,0.0,0.0,0.0,1.0,1.0,106.0
2460.0,69.0,24.0,32.0,16.0,0.0,0.0,0.0,1.0,0.0,78.0
6163.0,146.0,53.0,144.0,38.0,0.0,0.0,1.0,1.0,1.0,154.0
2939.0,74.0,27.0,38.0,18.0,1.0,0.0,0.0,1.0,0.0,75.0
5138.0,122.0,52.0,142.0,42.0,0.0,0.0,0.0,1.0,0.0,125.0
3420.0,92.0,39.0,78.0,30.0,0.0,1.0,1.0,1.0,0.0,98.0
3296.0,90.0,38.0,56.0,34.0,0.0,1.0,0.0,1.0,0.0,86.0
2498.0,71.0,24.0,38.0,16.0,0.0,0.0,0.0,1.0,0.0,78.0
3297.0,83.0,28.0,52.0,34.0,1.0,0.0,0.0,1.0,0.0,90.0
2794.0,71.0,24.0,46.0,31.0,0.0,0.0,0.0,1.0,0.0,73.0
2930.0,85.0,31.0,38.0,34.0,0.0,0.0,0.0,1.0,0.0,79.0
4411.0,119.0,43.0,76.0,47.0,0.0,1.0,0.0,1.0,0.0,106.0
8105.0,174.0,68.0,224.0,48.0,0.0,0.0,1.0,1.0,1.0,147.0
5753.0,137.0,53.0,136.0,61.0,0.0,0.0,0.0,1.0,0.0,162.0
3601.0,96.0,35.0,70.0,29.0,0.0,0.0,1.0,1.0,0.0,90.0
2807.0,74.0,22.0,46.0,23.0,0.0,0.0,1.0,1.0,0.0,66.0
4540.0,102.0,38.0,86.0,32.0,1.0,0.0,0.0,1.0,0.0,115.0
3171.0,85.0,35.0,40.0,43.0,1.0,0.0,0.0,1.0,0.0,79.0
5692.0,135.0,55.0,144.0,46.0,0.0,0.0,0.0,1.0,1.0,127.0
3527.0,89.0,35.0,64.0,45.0,0.0,0.0,0.0,1.0,0.0,123.0
2189.0,58.0,19.0,34.0,17.0,0.0,0.0,0.0,1.0,0.0,71.0
5768.0,135.0,45.0,124.0,36.0,0.0,0.0,1.0,1.0,1.0,120.0
5711.0,128.0,53.0,148.0,46.0,0.0,0.0,0.0,1.0,0.0,149.0
3172.0,79.0,27.0,58.0,40.0,1.0,0.0,0.0,1.0,0.0,85.0
4492.0,109.0,36.0,92.0,30.0,0.0,0.0,1.0,1.0,1.0,88.0
3337.0,92.0,39.0,58.0,38.0,0.0,1.0,1.0,1.0,0.0,87.0
3202.0,86.0,31.0,58.0,29.0,0.0,0.0,1.0,1.0,0.0,87.0
4057.0,110.0,49.0,92.0,56.0,0.0,1.0,0.0,0.0,0.0,93.0
3808.0,97.0,43.0,98.0,40.0,0.0,1.0,0.0,1.0,0.0,95.0
3338.0,84.0,28.0,58.0,26.0,1.0,0.0,0.0,1.0,0.0,85.0
5774.0,132.0,53.0,146.0,42.0,0.0,0.0,0.0,1.0,0.0,158.0
4314.0,108.0,39.0,98.0,28.0,0.0,0.0,0.0,1.0,0.0,109.0
4886.0,122.0,44.0,110.0,40.0,0.0,0.0,1.0,1.0,1.0,106.0
5302.0,129.0,47.0,112.0,36.0,0.0,0.0,0.0,1.0,1.0,123.0
4396.0,106.0,37.0,90.0,34.0,0.0,0.0,1.0,1.0,0.0,106.0
3224.0,82.0,26.0,52.0,26.0,1.0,0.0,0.0,1.0,0.0,76.0
6006.0,143.0,52.0,134.0,64.0,0.0,0.0,1.0,1.0,1.0,142.0
4556.0,113.0,39.0,80.0,43.0,1.0,0.0,0.0,1.0,0.0,114.0
5240.0,122.0,41.0,106.0,37.0,0.0,0.0,0.0,1.0,0.0,117.0
3549.0,82.0,30.0,70.0,26.0,0.0,0.0,0.0,1.0,0.0,103.0
2853.0,71.0,27.0,42.0,22.0,1.0,0.0,0.0,1.0,0.0,74.0
5908.0,140.0,50.0,114.0,60.0,0.0,0.0,0.0,1.0,0.0,127.0
4378.0,111.0,40.0,106.0,30.0,0.0,0.0,0.0,1.0,0.0,120.0
4985.0,117.0,44.0,122.0,38.0,0.0,0.0,0.0,1.0,1.0,119.0
4028.0,107.0,43.0,96.0,38.0,0.0,1.0,0.0,0.0,0.0,99.0
3412.0,88.0,28.0,56.0,29.0,0.0,0.0,0.0,1.0,0.0,97.0
3444.0,80.0,31.0,66.0,30.0,0.0,0.0,0.0,1.0,0.0,102.0
5085.0,120.0,38.0,100.0,36.0,0.0,0.0,1.0,1.0,1.0,113.0
2885.0,69.0,24.0,46.0,24.0,1.0,0.0,0.0,1.0,0.0,75.0
3346.0,91.0,33.0,42.0,44.0,1.0,0.0,0.0,1.0,0.0,79.0
5108.0,125.0,51.0,136.0,40.0,0.0,0.0,0.0,1.0,0.0,120.0
5091.0,121.0,43.0,118.0,37.0,0.0,0.0,0.0,1.0,1.0,125.0
4919.0,126.0,51.0,112.0,53.0,0.0,0.0,0.0,1.0,0.0,119.0
4811.0,105.0,36.0,100.0,40.0,1.0,0.0,0.0,1.0,0.0,119.0
4058.0,98.0,40.0,92.0,47.0,0.0,0.0,0.0,1.0,0.0,115.0
2609.0,69.0,25.0,42.0,28.0,0.0,0.0,0.0,1.0,0.0,78.0
2730.0,74.0,26.0,42.0,24.0,0.0,0.0,0.0,1.0,0.0,78.0
7628.0,162.0,58.0,210.0,51.0,0.0,0.0,1.0,1.0,1.0,141.0
6786.0,163.0,56.0,138.0,52.0,0.0,0.0,1.0,1.0,1.0,159.0
5397.0,132.0,46.0,128.0,39.0,0.0,0.0,0.0,1.0,1.0,125.0
4405.0,106.0,33.0,86.0,39.0,1.0,0.0,0.0,1.0,0.0,102.0
3092.0,80.0,27.0,48.0,31.0,0.0,0.0,0.0,1.0,0.0,95.0
4620.0,114.0,41.0,96.0,43.0,0.0,0.0,0.0,1.0,0.0,116.0
8158.0,175.0,67.0,224.0,56.0,0.0,0.0,1.0,1.0,1.0,148.0
4893.0,122.0,45.0,112.0,32.0,0.0,0.0,1.0,1.0,1.0,108.0
6341.0,141.0,57.0,166.0,57.0,0.0,0.0,0.0,1.0,0.0,171.0
2730.0,72.0,22.0,38.0,20.0,0.0,0.0,0.0,1.0,0.0,74.0
3436.0,84.0,27.0,62.0,24.0,1.0,0.0,0.0,1.0,0.0,84.0
2490.0,70.0,23.0,36.0,25.0,0.0,0.0,0.0,1.0,0.0,76.0
2185.0,58.0,19.0,36.0,17.0,0.0,0.0,0.0,1.0,0.0,71.0
2180.0,58.0,19.0,34.0,19.0,0.0,0.0,0.0,1.0,0.0,65.0
4964.0,120.0,40.0,108.0,55.0,0.0,0.0,1.0,1.0,0.0,104.0
5375.0,132.0,52.0,144.0,42.0,0.0,0.0,0.0,1.0,0.0,123.0
2299.0,64.0,20.0,38.0,19.0,0.0,0.0,0.0,1.0,0.0,67.0
5524.0,121.0,44.0,114.0,48.0,0.0,0.0,0.0,1.0,0.0,128.0
3990.0,106.0,34.0,68.0,36.0,0.0,0.0,1.0,1.0,0.0,106.0
3467.0,91.0,35.0,68.0,25.0,0.0,0.0,1.0,1.0,0.0,93.0
3330.0,81.0,27.0,66.0,29.0,1.0,0.0,0.0,1.0,0.0,83.0
4884.0,121.0,52.0,132.0,36.0,0.0,0.0,0.0,1.0,0.0,134.0
3447.0,95.0,30.0,60.0,28.0,0.0,0.0,1.0,1.0,0.0,92.0
5106.0,124.0,47.0,116.0,42.0,0.0,0.0,1.0,1.0,1.0,107.0
4538.0,106.0,42.0,102.0,34.0,0.0,0.0,0.0,1.0,1.0,110.0
4896.0,111.0,38.0,102.0,39.0,0.0,0.0,1.0,1.0,0.0,126.0
6017.0,130.0,49.0,144.0,51.0,0.0,0.0,1.0,1.0,1.0,131.0
5027.0,116.0,46.0,112.0,48.0,0.0,0.0,0.0,1.0,1.0,128.0
3486.0,96.0,37.0,56.0,48.0,0.0,0.0,1.0,1.0,0.0,86.0
3691.0,95.0,28.0,66.0,33.0,0.0,0.0,0.0,1.0,0.0,105.0
3872.0,98.0,33.0,66.0,37.0,0.0,0.0,0.0,1.0,0.0,101.0
3510.0,98.0,37.0,56.0,43.0,0.0,1.0,0.0,1.0,0.0,85.0
5019.0,113.0,46.0,122.0,55.0,0.0,0.0,0.0,1.0,1.0,131.0
5086.0,120.0,44.0,118.0,45.0,0.0,0.0,1.0,1.0,1.0,107.0
4659.0,112.0,44.0,104.0,36.0,0.0,0.0,0.0,1.0,1.0,118.0
3215.0,86.0,29.0,62.0,15.0,0.0,1.0,0.0,1.0,0.0,83.0
5841.0,135.0,53.0,142.0,50.0,0.0,0.0,1.0,1.0,1.0,107.0
4824.0,118.0,42.0,112.0,39.0,0.0,0.0,0.0,1.0,1.0,114.0
4584.0,104.0,37.0,100.0,36.0,0.0,0.0,1.0,1.0,1.0,84.0
3211.0,82.0,26.0,50.0,22.0,1.0,0.0,0.0,1.0,0.0,72.0
5403.0,120.0,40.0,114.0,61.0,0.0,0.0,1.0,1.0,0.0,135.0
3605.0,91.0,27.0,74.0,28.0,1.0,0.0,0.0,1.0,0.0,86.0
3190.0,79.0,26.0,56.0,31.0,1.0,0.0,0.0,1.0,0.0,82.0
4842.0,126.0,50.0,102.0,53.0,0.0,0.0,0.0,1.0,0.0,119.0
5553.0,140.0,54.0,110.0,57.0,0.0,0.0,0.0,1.0,1.0,121.0
2528.0,68.0,22.0,42.0,17.0,0.0,0.0,0.0,1.0,0.0,75.0
4518.0,112.0,42.0,116.0,30.0,0.0,0.0,0.0,1.0,0.0,118.0
7910.0,168.0,64.0,228.0,60.0,0.0,0.0,1.0,1.0,1.0,175.0
4340.0,97.0,37.0,88.0,36.0,0.0,0.0,0.0,1.0,0.0,114.0
3067.0,84.0,33.0,42.0,40.0,1.0,0.0,0.0,1.0,0.0,77.0
5328.0,125.0,44.0,116.0,43.0,0.0,0.0,0.0,1.0,0.0,116.0
1886.0,51.0,17.0,26.0,14.0,0.0,0.0,0.0,1.0,0.0,60.0
3309.0,83.0,26.0,54.0,26.0,1.0,0.0,0.0,1.0,0.0,84.0
5564.0,128.0,46.0,132.0,38.0,0.0,0.0,1.0,1.0,1.0,141.0
5042.0,123.0,44.0,122.0,37.0,0.0,0.0,0.0,1.0,1.0,128.0
4765.0,115.0,40.0,110.0,36.0,0.0,0.0,1.0,1.0,1.0,98.0
2036.0,55.0,19.0,30.0,14.0,0.0,0.0,0.0,1.0,0.0,65.0
3579.0,91.0,36.0,64.0,24.0,1.0,0.0,0.0,1.0,0.0,92.0
5980.0,140.0,47.0,140.0,43.0,0.0,0.0,1.0,1.0,1.0,147.0
2501.0,70.0,24.0,38.0,25.0,0.0,0.0,0.0,1.0,0.0,75.0
2256.0,63.0,21.0,36.0,14.0,0.0,0.0,0.0,1.0,0.0,68.0
4440.0,105.0,39.0,88.0,37.0,0.0,0.0,1.0,1.0,0.0,117.0
4471.0,110.0,38.0,94.0,32.0,0.0,0.0,1.0,1.0,1.0,93.0
2701.0,72.0,25.0,54.0,23.0,0.0,1.0,0.0,1.0,0.0,80.0
3635.0,91.0,38.0,82.0,28.0,0.0,0.0,0.0,1.0,0.0,95.0
3801.0,102.0,38.0,76.0,43.0,0.0,1.0,0.0,1.0,0.0,108.0
3660.0,107.0,42.0,66.0,49.0,0.0,1.0,0.0,0.0,0.0,94.0
2945.0,72.0,21.0,40.0,22.0,0.0,0.0,1.0,1.0,0.0,86.0
2649.0,69.0,27.0,44.0,32.0,0.0,0.0,0.0,1.0,0.0,89.0
2792.0,78.0,30.0,46.0,16.0,0.0,0.0,0.0,1.0,0.0,86.0
7491.0,160.0,62.0,206.0,52.0,0.0,0.0,1.0,1.0,1.0,140.0
3570.0,99.0,37.0,78.0,37.0,0.0,1.0,0.0,0.0,0.0,103.0
3025.0,87.0,39.0,46.0,38.0,0.0,1.0,0.0,1.0,0.0,92.0
2911.0,81.0,29.0,54.0,26.0,0.0,1.0,1.0,1.0,0.0,79.0
4167.0,103.0,37.0,76.0,50.0,0.0,0.0,1.0,1.0,0.0,123.0
4334.0,111.0,45.0,110.0,36.0,0.0,0.0,0.0,1.0,0.0,121.0
4230.0,107.0,33.0,74.0,27.0,0.0,0.0,1.0,1.0,0.0,100.0
3531.0,88.0,31.0,76.0,30.0,0.0,0.0,0.0,1.0,0.0,82.0
2528.0,70.0,25.0,40.0,20.0,0.0,0.0,0.0,1.0,0.0,73.0
3363.0,99.0,45.0,52.0,58.0,0.0,1.0,1.0,1.0,0.0,89.0
4061.0,89.0,32.0,84.0,37.0,0.0,0.0,1.0,1.0,0.0,101.0
8406.0,185.0,66.0,238.0,63.0,0.0,0.0,1.0,1.0,1.0,184.0
3247.0,83.0,29.0,56.0,30.0,0.0,0.0,0.0,1.0,0.0,80.0
5878.0,140.0,47.0,130.0,40.0,0.0,0.0,1.0,1.0,1.0,112.0
3430.0,96.0,37.0,76.0,37.0,0.0,1.0,0.0,0.0,0.0,99.0
3096.0,82.0,29.0,56.0,26.0,0.0,0.0,0.0,1.0,0.0,82.0
5796.0,126.0,46.0,130.0,48.0,0.0,0.0,1.0,1.0,1.0,150.0
3488.0,90.0,28.0,52.0,21.0,1.0,0.0,0.0,1.0,0.0,88.0
2513.0,67.0,29.0,40.0,28.0,0.0,0.0,0.0,1.0,0.0,98.0
3073.0,86.0,34.0,46.0,33.0,0.0,1.0,0.0,1.0,0.0,71.0
4766.0,110.0,44.0,114.0,45.0,0.0,0.0,0.0,1.0,0.0,122.0
2513.0,64.0,19.0,40.0,23.0,0.0,0.0,0.0,1.0,0.0,73.0
5792.0,133.0,50.0,134.0,52.0,0.0,0.0,1.0,1.0,1.0,131.0
3042.0,81.0,27.0,46.0,22.0,1.0,0.0,0.0,1.0,0.0,84.0
6728.0,156.0,54.0,154.0,53.0,0.0,0.0,1.0,1.0,1.0,168.0
3006.0,85.0,29.0,36.0,36.0,0.0,0.0,0.0,1.0,0.0,70.0
7270.0,151.0,57.0,202.0,48.0,0.0,0.0,1.0,1.0,1.0,129.0
4919.0,120.0,43.0,114.0,34.0,0.0,0.0,0.0,1.0,1.0,119.0
3401.0,98.0,43.0,66.0,44.0,0.0,1.0,1.0,1.0,0.0,97.0
6241.0,143.0,53.0,156.0,46.0,0.0,0.0,1.0,1.0,1.0,122.0
6646.0,143.0,57.0,160.0,48.0,0.0,0.0,1.0,1.0,1.0,156.0
3006.0,79.0,27.0,42.0,18.0,1.0,0.0,0.0,1.0,0.0,74.0
3825.0,96.0,33.0,86.0,31.0,0.0,0.0,1.0,1.0,0.0,81.0
2318.0,62.0,20.0,40.0,16.0,0.0,0.0,0.0,1.0,0.0,68.0
3002.0,83.0,31.0,60.0,31.0,0.0,1.0,0.0,0.0,0.0,90.0
5079.0,122.0,44.0,120.0,41.0,0.0,0.0,0.0,1.0,1.0,128.0
5379.0,124.0,42.0,112.0,41.0,0.0,0.0,0.0,1.0,0.0,118.0
2880.0,77.0,27.0,58.0,14.0,0.0,1.0,0.0,1.0,0.0,72.0
4784.0,110.0,41.0,102.0,39.0,0.0,0.0,1.0,1.0,0.0,124.0
4186.0,107.0,39.0,96.0,30.0,0.0,0.0,0.0,1.0,0.0,111.0
4080.0,105.0,33.0,74.0,38.0,0.0,0.0,1.0,1.0,0.0,106.0
2366.0,64.0,23.0,30.0,18.0,0.0,0.0,0.0,1.0,0.0,71.0
4179.0,102.0,38.0,102.0,35.0,0.0,0.0,0.0,1.0,0.0,110.0
2573.0,69.0,19.0,34.0,16.0,0.0,0.0,0.0,1.0,0.0,67.0
5199.0,114.0,43.0,120.0,48.0,0.0,0.0,1.0,1.0,1.0,123.0
4865.0,115.0,42.0,104.0,40.0,0.0,0.0,1.0,1.0,1.0,95.0
6286.0,149.0,53.0,146.0,38.0,0.0,0.0,1.0,1.0,1.0,158.0
5671.0,135.0,44.0,126.0,43.0,0.0,0.0,1.0,1.0,1.0,109.0
3328.0,95.0,37.0,58.0,36.0,0.0,1.0,0.0,0.0,0.0,92.0
3343.0,87.0,25.0,58.0,20.0,0.0,0.0,0.0,1.0,0.0,86.0
4902.0,119.0,47.0,120.0,42.0,0.0,0.0,0.0,1.0,1.0,124.0
2617.0,74.0,28.0,46.0,26.0,0.0,0.0,0.0,1.0,0.0,81.0
2474.0,59.0,24.0,38.0,32.0,0.0,0.0,0.0,1.0,0.0,83.0
2848.0,68.0,28.0,44.0,34.0,1.0,0.0,0.0,1.0,0.0,89.0
2769.0,78.0,29.0,44.0,16.0,0.0,0.0,0.0,1.0,0.0,85.0
3097.0,77.0,30.0,52.0,20.0,1.0,0.0,0.0,1.0,0.0,82.0
3805.0,86.0,38.0,88.0,48.0,0.0,0.0,0.0,1.0,0.0,96.0
2331.0,59.0,18.0,34.0,18.0,0.0,0.0,0.0,1.0,0.0,63.0
5791.0,128.0,56.0,152.0,58.0,0.0,0.0,0.0,1.0,1.0,140.0
3570.0,83.0,34.0,66.0,34.0,0.0,0.0,0.0,1.0,0.0,107.0
4969.0,111.0,39.0,108.0,36.0,0.0,0.0,1.0,1.0,1.0,96.0
3327.0,95.0,37.0,48.0,34.0,0.0,0.0,0.0,1.0,0.0,90.0
3068.0,78.0,29.0,56.0,33.0,1.0,0.0,0.0,1.0,0.0,88.0
4912.0,117.0,44.0,104.0,34.0,0.0,0.0,0.0,1.0,1.0,113.0
8290.0,181.0,65.0,236.0,59.0,0.0,0.0,1.0,1.0,1.0,177.0
3746.0,100.0,36.0,80.0,26.0,0.0,1.0,1.0,1.0,0.0,96.0
3348.0,85.0,25.0,50.0,18.0,1.0,0.0,0.0,1.0,0.0,74.0
3732.0,98.0,36.0,60.0,47.0,1.0,0.0,0.0,1.0,0.0,88.0
3991.0,87.0,34.0,84.0,41.0,0.0,0.0,0.0,1.0,0.0,106.0
2046.0,56.0,19.0,26.0,12.0,0.0,0.0,0.0,1.0,0.0,62.0
5923.0,128.0,52.0,146.0,55.0,0.0,0.0,0.0,1.0,1.0,148.0
3266.0,90.0,35.0,44.0,43.0,0.0,0.0,0.0,1.0,0.0,79.0
7911.0,173.0,63.0,230.0,46.0,0.0,0.0,1.0,1.0,1.0,167.0
3241.0,80.0,32.0,56.0,20.0,1.0,0.0,0.0,1.0,0.0,83.0
4433.0,121.0,47.0,78.0,48.0,0.0,0.0,1.0,1.0,0.0,109.0
4049.0,98.0,31.0,68.0,42.0,1.0,0.0,0.0,1.0,0.0,102.0
4343.0,107.0,44.0,112.0,32.0,0.0,0.0,0.0,1.0,0.0,116.0
5050.0,120.0,42.0,110.0,45.0,0.0,0.0,1.0,1.0,1.0,96.0
3033.0,89.0,34.0,48.0,32.0,0.0,1.0,0.0,0.0,0.0,89.0
5698.0,126.0,54.0,148.0,60.0,0.0,0.0,1.0,1.0,1.0,117.0
4189.0,106.0,37.0,80.0,37.0,0.0,0.0,1.0,1.0,0.0,121.0
2389.0,68.0,23.0,36.0,16.0,0.0,0.0,0.0,1.0,0.0,74.0
4368.0,103.0,36.0,82.0,32.0,0.0,0.0,1.0,1.0,0.0,110.0
3449.0,88.0,32.0,62.0,24.0,0.0,0.0,0.0,1.0,0.0,87.0
3216.0,82.0,31.0,64.0,28.0,0.0,1.0,1.0,1.0,0.0,91.0
4300.0,102.0,41.0,108.0,30.0,0.0,0.0,0.0,1.0,0.0,106.0
7755.0,171.0,65.0,226.0,44.0,0.0,0.0,1.0,1.0,1.0,164.0
2729.0,77.0,29.0,48.0,14.0,0.0,0.0,0.0,1.0,0.0,83.0
3669.0,94.0,32.0,70.0,32.0,1.0,0.0,0.0,1.0,0.0,95.0
2872.0,71.0,27.0,42.0,26.0,1.0,0.0,0.0,1.0,0.0,74.0
8717.0,196.0,79.0,252.0,77.0,0.0,0.0,1.0,1.0,1.0,170.0
2972.0,75.0,30.0,50.0,36.0,0.0,0.0,0.0,1.0,0.0,114.0
3146.0,83.0,27.0,50.0,29.0,0.0,0.0,0.0,1.0,0.0,92.0
2782.0,77.0,28.0,44.0,18.0,0.0,0.0,0.0,1.0,0.0,86.0
8743.0,186.0,69.0,234.0,63.0,0.0,0.0,1.0,1.0,1.0,161.0
2835.0,73.0,22.0,50.0,23.0,0.0,0.0,1.0,1.0,0.0,68.0
2452.0,67.0,24.0,32.0,20.0,0.0,0.0,0.0,1.0,0.0,72.0
3024.0,84.0,31.0,54.0,22.0,0.0,1.0,0.0,1.0,0.0,86.0
3600.0,92.0,30.0,64.0,30.0,0.0,0.0,1.0,1.0,0.0,99.0
4996.0,110.0,47.0,116.0,50.0,1.0,0.0,0.0,1.0,0.0,120.0
6075.0,131.0,53.0,150.0,53.0,0.0,0.0,0.0,1.0,1.0,157.0
4261.0,105.0,40.0,108.0,30.0,0.0,0.0,0.0,1.0,0.0,109.0
4286.0,96.0,35.0,82.0,53.0,1.0,0.0,0.0,1.0,0.0,120.0
4392.0,109.0,41.0,104.0,35.0,0.0,0.0,0.0,1.0,0.0,123.0
7812.0,166.0,62.0,214.0,52.0,0.0,0.0,1.0,1.0,1.0,139.0
2715.0,68.0,21.0,42.0,27.0,1.0,0.0,0.0,1.0,0.0,75.0
5924.0,142.0,51.0,130.0,51.0,0.0,0.0,0.0,1.0,1.0,147.0
2829.0,76.0,21.0,50.0,25.0,0.0,0.0,0.0,1.0,0.0,80.0
2998.0,76.0,28.0,58.0,37.0,0.0,0.0,0.0,1.0,0.0,79.0
2879.0,79.0,34.0,46.0,32.0,0.0,1.0,0.0,1.0,0.0,79.0
5758.0,133.0,46.0,128.0,38.0,0.0,0.0,1.0,1.0,1.0,117.0
4027.0,92.0,34.0,76.0,32.0,0.0,0.0,1.0,1.0,0.0,103.0
3391.0,87.0,30.0,56.0,29.0,1.0,0.0,0.0,1.0,0.0,91.0
5311.0,124.0,43.0,110.0,38.0,0.0,0.0,1.0,1.0,1.0,105.0
4368.0,98.0,38.0,88.0,41.0,1.0,0.0,0.0,1.0,0.0,112.0
3011.0,82.0,28.0,56.0,14.0,0.0,1.0,0.0,1.0,0.0,73.0
2582.0,72.0,24.0,36.0,14.0,0.0,0.0,0.0,1.0,0.0,76.0
3234.0,83.0,26.0,60.0,25.0,0.0,0.0,0.0,1.0,0.0,80.0
2818.0,72.0,27.0,50.0,30.0,0.0,0.0,0.0,1.0,0.0,94.0
3452.0,93.0,35.0,42.0,47.0,1.0,0.0,0.0,1.0,0.0,85.0
8299.0,173.0,68.0,232.0,67.0,0.0,0.0,1.0,1.0,1.0,164.0
5211.0,124.0,43.0,116.0,47.0,0.0,0.0,1.0,1.0,1.0,118.0
4571.0,120.0,45.0,80.0,63.0,0.0,0.0,1.0,1.0,0.0,115.0
4286.0,107.0,36.0,70.0,37.0,1.0,0.0,0.0,1.0,0.0,109.0
5703.0,128.0,50.0,128.0,48.0,0.0,0.0,1.0,1.0,1.0,129.0
3273.0,89.0,33.0,64.0,18.0,0.0,1.0,0.0,1.0,0.0,84.0
3231.0,91.0,31.0,54.0,23.0,0.0,0.0,1.0,1.0,0.0,89.0
3578.0,91.0,39.0,88.0,32.0,0.0,1.0,0.0,1.0,0.0,88.0
4380.0,104.0,32.0,82.0,45.0,1.0,0.0,0.0,1.0,0.0,102.0
4457.0,111.0,37.0,70.0,50.0,1.0,0.0,0.0,1.0,0.0,83.0
6240.0,144.0,61.0,164.0,60.0,0.0,0.0,0.0,1.0,1.0,146.0
2819.0,84.0,33.0,34.0,37.0,0.0,0.0,0.0,1.0,0.0,80.0
3195.0,89.0,32.0,42.0,44.0,0.0,0.0,0.0,1.0,0.0,90.0
2155.0,57.0,20.0,32.0,16.0,0.0,0.0,0.0,1.0,0.0,67.0
3177.0,79.0,24.0,50.0,37.0,1.0,0.0,0.0,1.0,0.0,82.0
2336.0,66.0,23.0,28.0,18.0,0.0,0.0,0.0,1.0,0.0,74.0
4929.0,112.0,45.0,114.0,48.0,0.0,0.0,0.0,1.0,1.0,128.0
2832.0,79.0,31.0,46.0,20.0,0.0,0.0,0.0,1.0,0.0,87.0
8340.0,180.0,64.0,238.0,61.0,0.0,0.0,1.0,1.0,1.0,177.0
7492.0,166.0,62.0,218.0,46.0,0.0,0.0,1.0,1.0,1.0,160.0
3419.0,81.0,31.0,58.0,34.0,1.0,0.0,0.0,1.0,0.0,93.0
2702.0,79.0,29.0,30.0,32.0,0.0,0.0,0.0,1.0,0.0,68.0
7127.0,150.0,57.0,194.0,46.0,0.0,0.0,1.0,1.0,1.0,131.0
4441.0,103.0,39.0,98.0,36.0,0.0,0.0,1.0,1.0,1.0,88.0
4610.0,117.0,34.0,86.0,27.0,0.0,0.0,1.0,1.0,0.0,100.0
6567.0,152.0,49.0,154.0,38.0,0.0,0.0,1.0,1.0,1.0,157.0
3684.0,95.0,34.0,54.0,45.0,1.0,0.0,0.0,1.0,0.0,81.0
4517.0,108.0,49.0,98.0,57.0,0.0,1.0,1.0,1.0,0.0,132.0
2411.0,68.0,24.0,38.0,16.0,0.0,0.0,0.0,1.0,0.0,75.0
4667.0,117.0,45.0,118.0,32.0,0.0,0.0,0.0,1.0,0.0,125.0
3260.0,89.0,31.0,62.0,17.0,0.0,1.0,0.0,1.0,0.0,89.0
3763.0,87.0,30.0,74.0,38.0,1.0,0.0,0.0,1.0,0.0,92.0
5682.0,130.0,46.0,128.0,38.0,0.0,0.0,1.0,1.0,1.0,140.0
6629.0,157.0,57.0,128.0,72.0,0.0,0.0,0.0,1.0,0.0,142.0
3741.0,95.0,37.0,86.0,38.0,0.0,0.0,0.0,1.0,0.0,90.0
3970.0,97.0,36.0,82.0,39.0,1.0,0.0,0.0,1.0,0.0,91.0
4010.0,106.0,36.0,74.0,29.0,0.0,1.0,0.0,1.0,0.0,106.0
2765.0,75.0,31.0,54.0,22.0,0.0,0.0,0.0,1.0,0.0,88.0
5460.0,136.0,50.0,114.0,61.0,0.0,0.0,1.0,1.0,1.0,102.0
4032.0,105.0,45.0,102.0,40.0,0.0,1.0,0.0,1.0,0.0,98.0
3098.0,83.0,27.0,52.0,23.0,0.0,0.0,1.0,1.0,0.0,81.0
7191.0,150.0,56.0,196.0,46.0,0.0,0.0,1.0,1.0,1.0,126.0
3287.0,85.0,29.0,44.0,18.0,1.0,0.0,0.0,1.0,0.0,82.0
4599.0,111.0,37.0,94.0,30.0,0.0,0.0,1.0,1.0,1.0,89.0
2507.0,67.0,22.0,38.0,21.0,0.0,0.0,0.0,1.0,0.0,77.0
5056.0,125.0,48.0,108.0,61.0,0.0,0.0,1.0,1.0,1.0,95.0
2679.0,77.0,29.0,36.0,37.0,0.0,0.0,0.0,1.0,0.0,78.0
5276.0,129.0,46.0,110.0,36.0,0.0,0.0,0.0,1.0,1.0,122.0
5194.0,124.0,41.0,120.0,43.0,0.0,0.0,1.0,1.0,1.0,98.0
3027.0,79.0,22.0,52.0,21.0,0.0,0.0,1.0,1.0,0.0,69.0
2189.0,59.0,21.0,44.0,18.0,0.0,0.0,0.0,1.0,0.0,72.0
3225.0,85.0,33.0,60.0,28.0,1.0,0.0,0.0,1.0,0.0,86.0
4377.0,106.0,40.0,106.0,33.0,0.0,0.0,0.0,1.0,0.0,118.0
3265.0,86.0,28.0,58.0,29.0,0.0,0.0,0.0,1.0,0.0,99.0
2883.0,72.0,27.0,50.0,30.0,0.0,0.0,0.0,1.0,0.0,73.0
4983.0,120.0,45.0,114.0,34.0,0.0,0.0,0.0,1.0,1.0,114.0
5831.0,134.0,58.0,164.0,56.0,0.0,0.0,0.0,1.0,0.0,148.0
3881.0,98.0,37.0,88.0,38.0,0.0,0.0,0.0,1.0,0.0,94.0
7197.0,155.0,57.0,206.0,44.0,0.0,0.0,1.0,1.0,1.0,149.0
5091.0,130.0,56.0,122.0,53.0,0.0,0.0,0.0,1.0,0.0,131.0
5764.0,142.0,52.0,136.0,36.0,0.0,0.0,0.0,1.0,1.0,134.0
2929.0,78.0,26.0,56.0,31.0,0.0,0.0,0.0,1.0,0.0,101.0
3674.0,97.0,38.0,56.0,47.0,1.0,0.0,0.0,1.0,0.0,92.0
4755.0,108.0,44.0,96.0,36.0,1.0,0.0,0.0,1.0,0.0,128.0
4241.0,109.0,34.0,76.0,31.0,0.0,0.0,1.0,1.0,0.0,93.0
5985.0,132.0,52.0,150.0,49.0,0.0,0.0,0.0,1.0,1.0,154.0
3749.0,97.0,29.0,60.0,37.0,0.0,0.0,0.0,1.0,0.0,104.0
6590.0,146.0,64.0,186.0,56.0,0.0,0.0,0.0,1.0,0.0,161.0
3178.0,89.0,31.0,48.0,23.0,0.0,0.0,1.0,1.0,0.0,88.0
3773.0,95.0,33.0,86.0,33.0,0.0,0.0,1.0,1.0,0.0,82.0
4945.0,118.0,45.0,110.0,36.0,0.0,0.0,0.0,1.0,1.0,118.0
2900.0,76.0,28.0,40.0,22.0,1.0,0.0,0.0,1.0,0.0,79.0
3195.0,85.0,25.0,56.0,26.0,0.0,0.0,1.0,1.0,0.0,81.0
3793.0,93.0,33.0,62.0,41.0,1.0,0.0,0.0,1.0,0.0,101.0
7080.0,158.0,60.0,162.0,50.0,0.0,0.0,0.0,1.0,1.0,172.0
2838.0,74.0,24.0,44.0,29.0,1.0,0.0,0.0,1.0,0.0,72.0
4875.0,124.0,45.0,116.0,34.0,0.0,0.0,0.0,1.0,0.0,132.0
5399.0,126.0,45.0,112.0,40.0,0.0,0.0,0.0,1.0,0.0,114.0
2652.0,69.0,22.0,42.0,25.0,0.0,0.0,0.0,1.0,0.0,80.0
3312.0,85.0,29.0,56.0,35.0,0.0,0.0,0.0,1.0,0.0,96.0
2474.0,61.0,25.0,44.0,32.0,0.0,0.0,0.0,1.0,0.0,88.0
3474.0,85.0,26.0,68.0,26.0,1.0,0.0,0.0,1.0,0.0,74.0
2452.0,66.0,23.0,36.0,22.0,0.0,0.0,0.0,1.0,0.0,89.0
6179.0,135.0,53.0,146.0,50.0,0.0,0.0,0.0,1.0,1.0,153.0
3857.0,93.0,32.0,92.0,33.0,0.0,0.0,1.0,1.0,0.0,77.0
4412.0,112.0,44.0,100.0,32.0,0.0,0.0,0.0,1.0,0.0,120.0
4369.0,108.0,42.0,94.0,32.0,1.0,0.0,0.0,1.0,0.0,103.0
4763.0,122.0,48.0,116.0,34.0,0.0,0.0,0.0,1.0,0.0,130.0
4493.0,116.0,47.0,94.0,48.0,0.0,0.0,0.0,1.0,0.0,109.0
4664.0,103.0,43.0,92.0,36.0,1.0,0.0,0.0,1.0,0.0,121.0
4896.0,114.0,41.0,108.0,41.0,0.0,0.0,1.0,1.0,1.0,101.0
5447.0,133.0,49.0,104.0,52.0,0.0,0.0,0.0,1.0,0.0,112.0
4916.0,116.0,41.0,108.0,36.0,0.0,0.0,1.0,1.0,1.0,92.0
4748.0,113.0,45.0,114.0,40.0,0.0,0.0,0.0,1.0,1.0,119.0
5461.0,120.0,45.0,116.0,50.0,0.0,0.0,0.0,1.0,0.0,126.0
3852.0,94.0,32.0,76.0,37.0,0.0,0.0,1.0,1.0,0.0,104.0
4865.0,116.0,42.0,110.0,36.0,0.0,0.0,0.0,1.0,1.0,115.0
5479.0,125.0,47.0,120.0,52.0,0.0,0.0,1.0,1.0,1.0,111.0
3238.0,85.0,29.0,54.0,37.0,0.0,0.0,0.0,1.0,0.0,96.0
3674.0,90.0,31.0,68.0,32.0,1.0,0.0,0.0,1.0,0.0,91.0
3581.0,93.0,35.0,72.0,30.0,0.0,0.0,0.0,1.0,0.0,93.0
5066.0,123.0,49.0,114.0,40.0,0.0,0.0,0.0,1.0,1.0,124.0
3257.0,91.0,31.0,56.0,23.0,0.0,0.0,1.0,1.0,0.0,89.0
2376.0,58.0,24.0,38.0,34.0,0.0,0.0,0.0,1.0,0.0,85.0
3455.0,87.0,28.0,68.0,31.0,1.0,0.0,0.0,1.0,0.0,79.0
3824.0,95.0,35.0,70.0,41.0,1.0,0.0,0.0,1.0,0.0,107.0
4969.0,120.0,40.0,110.0,57.0,0.0,0.0,1.0,1.0,0.0,110.0
4235.0,106.0,33.0,76.0,28.0,0.0,0.0,1.0,1.0,0.0,116.0
2491.0,70.0,23.0,42.0,14.0,0.0,0.0,0.0,1.0,0.0,76.0
5743.0,137.0,49.0,132.0,49.0,0.0,0.0,0.0,1.0,1.0,139.0
6284.0,154.0,54.0,136.0,51.0,0.0,0.0,0.0,1.0,1.0,150.0
4656.0,115.0,43.0,122.0,37.0,0.0,0.0,0.0,1.0,0.0,116.0
6795.0,147.0,59.0,162.0,65.0,0.0,0.0,0.0,1.0,1.0,173.0
2520.0,70.0,25.0,32.0,20.0,0.0,0.0,0.0,1.0,0.0,79.0
4523.0,104.0,39.0,90.0,45.0,0.0,0.0,0.0,1.0,0.0,131.0
4761.0,109.0,42.0,118.0,38.0,0.0,0.0,0.0,1.0,1.0,116.0
3041.0,71.0,29.0,58.0,40.0,0.0,0.0,0.0,1.0,0.0,90.0
4857.0,117.0,44.0,106.0,36.0,0.0,0.0,0.0,1.0,1.0,115.0
4854.0,117.0,47.0,106.0,38.0,0.0,0.0,1.0,1.0,0.0,127.0
2875.0,70.0,23.0,40.0,27.0,1.0,0.0,0.0,1.0,0.0,74.0
5836.0,140.0,59.0,140.0,66.0,0.0,0.0,1.0,1.0,1.0,104.0
3640.0,89.0,27.0,64.0,28.0,1.0,0.0,0.0,1.0,0.0,75.0
7509.0,164.0,60.0,214.0,44.0,0.0,0.0,1.0,1.0,1.0,157.0
4118.0,113.0,42.0,72.0,47.0,0.0,1.0,0.0,1.0,0.0,118.0
3209.0,89.0,33.0,70.0,33.0,0.0,1.0,0.0,1.0,0.0,87.0
3785.0,96.0,35.0,76.0,26.0,1.0,0.0,0.0,1.0,0.0,91.0
3976.0,99.0,32.0,62.0,31.0,1.0,0.0,0.0,1.0,0.0,96.0
5388.0,129.0,39.0,114.0,39.0,0.0,0.0,1.0,1.0,1.0,127.0
3348.0,95.0,37.0,48.0,37.0,0.0,0.0,0.0,1.0,0.0,92.0
3853.0,96.0,36.0,72.0,41.0,1.0,0.0,0.0,1.0,0.0,107.0
3079.0,72.0,24.0,58.0,24.0,1.0,0.0,0.0,1.0,0.0,69.0
3277.0,76.0,31.0,62.0,39.0,1.0,0.0,0.0,1.0,0.0,99.0
4618.0,114.0,38.0,92.0,32.0,0.0,0.0,1.0,1.0,1.0,94.0
3192.0,81.0,24.0,58.0,21.0,0.0,0.0,1.0,1.0,0.0,79.0
3045.0,85.0,32.0,62.0,26.0,0.0,1.0,0.0,0.0,0.0,82.0
4767.0,113.0,42.0,102.0,34.0,0.0,0.0,0.0,1.0,1.0,109.0
7340.0,158.0,58.0,214.0,46.0,0.0,0.0,1.0,1.0,1.0,152.0
3183.0,90.0,33.0,54.0,32.0,0.0,1.0,0.0,0.0,0.0,82.0
3141.0,85.0,32.0,58.0,22.0,1.0,0.0,0.0,1.0,0.0,84.0
4247.0,105.0,43.0,94.0,38.0,1.0,0.0,0.0,1.0,0.0,94.0
4871.0,117.0,46.0,120.0,45.0,0.0,0.0,0.0,1.0,1.0,121.0
3195.0,89.0,33.0,70.0,31.0,0.0,1.0,0.0,1.0,0.0,87.0
2909.0,81.0,31.0,50.0,14.0,0.0,1.0,0.0,1.0,0.0,78.0
3060.0,80.0,28.0,46.0,22.0,1.0,0.0,0.0,1.0,0.0,80.0
4095.0,112.0,40.0,70.0,45.0,0.0,0.0,1.0,1.0,0.0,85.0
3212.0,80.0,26.0,56.0,37.0,0.0,0.0,0.0,1.0,0.0,100.0
4199.0,102.0,37.0,88.0,34.0,0.0,0.0,1.0,1.0,1.0,90.0
3163.0,86.0,35.0,62.0,24.0,0.0,1.0,0.0,1.0,0.0,92.0
2749.0,72.0,27.0,50.0,14.0,0.0,1.0,1.0,1.0,0.0,69.0
2380.0,66.0,21.0,38.0,14.0,0.0,0.0,0.0,1.0,0.0,72.0
3327.0,91.0,32.0,70.0,25.0,0.0,1.0,0.0,1.0,0.0,86.0
4940.0,120.0,45.0,110.0,36.0,0.0,0.0,0.0,1.0,1.0,118.0
3731.0,94.0,27.0,66.0,27.0,0.0,0.0,1.0,1.0,0.0,79.0
3774.0,95.0,31.0,76.0,32.0,1.0,0.0,0.0,1.0,0.0,95.0
3318.0,85.0,32.0,68.0,28.0,0.0,0.0,0.0,1.0,0.0,82.0
5038.0,121.0,52.0,134.0,42.0,0.0,0.0,0.0,1.0,0.0,124.0
4076.0,105.0,40.0,92.0,37.0,0.0,0.0,0.0,1.0,0.0,109.0
2569.0,70.0,28.0,42.0,16.0,0.0,0.0,0.0,1.0,0.0,83.0
4049.0,107.0,37.0,76.0,39.0,0.0,1.0,0.0,1.0,0.0,112.0
3008.0,81.0,31.0,64.0,20.0,0.0,1.0,1.0,1.0,0.0,78.0
2774.0,78.0,29.0,44.0,16.0,0.0,0.0,0.0,1.0,0.0,85.0
2522.0,62.0,21.0,38.0,20.0,0.0,0.0,0.0,1.0,0.0,65.0
3375.0,87.0,29.0,66.0,33.0,0.0,0.0,0.0,1.0,0.0,100.0
5243.0,134.0,52.0,122.0,53.0,0.0,0.0,0.0,1.0,0.0,131.0
2392.0,65.0,21.0,32.0,20.0,0.0,0.0,0.0,1.0,0.0,71.0
4358.0,108.0,36.0,70.0,37.0,1.0,0.0,0.0,1.0,0.0,109.0
3655.0,98.0,37.0,52.0,47.0,1.0,0.0,0.0,1.0,0.0,87.0
5351.0,124.0,45.0,114.0,42.0,0.0,0.0,0.0,1.0,0.0,116.0
2409.0,66.0,23.0,30.0,18.0,0.0,0.0,0.0,1.0,0.0,69.0
8160.0,173.0,69.0,232.0,58.0,0.0,0.0,1.0,1.0,1.0,146.0
2881.0,75.0,29.0,52.0,26.0,1.0,0.0,0.0,1.0,0.0,82.0
5439.0,124.0,40.0,112.0,36.0,0.0,0.0,0.0,1.0,0.0,111.0
5904.0,126.0,52.0,142.0,50.0,0.0,0.0,0.0,1.0,1.0,147.0
2365.0,65.0,21.0,34.0,18.0,0.0,0.0,0.0,1.0,0.0,71.0
2002.0,52.0,17.0,26.0,12.0,0.0,0.0,0.0,1.0,0.0,58.0
4949.0,117.0,50.0,136.0,42.0,0.0,0.0,0.0,1.0,0.0,118.0
5649.0,132.0,42.0,126.0,32.0,0.0,0.0,1.0,1.0,1.0,141.0
2281.0,62.0,21.0,30.0,18.0,0.0,0.0,0.0,1.0,0.0,67.0
2325.0,66.0,23.0,30.0,16.0,0.0,0.0,0.0,1.0,0.0,73.0
8332.0,174.0,67.0,232.0,69.0,0.0,0.0,1.0,1.0,1.0,161.0
4041.0,103.0,37.0,78.0,41.0,0.0,0.0,0.0,1.0,0.0,107.0
4276.0,105.0,28.0,80.0,48.0,0.0,0.0,1.0,1.0,0.0,94.0
4722.0,116.0,49.0,122.0,32.0,0.0,0.0,0.0,1.0,0.0,129.0
5891.0,141.0,51.0,136.0,49.0,0.0,0.0,0.0,1.0,1.0,144.0
3251.0,90.0,35.0,40.0,43.0,1.0,0.0,0.0,1.0,0.0,81.0
2441.0,69.0,23.0,38.0,21.0,0.0,0.0,0.0,1.0,0.0,74.0
5232.0,127.0,48.0,122.0,40.0,0.0,0.0,1.0,1.0,1.0,110.0
5627.0,132.0,51.0,142.0,46.0,0.0,0.0,1.0,1.0,1.0,104.0
7365.0,159.0,58.0,222.0,47.0,0.0,0.0,1.0,1.0,1.0,163.0
4065.0,103.0,37.0,74.0,45.0,1.0,0.0,0.0,1.0,0.0,109.0
3487.0,83.0,36.0,64.0,38.0,1.0,0.0,0.0,1.0,0.0,102.0
5148.0,124.0,44.0,116.0,41.0,0.0,0.0,1.0,1.0,1.0,109.0
3856.0,114.0,48.0,74.0,46.0,0.0,1.0,0.0,0.0,0.0,99.0
5733.0,143.0,54.0,112.0,57.0,0.0,0.0,0.0,1.0,1.0,125.0
4975.0,122.0,45.0,92.0,53.0,0.0,0.0,1.0,1.0,0.0,121.0
4870.0,113.0,41.0,106.0,42.0,0.0,0.0,1.0,1.0,1.0,92.0
3444.0,85.0,29.0,70.0,40.0,0.0,0.0,1.0,1.0,0.0,97.0
3089.0,76.0,25.0,50.0,32.0,1.0,0.0,0.0,1.0,0.0,87.0
3432.0,92.0,35.0,44.0,41.0,1.0,0.0,0.0,1.0,0.0,76.0
2467.0,67.0,25.0,44.0,31.0,0.0,0.0,0.0,1.0,0.0,79.0
2368.0,65.0,22.0,44.0,17.0,0.0,0.0,0.0,1.0,0.0,82.0
7424.0,166.0,63.0,174.0,65.0,0.0,0.0,0.0,1.0,1.0,183.0
2493.0,67.0,27.0,42.0,22.0,0.0,0.0,0.0,1.0,0.0,80.0
3292.0,89.0,36.0,60.0,49.0,0.0,1.0,0.0,0.0,0.0,102.0
3553.0,99.0,34.0,66.0,29.0,0.0,0.0,1.0,1.0,0.0,98.0
4871.0,114.0,41.0,110.0,38.0,0.0,0.0,1.0,1.0,1.0,93.0
3440.0,89.0,32.0,58.0,35.0,0.0,0.0,1.0,1.0,0.0,98.0
4676.0,116.0,45.0,110.0,32.0,0.0,0.0,0.0,1.0,0.0,129.0
5275.0,118.0,42.0,104.0,58.0,1.0,0.0,0.0,1.0,0.0,140.0
3127.0,90.0,41.0,58.0,42.0,0.0,1.0,0.0,1.0,0.0,94.0
6339.0,144.0,52.0,140.0,67.0,0.0,0.0,1.0,1.0,1.0,142.0
3575.0,92.0,34.0,76.0,28.0,0.0,0.0,0.0,1.0,0.0,91.0
3642.0,94.0,27.0,70.0,25.0,0.0,0.0,1.0,1.0,0.0,86.0
3122.0,87.0,32.0,64.0,26.0,0.0,1.0,0.0,1.0,0.0,87.0
4020.0,101.0,35.0,66.0,41.0,1.0,0.0,0.0,1.0,0.0,104.0
3164.0,93.0,39.0,50.0,38.0,0.0,1.0,0.0,1.0,0.0,91.0
5121.0,118.0,48.0,120.0,42.0,0.0,0.0,1.0,1.0,0.0,119.0
2859.0,80.0,32.0,58.0,28.0,0.0,1.0,0.0,0.0,0.0,85.0
5498.0,133.0,49.0,120.0,38.0,0.0,0.0,1.0,1.0,1.0,114.0
2317.0,61.0,21.0,46.0,27.0,0.0,0.0,0.0,1.0,0.0,73.0
5692.0,139.0,51.0,124.0,36.0,0.0,0.0,0.0,1.0,1.0,136.0
4922.0,122.0,45.0,112.0,36.0,0.0,0.0,0.0,1.0,1.0,121.0
5163.0,118.0,41.0,102.0,36.0,0.0,0.0,0.0,1.0,0.0,110.0
5847.0,137.0,48.0,126.0,38.0,0.0,0.0,1.0,1.0,1.0,123.0
5426.0,130.0,50.0,126.0,34.0,0.0,0.0,0.0,1.0,1.0,131.0
3822.0,101.0,41.0,56.0,40.0,1.0,0.0,0.0,1.0,0.0,89.0
2083.0,56.0,20.0,34.0,16.0,0.0,0.0,0.0,1.0,0.0,66.0
6353.0,138.0,62.0,180.0,56.0,0.0,0.0,0.0,1.0,0.0,158.0
4516.0,99.0,40.0,92.0,43.0,1.0,0.0,0.0,1.0,0.0,124.0
4301.0,106.0,44.0,100.0,42.0,0.0,1.0,0.0,0.0,0.0,120.0
3412.0,86.0,26.0,62.0,25.0,0.0,0.0,0.0,1.0,0.0,84.0
5380.0,131.0,50.0,122.0,38.0,0.0,0.0,1.0,1.0,1.0,114.0
5671.0,142.0,52.0,116.0,66.0,0.0,0.0,1.0,1.0,1.0,102.0
5505.0,126.0,51.0,136.0,42.0,0.0,0.0,0.0,1.0,0.0,144.0
2747.0,77.0,28.0,58.0,31.0,0.0,1.0,0.0,0.0,0.0,78.0
2938.0,70.0,25.0,54.0,39.0,0.0,0.0,0.0,1.0,0.0,95.0
2571.0,75.0,28.0,34.0,39.0,0.0,0.0,0.0,1.0,0.0,71.0
5674.0,140.0,49.0,126.0,34.0,0.0,0.0,0.0,1.0,1.0,133.0
5231.0,119.0,41.0,122.0,36.0,0.0,0.0,1.0,1.0,1.0,129.0
5202.0,126.0,46.0,114.0,34.0,0.0,0.0,0.0,1.0,1.0,113.0
2647.0,69.0,22.0,42.0,25.0,0.0,0.0,0.0,1.0,0.0,80.0
4367.0,109.0,39.0,108.0,37.0,0.0,0.0,0.0,1.0,0.0,111.0
5036.0,121.0,46.0,116.0,44.0,0.0,0.0,1.0,1.0,1.0,100.0
2888.0,75.0,28.0,54.0,14.0,0.0,1.0,1.0,1.0,0.0,71.0
4624.0,115.0,39.0,76.0,53.0,1.0,0.0,0.0,1.0,0.0,90.0
3500.0,99.0,42.0,66.0,40.0,0.0,1.0,0.0,1.0,0.0,100.0
2841.0,73.0,29.0,50.0,26.0,1.0,0.0,0.0,1.0,0.0,78.0
5302.0,122.0,40.0,106.0,34.0,0.0,0.0,0.0,1.0,0.0,111.0
2779.0,68.0,23.0,48.0,29.0,0.0,0.0,0.0,1.0,0.0,68.0
3573.0,91.0,34.0,74.0,32.0,0.0,0.0,0.0,1.0,0.0,90.0
2631.0,68.0,25.0,40.0,32.0,0.0,0.0,0.0,1.0,0.0,88.0
5567.0,128.0,42.0,122.0,39.0,0.0,0.0,1.0,1.0,1.0,137.0
3537.0,92.0,33.0,60.0,29.0,1.0,0.0,0.0,1.0,0.0,95.0
4944.0,119.0,41.0,112.0,39.0,0.0,0.0,1.0,1.0,1.0,102.0
4437.0,98.0,36.0,96.0,40.0,1.0,0.0,0.0,1.0,0.0,107.0
2100.0,57.0,19.0,24.0,14.0,0.0,0.0,0.0,1.0,0.0,64.0
3731.0,90.0,32.0,64.0,37.0,1.0,0.0,0.0,1.0,0.0,104.0
2533.0,69.0,23.0,32.0,18.0,0.0,0.0,0.0,1.0,0.0,73.0
7304.0,155.0,58.0,194.0,48.0,0.0,0.0,1.0,1.0,1.0,134.0
2788.0,74.0,27.0,50.0,24.0,0.0,1.0,1.0,1.0,0.0,74.0
5911.0,140.0,56.0,152.0,44.0,0.0,0.0,0.0,1.0,1.0,125.0
3001.0,75.0,29.0,50.0,24.0,1.0,0.0,0.0,1.0,0.0,76.0
2373.0,65.0,23.0,42.0,18.0,0.0,0.0,0.0,1.0,0.0,75.0
4993.0,120.0,43.0,118.0,43.0,0.0,0.0,0.0,1.0,1.0,121.0
2358.0,65.0,22.0,34.0,16.0,0.0,0.0,0.0,1.0,0.0,72.0
4272.0,104.0,37.0,98.0,32.0,0.0,0.0,1.0,1.0,1.0,94.0
5205.0,125.0,44.0,108.0,40.0,0.0,0.0,1.0,1.0,1.0,96.0
3375.0,82.0,27.0,56.0,24.0,1.0,0.0,0.0,1.0,0.0,83.0
2911.0,73.0,28.0,52.0,37.0,0.0,0.0,0.0,1.0,0.0,99.0
